[14640:1172:0203/171901.061:WARNING:chrome_main_delegate.cc(745)] This is Chrome version 128.0.6613.138 (not a warning)
[14640:14388:0203/171901.131:ERROR:google_update_settings.cc(265)] Failed opening key Software\Chromium to set usagestats; result: 5
[14640:1172:0203/171901.246:WARNING:account_consistency_mode_manager.cc(77)] Desktop Identity Consistency cannot be enabled as no OAuth client ID and client secret have been configured.
[14640:1172:0203/171919.840:WARNING:external_registry_loader_win.cc(232)] Error observing HKLM: 5
[14640:976:0203/171919.864:WARNING:leveldb_database.cc(141)] Unable to open C:\Users\1900 Studios\Documents\GitHub\CUUnrealEngine\CUUnrealEngine\Saved\webcache_6613\Default\shared_proto_db\metadata: IO error: C:\Users\1900 Studios\Documents\GitHub\CUUnrealEngine\CUUnrealEngine\Saved\webcache_6613\Default\shared_proto_db\metadata/MANIFEST-000001: Unable to create sequential file (ChromeMethodBFE: 7::NewSequentialFile::1)
[14640:976:0203/171919.868:WARNING:leveldb_database.cc(141)] Unable to open C:\Users\1900 Studios\Documents\GitHub\CUUnrealEngine\CUUnrealEngine\Saved\webcache_6613\Default\shared_proto_db\metadata: IO error: C:\Users\1900 Studios\Documents\GitHub\CUUnrealEngine\CUUnrealEngine\Saved\webcache_6613\Default\shared_proto_db\metadata/MANIFEST-000001: Unable to create sequential file (ChromeMethodBFE: 7::NewSequentialFile::1)
[14640:976:0203/171919.871:WARNING:leveldb_database.cc(141)] Unable to open C:\Users\1900 Studios\Documents\GitHub\CUUnrealEngine\CUUnrealEngine\Saved\webcache_6613\Default\shared_proto_db\metadata: IO error: C:\Users\1900 Studios\Documents\GitHub\CUUnrealEngine\CUUnrealEngine\Saved\webcache_6613\Default\shared_proto_db\metadata/MANIFEST-000001: Unable to create sequential file (ChromeMethodBFE: 7::NewSequentialFile::1)
[14640:976:0203/171919.874:WARNING:leveldb_database.cc(141)] Unable to open C:\Users\1900 Studios\Documents\GitHub\CUUnrealEngine\CUUnrealEngine\Saved\webcache_6613\Default\shared_proto_db\metadata: IO error: C:\Users\1900 Studios\Documents\GitHub\CUUnrealEngine\CUUnrealEngine\Saved\webcache_6613\Default\shared_proto_db\metadata/MANIFEST-000001: Unable to create sequential file (ChromeMethodBFE: 7::NewSequentialFile::1)
[14640:4816:0203/171920.884:WARNING:value_store_frontend.cc(47)] Reading ahfgeienlihckogmohjhadlkjgocpleb.alarms from  failed: IO error: .../MANIFEST-000001: Unable to create sequential file (ChromeMethodBFE: 7::NewSequentialFile::1)
[14640:4816:0203/171920.887:WARNING:value_store_frontend.cc(47)] Reading mhjfbmdgcfjbbpaeojofohoefgiehjai.alarms from  failed: IO error: .../MANIFEST-000001: Unable to create sequential file (ChromeMethodBFE: 7::NewSequentialFile::1)
[14640:9168:0203/171926.445:WARNING:leveldb_database.cc(141)] Unable to open C:\Users\1900 Studios\Documents\GitHub\CUUnrealEngine\CUUnrealEngine\Saved\webcache_6613\Default\GCM Store\Encryption: IO error: C:\Users\1900 Studios\Documents\GitHub\CUUnrealEngine\CUUnrealEngine\Saved\webcache_6613\Default\GCM Store\Encryption/MANIFEST-000001: Unable to create sequential file (ChromeMethodBFE: 7::NewSequentialFile::1)
[14640:6500:0203/175932.359:VERBOSE1:media_stream_manager.cc(1533)] MSPL::OnSpeedLimitChange({this=00005BC4001DAD40}, {new_limit=39})
[14640:6500:0203/175942.200:VERBOSE1:media_stream_manager.cc(1533)] MSPL::OnSpeedLimitChange({this=00005BC4001DAD40}, {new_limit=34})
[14640:6500:0203/180007.286:VERBOSE1:media_stream_manager.cc(1533)] MSPL::OnSpeedLimitChange({this=00005BC4001DAD40}, {new_limit=38})
[14640:6500:0203/180012.321:VERBOSE1:media_stream_manager.cc(1533)] MSPL::OnSpeedLimitChange({this=00005BC4001DAD40}, {new_limit=100})
[14640:6500:0203/180032.231:VERBOSE1:media_stream_manager.cc(1533)] MSPL::OnSpeedLimitChange({this=00005BC4001DAD40}, {new_limit=34})
[14640:6500:0203/180057.258:VERBOSE1:media_stream_manager.cc(1533)] MSPL::OnSpeedLimitChange({this=00005BC4001DAD40}, {new_limit=37})
[14640:6500:0203/180107.264:VERBOSE1:media_stream_manager.cc(1533)] MSPL::OnSpeedLimitChange({this=00005BC4001DAD40}, {new_limit=38})
[14640:6500:0203/180117.276:VERBOSE1:media_stream_manager.cc(1533)] MSPL::OnSpeedLimitChange({this=00005BC4001DAD40}, {new_limit=34})
[14640:6500:0203/180206.305:VERBOSE1:media_stream_manager.cc(1533)] MSPL::OnSpeedLimitChange({this=00005BC4001DAD40}, {new_limit=100})
[14640:6500:0203/180216.323:VERBOSE1:media_stream_manager.cc(1533)] MSPL::OnSpeedLimitChange({this=00005BC4001DAD40}, {new_limit=34})
[14640:6500:0203/180415.461:VERBOSE1:media_stream_manager.cc(1533)] MSPL::OnSpeedLimitChange({this=00005BC4001DAD40}, {new_limit=36})
[14640:6500:0203/180417.411:VERBOSE1:media_stream_manager.cc(1533)] MSPL::OnSpeedLimitChange({this=00005BC4001DAD40}, {new_limit=37})
[14640:6500:0203/180425.410:VERBOSE1:media_stream_manager.cc(1533)] MSPL::OnSpeedLimitChange({this=00005BC4001DAD40}, {new_limit=34})
[14640:6500:0203/181236.858:VERBOSE1:media_stream_manager.cc(1533)] MSPL::OnSpeedLimitChange({this=00005BC4001DAD40}, {new_limit=36})
[14640:6500:0203/181246.828:VERBOSE1:media_stream_manager.cc(1533)] MSPL::OnSpeedLimitChange({this=00005BC4001DAD40}, {new_limit=34})
[14640:6500:0203/181938.406:VERBOSE1:media_stream_manager.cc(1533)] MSPL::OnSpeedLimitChange({this=00005BC4001DAD40}, {new_limit=37})
[14640:6500:0203/181948.257:VERBOSE1:media_stream_manager.cc(1533)] MSPL::OnSpeedLimitChange({this=00005BC4001DAD40}, {new_limit=34})
[14640:6500:0203/181956.594:VERBOSE1:media_stream_manager.cc(1533)] MSPL::OnSpeedLimitChange({this=00005BC4001DAD40}, {new_limit=36})
[14640:6500:0203/182006.259:VERBOSE1:media_stream_manager.cc(1533)] MSPL::OnSpeedLimitChange({this=00005BC4001DAD40}, {new_limit=34})
[2956:5936:0203/182345.894:VERBOSE1:network_delegate.cc(36)] NetworkDelegate::NotifyBeforeURLRequest: https://safebrowsing.googleapis.com/v4/threatListUpdates:fetch?$req=ChoKCGNocm9taXVtEg4xMjguMC42NjEzLjEzOBoMCAUQASIEIAEgAigBGgwIARABIgQgASACKAEaDAgDEAEiBCABIAIoARoMCAcQASIEIAEgAigBGgwIARAIIgQgASACKAQaDAgPEAEiBCABIAIoARoMCAkQASIEIAEgAigBIgIIAQ==&$ct=application/x-protobuf&key=dummytoken
[2956:5936:0203/182345.907:VERBOSE1:tls_handshaker.cc(105)] TlsClient: Continuing handshake
[2956:5936:0203/182345.944:VERBOSE1:tls_handshaker.cc(105)] TlsClient: Continuing handshake
[2956:5936:0203/182345.945:VERBOSE1:tls_handshaker.cc(126)] TlsClient: SSL_do_handshake returned when entering early data. After retry, rv=-1, SSL_in_early_data=1
[2956:5936:0203/182346.148:VERBOSE1:tls_handshaker.cc(105)] TlsClient: Continuing handshake
[2956:5936:0203/182346.167:VERBOSE1:tls_handshaker.cc(105)] TlsClient: Continuing handshake
[2956:5936:0203/182346.167:VERBOSE1:tls_client_handshaker.cc(625)] 0-RTT handshake attempted but was rejected by the server
[2956:5936:0203/182346.167:VERBOSE1:tls_handshaker.cc(105)] TlsClient: Continuing handshake
[2956:5936:0203/182346.167:VERBOSE1:tls_handshaker.cc(105)] TlsClient: Continuing handshake
[2956:5936:0203/182346.168:VERBOSE1:tls_handshaker.cc(105)] TlsClient: Continuing handshake
[2956:5936:0203/182346.169:VERBOSE1:tls_handshaker.cc(105)] TlsClient: Continuing handshake
[2956:5936:0203/182346.201:VERBOSE1:tls_handshaker.cc(105)] TlsClient: Continuing handshake
[2956:5936:0203/182346.201:VERBOSE1:tls_client_handshaker.cc(528)] Client: handshake finished
[14640:6500:0203/182412.030:VERBOSE1:media_stream_manager.cc(1533)] MSPL::OnSpeedLimitChange({this=00005BC4001DAD40}, {new_limit=100})
[14640:6500:0203/182432.475:VERBOSE1:media_stream_manager.cc(1533)] MSPL::OnSpeedLimitChange({this=00005BC4001DAD40}, {new_limit=39})
[14640:6500:0203/182433.486:VERBOSE1:media_stream_manager.cc(1533)] MSPL::OnSpeedLimitChange({this=00005BC4001DAD40}, {new_limit=34})
[14640:6500:0203/182438.322:VERBOSE1:media_stream_manager.cc(1533)] MSPL::OnSpeedLimitChange({this=00005BC4001DAD40}, {new_limit=100})
[14640:6500:0203/182445.516:VERBOSE1:media_stream_manager.cc(1533)] MSPL::OnSpeedLimitChange({this=00005BC4001DAD40}, {new_limit=39})
[14640:6500:0203/182447.505:VERBOSE1:media_stream_manager.cc(1533)] MSPL::OnSpeedLimitChange({this=00005BC4001DAD40}, {new_limit=34})
[14640:6500:0203/182835.928:VERBOSE1:media_stream_manager.cc(1533)] MSPL::OnSpeedLimitChange({this=00005BC4001DAD40}, {new_limit=100})
[14640:6500:0203/182845.740:VERBOSE1:media_stream_manager.cc(1533)] MSPL::OnSpeedLimitChange({this=00005BC4001DAD40}, {new_limit=34})
[14640:6500:0203/183156.159:VERBOSE1:media_stream_manager.cc(1533)] MSPL::OnSpeedLimitChange({this=00005BC4001DAD40}, {new_limit=100})
[14640:1172:0203/183206.020:VERBOSE1:device_event_log_impl.cc(198)] [18:32:06.020] Display: EVENT: screen_win.cc:893 Displays updated, count: 1
[14640:1172:0203/183206.020:VERBOSE1:device_event_log_impl.cc(198)] [18:32:06.020] Display: EVENT: screen_win.cc:895 Display[3933420081] bounds=[0,0 1366x768], workarea=[0,0 1366x720], scale=1, rotation=0, panel_rotation=0 external detected
[14640:1172:0203/183309.665:VERBOSE1:device_event_log_impl.cc(198)] [18:33:09.665] Display: EVENT: screen_win.cc:893 Displays updated, count: 1
[14640:1172:0203/183309.665:VERBOSE1:device_event_log_impl.cc(198)] [18:33:09.665] Display: EVENT: screen_win.cc:895 Display[3933420081] bounds=[0,0 1366x768], workarea=[0,0 1366x720], scale=1, rotation=0, panel_rotation=0 external detected
[14640:6500:0203/183318.060:VERBOSE1:media_stream_manager.cc(1533)] MSPL::OnSpeedLimitChange({this=00005BC4001DAD40}, {new_limit=34})
[14640:1172:0203/183331.909:VERBOSE1:device_event_log_impl.cc(198)] [18:33:31.909] Display: EVENT: screen_win.cc:893 Displays updated, count: 1
[14640:1172:0203/183331.909:VERBOSE1:device_event_log_impl.cc(198)] [18:33:31.910] Display: EVENT: screen_win.cc:895 Display[3933420081] bounds=[0,0 1366x768], workarea=[0,0 1366x720], scale=1, rotation=0, panel_rotation=0 external detected
[14640:6500:0203/183342.234:VERBOSE1:media_stream_manager.cc(1533)] MSPL::OnSpeedLimitChange({this=00005BC4001DAD40}, {new_limit=39})
[14640:6500:0203/183343.237:VERBOSE1:media_stream_manager.cc(1533)] MSPL::OnSpeedLimitChange({this=00005BC4001DAD40}, {new_limit=43})
[14640:6500:0203/183344.235:VERBOSE1:media_stream_manager.cc(1533)] MSPL::OnSpeedLimitChange({this=00005BC4001DAD40}, {new_limit=100})
[14640:1172:0203/183345.165:VERBOSE1:device_event_log_impl.cc(198)] [18:33:45.166] Display: EVENT: screen_win.cc:893 Displays updated, count: 1
[14640:1172:0203/183345.167:VERBOSE1:device_event_log_impl.cc(198)] [18:33:45.166] Display: EVENT: screen_win.cc:895 Display[3933420081] bounds=[0,0 1366x768], workarea=[0,0 1366x720], scale=1, rotation=0, panel_rotation=0 external detected
[14640:1172:0203/183408.403:VERBOSE1:device_event_log_impl.cc(198)] [18:34:08.403] Display: EVENT: screen_win.cc:893 Displays updated, count: 1
[14640:1172:0203/183408.403:VERBOSE1:device_event_log_impl.cc(198)] [18:34:08.404] Display: EVENT: screen_win.cc:895 Display[3933420081] bounds=[0,0 1366x768], workarea=[0,0 1366x720], scale=1, rotation=0, panel_rotation=0 external detected
[14640:6500:0203/183418.146:VERBOSE1:media_stream_manager.cc(1533)] MSPL::OnSpeedLimitChange({this=00005BC4001DAD40}, {new_limit=34})
[14640:6500:0203/183423.837:VERBOSE1:media_stream_manager.cc(1533)] MSPL::OnSpeedLimitChange({this=00005BC4001DAD40}, {new_limit=35})
[14640:1172:0203/183423.847:VERBOSE1:frame_host_impl.cc(515)] frame 6-A16E735215A8C7AC8EFDB4FA865F3C1E (sub) detached (reason=RENDER_FRAME_DELETED, is_connected=1)
[16480:8016:0203/183423.848:VERBOSE1:dispatcher.cc(596)] Num tracked contexts: 1
[16480:8016:0203/183423.848:VERBOSE1:frame_impl.cc(620)] frame 6-A16E735215A8C7AC8EFDB4FA865F3C1E disconnected (reason=DETACHED, current_state=CONNECTION_ACKED, FRAME_INVALID)
[16480:8016:0203/183423.850:VERBOSE1:frame_impl.cc(620)] frame 6-131A475333EA67A88E19603FBC6AC472 disconnected (reason=BROWSER_FRAME_DISCONNECT, current_state=CONNECTION_ACKED)
[16480:8016:0203/183423.850:VERBOSE1:frame_impl.cc(633)] frame 6-131A475333EA67A88E19603FBC6AC472 connection retry scheduled
[16480:8016:0203/183423.850:VERBOSE1:script_context.cc(164)] Destroyed context for extension
  extension id: 
  effective extension id: 
[16480:8016:0203/183423.850:VERBOSE1:script_context.cc(164)] Destroyed context for extension
  extension id: 
  effective extension id: 
[14640:1172:0203/183423.850:VERBOSE1:frame_host_impl.cc(515)] frame 6-131A475333EA67A88E19603FBC6AC472 (main) detached (reason=NEW_MAIN_FRAME, is_connected=1)
[14640:1172:0203/183423.871:VERBOSE1:account_reconcilor.cc(264)] AccountReconcilor::Shutdown
[14640:1172:0203/183423.871:VERBOSE1:account_reconcilor.cc(718)] AccountReconcilor::AbortReconcile: try again later
[14640:1172:0203/183423.871:VERBOSE1:account_reconcilor.cc(827)] AccountReconcilor::CalculateIfMultiloginReconcileIsDone: Error was 
[14640:1172:0203/183423.871:VERBOSE1:account_reconcilor.cc(313)] AccountReconcilor::UnregisterWithIdentityManager
[14640:1172:0203/183423.871:VERBOSE1:account_reconcilor.cc(286)] AccountReconcilor::UnregisterWithContentSettings
[14640:1172:0203/183423.871:VERBOSE1:gaia_cookie_manager_service.cc(628)] GaiaCookieManagerService::CancelAll
[14640:1172:0203/183423.871:VERBOSE1:mutable_profile_oauth2_token_service_delegate.cc(752)] MutablePO2TS::Shutdown
[14640:1172:0203/183423.871:VERBOSE1:mutable_profile_oauth2_token_service_delegate.cc(235)] MutablePO2TS::~MutablePO2TS
[14640:1172:0203/183423.871:VERBOSE1:device_event_log_impl.cc(198)] [18:34:23.872] Bluetooth: EVENT: bluetooth_api.cc:109 BluetoothAPI: Shutdown
[14640:1172:0203/183423.872:VERBOSE1:account_reconcilor.cc(193)] AccountReconcilor::~AccountReconcilor
[14640:1172:0203/183423.874:VERBOSE1:device_event_log_impl.cc(198)] [18:34:23.874] Bluetooth: EVENT: bluetooth_api.cc:95 ~BluetoothAPI: 00005BC400349A00
[14640:1172:0203/183424.546:VERBOSE1:component_updater_service.cc(180)] CrxUpdateService stopping
[14640:1172:0203/183424.546:WARNING:pref_notifier_impl.cc(41)] Pref observer for media_router.cast_allow_all_ips found at shutdown.
[14640:1172:0203/183424.572:VERBOSE1:statistics_recorder.cc(607)] Collections of all histograms
Histogram: API.StorageAccess.AllowedRequests2 recorded 121 samples, mean = 0.1 (flags = 0x41)
0  ------------------------------------------------------------------------O (111 = 91.7%)
1  ------O                                                                   (10 = 8.3%) {91.7%}
2  ... 

Histogram: API.StorageAccess.DocumentInheritedStorageAccess recorded 7 samples, mean = 0.0 (flags = 0x41)
0  -------O                                                                  (7 = 100.0%)
1  ... 

Histogram: API.StorageAccess.DocumentLoadedWithStorageAccess recorded 7 samples, mean = 0.0 (flags = 0x41)
0  -------O                                                                  (7 = 100.0%)
1  ... 

Histogram: Accessibility.CaptionSettingsLoadedFromSystemSettings recorded 1 samples, mean = 0.0 (flags = 0x41)
0  -O                                                                        (1 = 100.0%)
1  ... 

Histogram: Accessibility.ImageLabels2 recorded 1 samples, mean = 0.0 (flags = 0x41)
0  -O                                                                        (1 = 100.0%)
1  ... 

Histogram: Accessibility.LiveCaption.FeatureEnabled2 recorded 1 samples, mean = 1.0 (flags = 0x41)
0  O                                                                         (0 = 0.0%)
1  -O                                                                        (1 = 100.0%) {0.0%}
2  O                                                                         (0 = 0.0%) {100.0%}

Histogram: Accessibility.LiveCaption2 recorded 1 samples, mean = 0.0 (flags = 0x41)
0  -O                                                                        (1 = 100.0%)
1  ... 

Histogram: Accessibility.ManuallyEnabled recorded 1 samples, mean = 0.0 (flags = 0x41)
0  -O                                                                        (1 = 100.0%)
1  ... 

Histogram: Accessibility.WinJAWS recorded 1 samples, mean = 0.0 (flags = 0x41)
0  -O                                                                        (1 = 100.0%)
1  ... 

Histogram: Accessibility.WinNVDA recorded 1 samples, mean = 0.0 (flags = 0x41)
0  -O                                                                        (1 = 100.0%)
1  ... 

Histogram: Accessibility.WinSAToGo recorded 1 samples, mean = 0.0 (flags = 0x41)
0  -O                                                                        (1 = 100.0%)
1  ... 

Histogram: Accessibility.WinScreenReader2 recorded 1 samples, mean = 0.0 (flags = 0x41)
0  -O                                                                        (1 = 100.0%)
1  ... 

Histogram: Accessibility.WinStickyKeys recorded 1 samples, mean = 0.0 (flags = 0x41)
0  -O                                                                        (1 = 100.0%)
1  ... 

Histogram: Accessibility.WinSupernova recorded 1 samples, mean = 0.0 (flags = 0x41)
0  -O                                                                        (1 = 100.0%)
1  ... 

Histogram: Accessibility.WinZoomText recorded 1 samples, mean = 0.0 (flags = 0x41)
0  -O                                                                        (1 = 100.0%)
1  ... 

Histogram: AppBanners.InstallableStatusCode recorded 1 samples (flags = 0x41)
8  -O                                                                        (1 = 100.0%)

Histogram: Apps.PreferredApps.EntryCount recorded 1 samples, mean = 0.0 (flags = 0x41)
0  -O                                                                        (1 = 100.0%)
1  ... 

Histogram: Autofill.Address.IsEnabled.PageLoad recorded 1 samples, mean = 1.0 (flags = 0x41)
0  O                                                                         (0 = 0.0%)
1  -O                                                                        (1 = 100.0%) {0.0%}
2  O                                                                         (0 = 0.0%) {100.0%}

Histogram: Autofill.Address.IsEnabled.PageLoad.SignedOut recorded 1 samples, mean = 1.0 (flags = 0x41)
0  O                                                                         (0 = 0.0%)
1  -O                                                                        (1 = 100.0%) {0.0%}
2  O                                                                         (0 = 0.0%) {100.0%}

Histogram: Autofill.Address.IsEnabled.Startup recorded 1 samples, mean = 1.0 (flags = 0x41)
0  O                                                                         (0 = 0.0%)
1  -O                                                                        (1 = 100.0%) {0.0%}
2  O                                                                         (0 = 0.0%) {100.0%}

Histogram: Autofill.CreditCard.IsEnabled.PageLoad recorded 1 samples, mean = 1.0 (flags = 0x41)
0  O                                                                         (0 = 0.0%)
1  -O                                                                        (1 = 100.0%) {0.0%}
2  O                                                                         (0 = 0.0%) {100.0%}

Histogram: Autofill.CreditCard.IsEnabled.PageLoad.SignedOut recorded 1 samples, mean = 1.0 (flags = 0x41)
0  O                                                                         (0 = 0.0%)
1  -O                                                                        (1 = 100.0%) {0.0%}
2  O                                                                         (0 = 0.0%) {100.0%}

Histogram: Autofill.CreditCard.IsEnabled.Startup recorded 1 samples, mean = 1.0 (flags = 0x41)
0  O                                                                         (0 = 0.0%)
1  -O                                                                        (1 = 100.0%) {0.0%}
2  O                                                                         (0 = 0.0%) {100.0%}

Histogram: Autofill.DOMContentLoadedInOutermostMainFrame recorded 3 samples, mean = 0.3 (flags = 0x41)
0  --O                                                                       (2 = 66.7%)
1  -O                                                                        (1 = 33.3%) {66.7%}
2  O                                                                         (0 = 0.0%) {100.0%}

Histogram: Autofill.ExtractFormUnowned.FieldCount recorded 4 samples, mean = 0.0 (flags = 0x41)
0  ----O                                                                     (4 = 100.0%)
1  ... 

Histogram: Autofill.FormForest.GetBrowserFormOfRendererForm.Duration recorded 1 samples, mean = 1.0 (flags = 0x41)
0  O                                                                         (0 = 0.0%)
1  -O                                                                        (1 = 100.0%) {0.0%}
2  ... 

Histogram: Autofill.FormForest.UpdateTreeOfRendererForm.Duration recorded 1 samples, mean = 90.0 (flags = 0x41)
0   ... 
86  -O                                                                        (1 = 100.0%) {0.0%}
113 ... 

Histogram: Autofill.FormForest.UpdateTreeOfRendererForm.Visits recorded 1 samples, mean = 2.0 (flags = 0x41)
0  ... 
2  -O                                                                        (1 = 100.0%) {0.0%}
3  ... 

Histogram: Autofill.Funnel.ParsedAsType.Address recorded 6 samples, mean = 0.0 (flags = 0x41)
0  ------O                                                                   (6 = 100.0%)
1  ... 

Histogram: Autofill.Funnel.ParsedAsType.CreditCard recorded 6 samples, mean = 0.0 (flags = 0x41)
0  ------O                                                                   (6 = 100.0%)
1  ... 

Histogram: Autofill.Funnel.ParsedAsType.VirtualCard.StandaloneCvc recorded 6 samples, mean = 0.0 (flags = 0x41)
0  ------O                                                                   (6 = 100.0%)
1  ... 

Histogram: Autofill.IsEnabled.PageLoad recorded 1 samples, mean = 1.0 (flags = 0x41)
0  O                                                                         (0 = 0.0%)
1  -O                                                                        (1 = 100.0%) {0.0%}
2  O                                                                         (0 = 0.0%) {100.0%}

Histogram: Autofill.IsEnabled.PageLoad.SignedOut recorded 1 samples, mean = 1.0 (flags = 0x41)
0  O                                                                         (0 = 0.0%)
1  -O                                                                        (1 = 100.0%) {0.0%}
2  O                                                                         (0 = 0.0%) {100.0%}

Histogram: Autofill.IsEnabled.Startup recorded 1 samples, mean = 1.0 (flags = 0x41)
0  O                                                                         (0 = 0.0%)
1  -O                                                                        (1 = 100.0%) {0.0%}
2  O                                                                         (0 = 0.0%) {100.0%}

Histogram: Autofill.Leipzig.Duplication.NumberOfLocalSupersetProfilesOnStartup recorded 1 samples, mean = 0.0 (flags = 0x41)
0  -O                                                                        (1 = 100.0%)
1  ... 

Histogram: Autofill.NumberOfDriversPerFactory recorded 1 samples, mean = 3.0 (flags = 0x41)
0  ... 
3  -O                                                                        (1 = 100.0%) {0.0%}
4  ... 

Histogram: Autofill.Offer.StoredOfferCount2.CardLinkedOffer recorded 1 samples, mean = 0.0 (flags = 0x41)
0  -O                                                                        (1 = 100.0%)
1  ... 

Histogram: Autofill.Offer.StoredOfferCount2.GPayPromoCodeOffer recorded 1 samples, mean = 0.0 (flags = 0x41)
0  -O                                                                        (1 = 100.0%)
1  ... 

Histogram: Autofill.PaymentMethods.CvcStorageIsEnabled.Startup recorded 1 samples, mean = 0.0 (flags = 0x41)
0  -O                                                                        (1 = 100.0%)
1  ... 

Histogram: Autofill.StoredCreditCardCount recorded 1 samples, mean = 0.0 (flags = 0x41)
0  -O                                                                        (1 = 100.0%)
1  ... 

Histogram: Autofill.StoredCreditCardCount.Local recorded 1 samples, mean = 0.0 (flags = 0x41)
0  -O                                                                        (1 = 100.0%)
1  ... 

Histogram: Autofill.StoredCreditCardCount.Local.WithInvalidCardNumber recorded 1 samples, mean = 0.0 (flags = 0x41)
0  -O                                                                        (1 = 100.0%)
1  ... 

Histogram: Autofill.StoredCreditCardCount.Local.WithNickname recorded 1 samples, mean = 0.0 (flags = 0x41)
0  -O                                                                        (1 = 100.0%)
1  ... 

Histogram: Autofill.StoredCreditCardCount.Server recorded 1 samples, mean = 0.0 (flags = 0x41)
0  -O                                                                        (1 = 100.0%)
1  ... 

Histogram: Autofill.StoredCreditCardCount.Server.Masked recorded 1 samples, mean = 0.0 (flags = 0x41)
0  -O                                                                        (1 = 100.0%)
1  ... 

Histogram: Autofill.StoredCreditCardCount.Server.Masked.WithNickname recorded 1 samples, mean = 0.0 (flags = 0x41)
0  -O                                                                        (1 = 100.0%)
1  ... 

Histogram: Autofill.StoredCreditCardCount.Server.Unmasked recorded 1 samples, mean = 0.0 (flags = 0x41)
0  -O                                                                        (1 = 100.0%)
1  ... 

Histogram: Autofill.StoredCreditCardCount.Server.WithCardArtImage recorded 1 samples, mean = 0.0 (flags = 0x41)
0  -O                                                                        (1 = 100.0%)
1  ... 

Histogram: Autofill.StoredCreditCardCount.Server.WithVirtualCardMetadata recorded 1 samples, mean = 0.0 (flags = 0x41)
0  -O                                                                        (1 = 100.0%)
1  ... 

Histogram: Autofill.StoredIbanCount recorded 1 samples, mean = 0.0 (flags = 0x41)
0  -O                                                                        (1 = 100.0%)
1  ... 

Histogram: Autofill.StoredProfileCount.AccountChrome recorded 1 samples, mean = 0.0 (flags = 0x41)
0  -O                                                                        (1 = 100.0%)
1  ... 

Histogram: Autofill.StoredProfileCount.AccountNonChrome recorded 1 samples, mean = 0.0 (flags = 0x41)
0  -O                                                                        (1 = 100.0%)
1  ... 

Histogram: Autofill.StoredProfileCount.Legacy recorded 1 samples, mean = 0.0 (flags = 0x41)
0  -O                                                                        (1 = 100.0%)
1  ... 

Histogram: Autofill.StoredProfileCount.Total recorded 1 samples, mean = 0.0 (flags = 0x41)
0  -O                                                                        (1 = 100.0%)
1  ... 

Histogram: Autofill.StrikeDatabase.StrikeDatabaseInitFailed recorded 4 samples, mean = 1.5 (flags = 0x41)
0  -O                                                                        (1 = 25.0%)
1  -O                                                                        (1 = 25.0%) {25.0%}
2  -O                                                                        (1 = 25.0%) {50.0%}
3  -O                                                                        (1 = 25.0%) {75.0%}
4  ... 

Histogram: Autofill.SubmissionDetectionSource.FormTracker recorded 2 samples, mean = 3.0 (flags = 0x41)
0  ... 
3  --O                                                                       (2 = 100.0%) {0.0%}
4  ... 

Histogram: Autofill.Timing.ParseFormsAsync recorded 1 samples, mean = 0.0 (flags = 0x41)
0  -O                                                                        (1 = 100.0%)
1  ... 

Histogram: Autofill.Timing.ParseFormsAsync.RunHeuristics recorded 1 samples, mean = 0.0 (flags = 0x41)
0  -O                                                                        (1 = 100.0%)
1  ... 

Histogram: Autofill.Timing.ParseFormsAsync.UpdateCache recorded 1 samples, mean = 0.0 (flags = 0x41)
0  -O                                                                        (1 = 100.0%)
1  ... 

Histogram: Autofill.TimingInterval.ExtractFormData.GetFormDataFromUnownedInputElements.AutofillAgentReset recorded 2 samples, mean = 2519386.0 (flags = 0x41)
0        ... 
1823911  -O                                                                        (1 = 50.0%) {0.0%}
2129046  ... 
2901002  -O                                                                        (1 = 50.0%) {50.0%}
3386332  ... 

Histogram: Autofill.TimingInterval.ExtractFormData.GetFormDataFromUnownedInputElements.DOMContentLoaded recorded 2 samples, mean = 1074214144.0 (flags = 0x41)
0         ... 
841582    -O                                                                        (1 = 50.0%) {0.0%}
982376    ... 
10000000  -O                                                                        (1 = 50.0%) {50.0%}

Histogram: Autofill.TimingInterval.ExtractFormData.UpdateFormCache.AutofillAgentReset recorded 4 samples, mean = 1260104.0 (flags = 0x41)
0        ... 
684      -O                                                                        (1 = 25.0%) {0.0%}
798      -O                                                                        (1 = 25.0%) {25.0%}
932      ... 
1823911  -O                                                                        (1 = 25.0%) {50.0%}
2129046  ... 
2901002  -O                                                                        (1 = 25.0%) {75.0%}
3386332  ... 

Histogram: Autofill.TimingInterval.ExtractFormData.UpdateFormCache.DOMContentLoaded recorded 4 samples, mean = 236206.2 (flags = 0x41)
0       ... 
11      -O                                                                        (1 = 25.0%) {0.0%}
13      ... 
68      --O                                                                       (2 = 50.0%) {25.0%}
79      ... 
841582  -O                                                                        (1 = 25.0%) {75.0%}
982376  ... 

Histogram: Autofill.TimingInterval.UpdateFormCache.UpdateFormCache.AutofillAgentReset recorded 4 samples, mean = 1260140.0 (flags = 0x41)
0        ... 
684      -O                                                                        (1 = 25.0%) {0.0%}
798      O                                                                         (0 = 0.0%) {25.0%}
932      -O                                                                        (1 = 25.0%) {25.0%}
1088     ... 
1823911  -O                                                                        (1 = 25.0%) {50.0%}
2129046  ... 
2901002  -O                                                                        (1 = 25.0%) {75.0%}
3386332  ... 

Histogram: Autofill.TimingInterval.UpdateFormCache.UpdateFormCache.DOMContentLoaded recorded 4 samples, mean = 236242.2 (flags = 0x41)
0       ... 
37      -O                                                                        (1 = 25.0%) {0.0%}
43      ... 
79      -O                                                                        (1 = 25.0%) {25.0%}
92      ... 
146     -O                                                                        (1 = 25.0%) {50.0%}
170     ... 
841582  -O                                                                        (1 = 25.0%) {75.0%}
982376  ... 

Histogram: Autofill.TimingPrecise.ExtractFormData recorded 6 samples, mean = 46.7 (flags = 0x41)
0   ... 
6   --O                                                                       (2 = 33.3%) {0.0%}
7   ... 
47  -O                                                                        (1 = 16.7%) {33.3%}
53  O                                                                         (0 = 0.0%) {50.0%}
60  --O                                                                       (2 = 33.3%) {50.0%}
68  ... 
88  -O                                                                        (1 = 16.7%) {83.3%}
100 ... 

Histogram: Autofill.TimingPrecise.ExtractFormData.GetFormDataFromUnownedInputElements recorded 2 samples, mean = 49.0 (flags = 0x41)
0   ... 
6   -O                                                                        (1 = 50.0%) {0.0%}
7   ... 
88  -O                                                                        (1 = 50.0%) {50.0%}
100 ... 

Histogram: Autofill.TimingPrecise.ExtractFormData.UpdateFormCache recorded 4 samples, mean = 45.5 (flags = 0x41)
0   ... 
6   -O                                                                        (1 = 25.0%) {0.0%}
7   ... 
47  -O                                                                        (1 = 25.0%) {25.0%}
53  O                                                                         (0 = 0.0%) {50.0%}
60  --O                                                                       (2 = 50.0%) {50.0%}
68  ... 

Histogram: Autofill.TimingPrecise.InferLabelForElement recorded 6 samples, mean = 0.0 (flags = 0x41)
0  ------O                                                                   (6 = 100.0%)
1  ... 

Histogram: Autofill.TimingPrecise.UpdateFormCache recorded 4 samples, mean = 88.8 (flags = 0x41)
0    ... 
36   -O                                                                        (1 = 25.0%) {0.0%}
41   ... 
68   -O                                                                        (1 = 25.0%) {25.0%}
77   O                                                                         (0 = 0.0%) {50.0%}
88   -O                                                                        (1 = 25.0%) {50.0%}
100  ... 
148  -O                                                                        (1 = 25.0%) {75.0%}
168  ... 

Histogram: Autofill.TimingPrecise.UpdateFormCache.UpdateFormCache recorded 4 samples, mean = 88.8 (flags = 0x41)
0    ... 
36   -O                                                                        (1 = 25.0%) {0.0%}
41   ... 
68   -O                                                                        (1 = 25.0%) {25.0%}
77   O                                                                         (0 = 0.0%) {50.0%}
88   -O                                                                        (1 = 25.0%) {50.0%}
100  ... 
148  -O                                                                        (1 = 25.0%) {75.0%}
168  ... 

Histogram: Autofill.VirtualCardUsageData.StoredUsageDataCount recorded 1 samples, mean = 0.0 (flags = 0x41)
0  -O                                                                        (1 = 100.0%)
1  ... 

Histogram: Blink.CSSStyleSheetResource.ParseTime recorded 8 samples, mean = 2587.0 (flags = 0x41)
0      ... 
146    -O                                                                        (1 = 12.5%) {0.0%}
203    --O                                                                       (2 = 25.0%) {12.5%}
282    --O                                                                       (2 = 25.0%) {37.5%}
391    ... 
2008   --O                                                                       (2 = 25.0%) {62.5%}
2786   ... 
14319  -O                                                                        (1 = 12.5%) {87.5%}
19866  ... 

Histogram: Blink.CommitDocumentLoaderTime recorded 7 samples, mean = 14.6 (flags = 0x41)
0   O                                                                         (0 = 0.0%)
1   -O                                                                        (1 = 14.3%) {0.0%}
2   -O                                                                        (1 = 14.3%) {14.3%}
3   -O                                                                        (1 = 14.3%) {28.6%}
4   ... 
8   --O                                                                       (2 = 28.6%) {42.9%}
10  ... 
14  -O                                                                        (1 = 14.3%) {71.4%}
17  ... 
57  -O                                                                        (1 = 14.3%) {85.7%}
68  ... 

Histogram: Blink.CookiesTime recorded 1 samples, mean = 18.0 (flags = 0x41)
0   ... 
17  -O                                                                        (1 = 100.0%) {0.0%}
20  ... 

Histogram: Blink.CullRect.UpdateTime recorded 14 samples, mean = 24.2 (flags = 0x41)
0   O                                                                         (0 = 0.0%)
1   --O                                                                       (2 = 14.3%) {0.0%}
2   ---O                                                                      (3 = 21.4%) {14.3%}
3   ... 
8   --O                                                                       (2 = 14.3%) {35.7%}
11  -O                                                                        (1 = 7.1%) {50.0%}
15  --O                                                                       (2 = 14.3%) {57.1%}
21  ... 
40  -O                                                                        (1 = 7.1%) {71.4%}
55  -O                                                                        (1 = 7.1%) {78.6%}
76  --O                                                                       (2 = 14.3%) {85.7%}
105 ... 

Histogram: Blink.DecodedImage.WebPDensity.Count.02MP recorded 1 samples, mean = 291.0 (flags = 0x41)
0    ... 
285  -O                                                                        (1 = 100.0%) {0.0%}
300  ... 

Histogram: Blink.DecodedImage.WebPDensity.KiBWeighted2 recorded 392 samples, mean = 291.0 (flags = 0x41)
0    ... 
285  ------------------------------------------------------------------------O (392 = 100.0%) {0.0%}
300  ... 

Histogram: Blink.DecodedImage.WebPFileFormat recorded 1 samples, mean = 0.0 (flags = 0x41)
0  -O                                                                        (1 = 100.0%)
1  ... 

Histogram: Blink.DecodedImageType recorded 1 samples, mean = 4.0 (flags = 0x41)
0  ... 
4  -O                                                                        (1 = 100.0%) {0.0%}
5  ... 

Histogram: Blink.DocumentLoader.CommitNavigationToStartLoadingResponse.Time.OutermostMainFrame.NewNavigation.IsHTTPOrHTTPS recorded 1 samples, mean = 11.0 (flags = 0x41)
0   ... 
10  -O                                                                        (1 = 100.0%) {0.0%}
12  ... 

Histogram: Blink.DocumentLoader.CreateParserPostCommit.Time.OutermostMainFrame.NewNavigation.IsHTTPOrHTTPS recorded 1 samples, mean = 53.0 (flags = 0x41)
0   ... 
48  -O                                                                        (1 = 100.0%) {0.0%}
57  ... 

Histogram: Blink.Experimental.Cookies.CacheLookupResult2 recorded 1 samples, mean = 0.0 (flags = 0x41)
0  -O                                                                        (1 = 100.0%)
1  ... 

Histogram: Blink.Experimental.Cookies.FirstCookieRequest recorded 1 samples, mean = 1.0 (flags = 0x41)
0  O                                                                         (0 = 0.0%)
1  -O                                                                        (1 = 100.0%) {0.0%}
2  ... 

Histogram: Blink.Fetch.RequestResourceTime2 recorded 120 samples, mean = 1009.1 (flags = 0x41)
0      ... 
29     ---O                                                                      (3 = 2.5%) {0.0%}
40     ------------O                                                             (12 = 10.0%) {2.5%}
55     ------------------O                                                       (18 = 15.0%) {12.5%}
76     --------------O                                                           (14 = 11.7%) {27.5%}
105    ----O                                                                     (4 = 3.3%) {39.2%}
146    ----------O                                                               (10 = 8.3%) {42.5%}
203    ------------------O                                                       (18 = 15.0%) {50.8%}
282    ---O                                                                      (3 = 2.5%) {65.8%}
391    ------O                                                                   (6 = 5.0%) {68.3%}
542    -----O                                                                    (5 = 4.2%) {73.3%}
752    ------O                                                                   (6 = 5.0%) {77.5%}
1043   -------O                                                                  (7 = 5.8%) {82.5%}
1447   ---O                                                                      (3 = 2.5%) {88.3%}
2008   ----O                                                                     (4 = 3.3%) {90.8%}
2786   ---O                                                                      (3 = 2.5%) {94.2%}
3865   --O                                                                       (2 = 1.7%) {96.7%}
5362   O                                                                         (0 = 0.0%) {98.3%}
7439   -O                                                                        (1 = 0.8%) {98.3%}
10321  ... 
38240  -O                                                                        (1 = 0.8%) {99.2%}
53055  ... 

Histogram: Blink.Fetch.RequestResourceTime2.Preload recorded 41 samples, mean = 852.6 (flags = 0x41)
0     ... 
29    ---O                                                                      (3 = 7.3%) {0.0%}
40    ---O                                                                      (3 = 7.3%) {7.3%}
55    -O                                                                        (1 = 2.4%) {14.6%}
76    ----O                                                                     (4 = 9.8%) {17.1%}
105   ---O                                                                      (3 = 7.3%) {26.8%}
146   -O                                                                        (1 = 2.4%) {34.1%}
203   -----O                                                                    (5 = 12.2%) {36.6%}
282   --O                                                                       (2 = 4.9%) {48.8%}
391   --O                                                                       (2 = 4.9%) {53.7%}
542   ----O                                                                     (4 = 9.8%) {58.5%}
752   ----O                                                                     (4 = 9.8%) {68.3%}
1043  ---O                                                                      (3 = 7.3%) {78.0%}
1447  -O                                                                        (1 = 2.4%) {85.4%}
2008  --O                                                                       (2 = 4.9%) {87.8%}
2786  --O                                                                       (2 = 4.9%) {92.7%}
3865  ... 
7439  -O                                                                        (1 = 2.4%) {97.6%}
10321 ... 

Histogram: Blink.FetchQueuedPreloadsTime.MainFrame.Initial recorded 1 samples, mean = 15.0 (flags = 0x41)
0   ... 
14  -O                                                                        (1 = 100.0%) {0.0%}
17  ... 

Histogram: Blink.Fonts.DecodeTime recorded 5 samples, mean = 20238.4 (flags = 0x41)
0      ... 
7439   -O                                                                        (1 = 20.0%) {0.0%}
10321  --O                                                                       (2 = 40.0%) {20.0%}
14319  -O                                                                        (1 = 20.0%) {60.0%}
19866  ... 
38240  -O                                                                        (1 = 20.0%) {80.0%}
53055  ... 

Histogram: Blink.Fonts.VariableFontsRatio recorded 5 samples, mean = 1.2 (flags = 0x41)
0  O                                                                         (0 = 0.0%)
1  ----O                                                                     (4 = 80.0%) {0.0%}
2  -O                                                                        (1 = 20.0%) {80.0%}
3  ... 

Histogram: Blink.ForcedStyleAndLayout.UpdateTime.PreFCP recorded 2 samples, mean = 20.5 (flags = 0x41)
0   ... 
11  -O                                                                        (1 = 50.0%) {0.0%}
15  O                                                                         (0 = 0.0%) {50.0%}
21  -O                                                                        (1 = 50.0%) {50.0%}
29  ... 

Histogram: Blink.HTMLFastPathParser.AbortedParseSize recorded 19 samples, mean = 1.6 (flags = 0x41)
0  ----O                                                                     (4 = 21.1%)
1  O                                                                         (0 = 0.0%) {21.1%}
2  ---------------O                                                          (15 = 78.9%) {21.1%}
3  ... 

Histogram: Blink.HTMLFastPathParser.AbortedParseTime2 recorded 19 samples, mean = 15.4 (flags = 0x41)
0   O                                                                         (0 = 0.0%)
1   ---O                                                                      (3 = 15.8%) {0.0%}
2   --O                                                                       (2 = 10.5%) {15.8%}
3   ---O                                                                      (3 = 15.8%) {26.3%}
4   --O                                                                       (2 = 10.5%) {42.1%}
5   O                                                                         (0 = 0.0%) {52.6%}
6   -O                                                                        (1 = 5.3%) {52.6%}
7   -O                                                                        (1 = 5.3%) {57.9%}
8   --O                                                                       (2 = 10.5%) {63.2%}
9   ... 
14  -O                                                                        (1 = 5.3%) {73.7%}
15  ... 
17  -O                                                                        (1 = 5.3%) {78.9%}
18  ... 
63  -O                                                                        (1 = 5.3%) {84.2%}
68  --O                                                                       (2 = 10.5%) {89.5%}
74  ... 

Histogram: Blink.HTMLFastPathParser.ParseResult recorded 37 samples, mean = 7.7 (flags = 0x41)
0   ------------------O                                                       (18 = 48.6%)
1   ... 
4   ----O                                                                     (4 = 10.8%) {48.6%}
5   ... 
18  ---------------O                                                          (15 = 40.5%) {59.5%}
19  ... 

Histogram: Blink.HTMLFastPathParser.SuccessfulParseSize recorded 18 samples, mean = 339.0 (flags = 0x41)
0    ... 
146  ------O                                                                   (6 = 33.3%) {0.0%}
203  O                                                                         (0 = 0.0%) {33.3%}
282  ------O                                                                   (6 = 33.3%) {33.3%}
391  ------O                                                                   (6 = 33.3%) {66.7%}
542  ... 

Histogram: Blink.HTMLFastPathParser.SuccessfulParseTime2 recorded 18 samples, mean = 29.6 (flags = 0x41)
0    ... 
2    -O                                                                        (1 = 5.6%) {0.0%}
3    -O                                                                        (1 = 5.6%) {5.6%}
4    -O                                                                        (1 = 5.6%) {11.1%}
5    -----O                                                                    (5 = 27.8%) {16.7%}
6    ... 
8    -O                                                                        (1 = 5.6%) {44.4%}
9    O                                                                         (0 = 0.0%) {50.0%}
10   -O                                                                        (1 = 5.6%) {50.0%}
11   -O                                                                        (1 = 5.6%) {55.6%}
12   -O                                                                        (1 = 5.6%) {61.1%}
13   -O                                                                        (1 = 5.6%) {66.7%}
14   -O                                                                        (1 = 5.6%) {72.2%}
15   ... 
34   -O                                                                        (1 = 5.6%) {77.8%}
37   ... 
74   -O                                                                        (1 = 5.6%) {83.3%}
80   ... 
149  -O                                                                        (1 = 5.6%) {88.9%}
161  -O                                                                        (1 = 5.6%) {94.4%}
174  ... 

Histogram: Blink.HTMLFastPathParser.TotalParseTime2 recorded 37 samples, mean = 74.3 (flags = 0x41)
0    ... 
3    -O                                                                        (1 = 2.7%) {0.0%}
4    --O                                                                       (2 = 5.4%) {2.7%}
5    O                                                                         (0 = 0.0%) {8.1%}
6    -O                                                                        (1 = 2.7%) {8.1%}
7    ---O                                                                      (3 = 8.1%) {10.8%}
8    -O                                                                        (1 = 2.7%) {18.9%}
9    ... 
11   -O                                                                        (1 = 2.7%) {21.6%}
12   ... 
14   -O                                                                        (1 = 2.7%) {24.3%}
15   O                                                                         (0 = 0.0%) {27.0%}
16   -O                                                                        (1 = 2.7%) {27.0%}
17   O                                                                         (0 = 0.0%) {29.7%}
18   --O                                                                       (2 = 5.4%) {29.7%}
19   O                                                                         (0 = 0.0%) {35.1%}
21   -O                                                                        (1 = 2.7%) {35.1%}
23   -O                                                                        (1 = 2.7%) {37.8%}
25   ... 
34   -O                                                                        (1 = 2.7%) {40.5%}
37   -O                                                                        (1 = 2.7%) {43.2%}
40   -O                                                                        (1 = 2.7%) {45.9%}
43   O                                                                         (0 = 0.0%) {48.6%}
46   -O                                                                        (1 = 2.7%) {48.6%}
50   ... 
63   -O                                                                        (1 = 2.7%) {51.4%}
68   -O                                                                        (1 = 2.7%) {54.1%}
74   --O                                                                       (2 = 5.4%) {56.8%}
80   -O                                                                        (1 = 2.7%) {62.2%}
86   --O                                                                       (2 = 5.4%) {64.9%}
93   ... 
109  -O                                                                        (1 = 2.7%) {70.3%}
118  -O                                                                        (1 = 2.7%) {73.0%}
128  --O                                                                       (2 = 5.4%) {75.7%}
138  -O                                                                        (1 = 2.7%) {81.1%}
149  O                                                                         (0 = 0.0%) {83.8%}
161  -O                                                                        (1 = 2.7%) {83.8%}
174  O                                                                         (0 = 0.0%) {86.5%}
188  ---O                                                                      (3 = 8.1%) {86.5%}
203  -O                                                                        (1 = 2.7%) {94.6%}
219  ... 
256  -O                                                                        (1 = 2.7%) {97.3%}
277  ... 

Histogram: Blink.HTMLParsing.ChunkCount4 recorded 1 samples, mean = 2.0 (flags = 0x41)
0  ... 
2  -O                                                                        (1 = 100.0%) {0.0%}
3  ... 

Histogram: Blink.HTMLParsing.InputCharacterCount4 recorded 1 samples, mean = 130184.0 (flags = 0x41)
0       ... 
102126  -O                                                                        (1 = 100.0%) {0.0%}
141691  ... 

Histogram: Blink.HTMLParsing.ParsingTimeMax4 recorded 1 samples, mean = 14013.0 (flags = 0x41)
0      ... 
13961  -O                                                                        (1 = 100.0%) {0.0%}
14177  ... 

Histogram: Blink.HTMLParsing.ParsingTimeMin4 recorded 1 samples, mean = 456.0 (flags = 0x41)
0    ... 
414  -O                                                                        (1 = 100.0%) {0.0%}
471  ... 

Histogram: Blink.HTMLParsing.ParsingTimeTotal4 recorded 1 samples, mean = 14469.0 (flags = 0x41)
0      ... 
14396  -O                                                                        (1 = 100.0%) {0.0%}
14618  ... 

Histogram: Blink.HTMLParsing.PreloadRequestCount recorded 1 samples, mean = 33.0 (flags = 0x41)
0   ... 
33  -O                                                                        (1 = 100.0%) {0.0%}
37  ... 

Histogram: Blink.HTMLParsing.TimeToDeferredPumpTokenizer4 recorded 1 samples, mean = 42336.0 (flags = 0x41)
0      ... 
38913  -O                                                                        (1 = 100.0%) {0.0%}
44309  ... 

Histogram: Blink.HTMLParsing.TokensParsedAverage4 recorded 1 samples, mean = 55.0 (flags = 0x41)
0   ... 
49  -O                                                                        (1 = 100.0%) {0.0%}
65  ... 

Histogram: Blink.HTMLParsing.TokensParsedMax4 recorded 1 samples, mean = 94.0 (flags = 0x41)
0   ... 
86  -O                                                                        (1 = 100.0%) {0.0%}
113 ... 

Histogram: Blink.HTMLParsing.TokensParsedMin4 recorded 1 samples, mean = 16.0 (flags = 0x41)
0   ... 
14  -O                                                                        (1 = 100.0%) {0.0%}
17  ... 

Histogram: Blink.HTMLParsing.TokensParsedTotal4 recorded 1 samples, mean = 110.0 (flags = 0x41)
0    ... 
105  -O                                                                        (1 = 100.0%) {0.0%}
146  ... 

Histogram: Blink.HTMLParsing.YieldedTimeAverage4 recorded 1 samples, mean = 23013.0 (flags = 0x41)
0      ... 
20547  -O                                                                        (1 = 100.0%) {0.0%}
23984  ... 

Histogram: Blink.HTMLParsing.YieldedTimeMax4 recorded 1 samples, mean = 42413.0 (flags = 0x41)
0      ... 
42097  -O                                                                        (1 = 100.0%) {0.0%}
42747  ... 

Histogram: Blink.HTMLParsing.YieldedTimeMin4 recorded 1 samples, mean = 3614.0 (flags = 0x41)
0     ... 
3211  -O                                                                        (1 = 100.0%) {0.0%}
3748  ... 

Histogram: Blink.History.VisitedLinks.IsLinkStyledAsVisited recorded 46 samples, mean = 0.0 (flags = 0x41)
0  ----------------------------------------------O                           (46 = 100.0%)
1  ... 

Histogram: Blink.ImageDecoders.ImageHasMultipleGeneratorClientIds recorded 1 samples, mean = 0.0 (flags = 0x41)
0  -O                                                                        (1 = 100.0%)
1  ... 

Histogram: Blink.IntersectionObservationJavascriptCount.UpdateTime.PreFCP recorded 1 samples, mean = 0.0 (flags = 0x41)
0  -O                                                                        (1 = 100.0%)
1  ... 

Histogram: Blink.JavascriptDocumentUpdate.UpdateTime.PreFCP recorded 1 samples, mean = 28.0 (flags = 0x41)
0   ... 
21  -O                                                                        (1 = 100.0%) {0.0%}
29  ... 

Histogram: Blink.Layout.InlineNode.ShapeText.MaxTime.InOutermostMainFrame3 recorded 1 samples, mean = 11333.0 (flags = 0x41)
0      ... 
10321  -O                                                                        (1 = 100.0%) {0.0%}
14319  ... 

Histogram: Blink.Layout.InlineNode.ShapeText.TotalTime.InOutermostMainFrame3 recorded 1 samples, mean = 79238.0 (flags = 0x41)
0      ... 
73609  -O                                                                        (1 = 100.0%) {0.0%}
102126 ... 

Histogram: Blink.Layout.SVGImage.Count.InOutermostMainFrame recorded 1 samples, mean = 0.0 (flags = 0x41)
0  -O                                                                        (1 = 100.0%)
1  ... 

Histogram: Blink.Layout.SVGImage.TotalTime.InOutermostMainFrame recorded 1 samples, mean = 0.0 (flags = 0x41)
0  -O                                                                        (1 = 100.0%)
1  ... 

Histogram: Blink.MainFrame.UpdateTime.PreFCP recorded 14 samples, mean = 34160.6 (flags = 0x41)
0       ... 
391     -O                                                                        (1 = 7.1%) {0.0%}
542     O                                                                         (0 = 0.0%) {7.1%}
752     --O                                                                       (2 = 14.3%) {7.1%}
1043    --O                                                                       (2 = 14.3%) {21.4%}
1447    --O                                                                       (2 = 14.3%) {35.7%}
2008    ... 
5362    -O                                                                        (1 = 7.1%) {50.0%}
7439    ... 
19866   -O                                                                        (1 = 7.1%) {57.1%}
27562   O                                                                         (0 = 0.0%) {64.3%}
38240   -O                                                                        (1 = 7.1%) {64.3%}
53055   --O                                                                       (2 = 14.3%) {71.4%}
73609   -O                                                                        (1 = 7.1%) {85.7%}
102126  ... 
196583  -O                                                                        (1 = 7.1%) {92.9%}
272741  ... 

Histogram: Blink.MemoryCache.RevalidationPolicy.AsyncScript recorded 46 samples, mean = 1.5 (flags = 0x41)
0  -----------------------O                                                  (23 = 50.0%)
1  ... 
3  -----------------------O                                                  (23 = 50.0%) {50.0%}
4  ... 

Histogram: Blink.MemoryCache.RevalidationPolicy.CSSStyleSheet recorded 8 samples, mean = 0.0 (flags = 0x41)
0  --------O                                                                 (8 = 100.0%)
1  ... 

Histogram: Blink.MemoryCache.RevalidationPolicy.Dead.CSSStyleSheet recorded 1 samples, mean = 0.0 (flags = 0x41)
0  -O                                                                        (1 = 100.0%)
1  ... 

Histogram: Blink.MemoryCache.RevalidationPolicy.Dead.Font recorded 2 samples, mean = 0.0 (flags = 0x41)
0  --O                                                                       (2 = 100.0%)
1  ... 

Histogram: Blink.MemoryCache.RevalidationPolicy.Dead.Script recorded 22 samples, mean = 0.0 (flags = 0x41)
0  ----------------------O                                                   (22 = 100.0%)
1  ... 

Histogram: Blink.MemoryCache.RevalidationPolicy.Font recorded 23 samples, mean = 4.0 (flags = 0x41)
0  -O                                                                        (1 = 4.3%)
1  ... 
4  ------------------O                                                       (18 = 78.3%) {4.3%}
5  ----O                                                                     (4 = 17.4%) {82.6%}
6  O                                                                         (0 = 0.0%) {100.0%}

Histogram: Blink.MemoryCache.RevalidationPolicy.Image recorded 22 samples, mean = 3.6 (flags = 0x41)
0  --O                                                                       (2 = 9.1%)
1  ... 
3  --O                                                                       (2 = 9.1%) {9.1%}
4  -----------------O                                                        (17 = 77.3%) {18.2%}
5  -O                                                                        (1 = 4.5%) {95.5%}
6  O                                                                         (0 = 0.0%) {100.0%}

Histogram: Blink.MemoryCache.RevalidationPolicy.Manifest recorded 1 samples, mean = 3.0 (flags = 0x41)
0  ... 
3  -O                                                                        (1 = 100.0%) {0.0%}
4  ... 

Histogram: Blink.MemoryCache.RevalidationPolicy.Preload.CSSStyleSheet recorded 15 samples, mean = 1.6 (flags = 0x41)
0  -------O                                                                  (7 = 46.7%)
1  ... 
3  --------O                                                                 (8 = 53.3%) {46.7%}
4  ... 

Histogram: Blink.MemoryCache.RevalidationPolicy.Preload.Font recorded 2 samples, mean = 1.5 (flags = 0x41)
0  -O                                                                        (1 = 50.0%)
1  ... 
3  -O                                                                        (1 = 50.0%) {50.0%}
4  ... 

Histogram: Blink.MemoryCache.RevalidationPolicy.Preload.Script recorded 24 samples, mean = 2.8 (flags = 0x41)
0  --O                                                                       (2 = 8.3%)
1  ... 
3  ----------------------O                                                   (22 = 91.7%) {8.3%}
4  ... 

Histogram: Blink.MemoryCache.RevalidationPolicy.Raw recorded 5 samples, mean = 3.0 (flags = 0x41)
0  ... 
3  -----O                                                                    (5 = 100.0%) {0.0%}
4  ... 

Histogram: Blink.MemoryCache.RevalidationPolicy.Script recorded 24 samples, mean = 0.2 (flags = 0x41)
0  ----------------------O                                                   (22 = 91.7%)
1  ... 
3  --O                                                                       (2 = 8.3%) {91.7%}
4  ... 

Histogram: Blink.PreloadRequestStartDuration recorded 41 samples, mean = 861.6 (flags = 0x41)
0     ... 
29    ---O                                                                      (3 = 7.3%) {0.0%}
40    ---O                                                                      (3 = 7.3%) {7.3%}
55    -O                                                                        (1 = 2.4%) {14.6%}
76    ----O                                                                     (4 = 9.8%) {17.1%}
105   --O                                                                       (2 = 4.9%) {26.8%}
146   --O                                                                       (2 = 4.9%) {31.7%}
203   -----O                                                                    (5 = 12.2%) {36.6%}
282   --O                                                                       (2 = 4.9%) {48.8%}
391   --O                                                                       (2 = 4.9%) {53.7%}
542   ---O                                                                      (3 = 7.3%) {58.5%}
752   -----O                                                                    (5 = 12.2%) {65.9%}
1043  ---O                                                                      (3 = 7.3%) {78.0%}
1447  -O                                                                        (1 = 2.4%) {85.4%}
2008  --O                                                                       (2 = 4.9%) {87.8%}
2786  --O                                                                       (2 = 4.9%) {92.7%}
3865  ... 
7439  -O                                                                        (1 = 2.4%) {97.6%}
10321 ... 

Histogram: Blink.PreloadRequestWaitTime recorded 31 samples, mean = 6.4 (flags = 0x41)
0   O                                                                         (0 = 0.0%)
1   --------O                                                                 (8 = 25.8%) {0.0%}
2   ------O                                                                   (6 = 19.4%) {25.8%}
3   --O                                                                       (2 = 6.5%) {45.2%}
4   ... 
6   --O                                                                       (2 = 6.5%) {51.6%}
7   -O                                                                        (1 = 3.2%) {58.1%}
8   ---O                                                                      (3 = 9.7%) {61.3%}
10  --O                                                                       (2 = 6.5%) {71.0%}
12  O                                                                         (0 = 0.0%) {77.4%}
14  -------O                                                                  (7 = 22.6%) {77.4%}
17  ... 

Histogram: Blink.PrepareToStopParsingTime recorded 26 samples, mean = 2.6 (flags = 0x41)
0   ----------------------O                                                   (22 = 84.6%)
1   --O                                                                       (2 = 7.7%) {84.6%}
2   -O                                                                        (1 = 3.8%) {92.3%}
3   ... 
57  -O                                                                        (1 = 3.8%) {96.2%}
68  ... 

Histogram: Blink.PumpTokenizerTime recorded 51 samples, mean = 1.5 (flags = 0x41)
0   -----------------------------------------------O                          (47 = 92.2%)
1   -O                                                                        (1 = 2.0%) {92.2%}
2   ... 
12  -O                                                                        (1 = 2.0%) {94.1%}
14  -O                                                                        (1 = 2.0%) {96.1%}
17  ... 
40  -O                                                                        (1 = 2.0%) {98.0%}
48  ... 

Histogram: Blink.ResourceRequest.BackgroundResourceFetchSupportStatus recorded 46 samples, mean = 0.0 (flags = 0x41)
0  ---------------------------------------------O                            (45 = 97.8%)
1  O                                                                         (0 = 0.0%) {97.8%}
2  -O                                                                        (1 = 2.2%) {97.8%}
3  ... 

Histogram: Blink.ResourceRequest.CompletionDelay2 recorded 46 samples, mean = 96.9 (flags = 0x41)
0    ------O                                                                   (6 = 13.0%)
1    ---------O                                                                (9 = 19.6%) {13.0%}
2    ---O                                                                      (3 = 6.5%) {32.6%}
3    -O                                                                        (1 = 2.2%) {39.1%}
4    -O                                                                        (1 = 2.2%) {41.3%}
5    -O                                                                        (1 = 2.2%) {43.5%}
6    -O                                                                        (1 = 2.2%) {45.7%}
7    -O                                                                        (1 = 2.2%) {47.8%}
8    O                                                                         (0 = 0.0%) {50.0%}
10   -O                                                                        (1 = 2.2%) {50.0%}
12   ---O                                                                      (3 = 6.5%) {52.2%}
14   ----O                                                                     (4 = 8.7%) {58.7%}
17   O                                                                         (0 = 0.0%) {67.4%}
20   -O                                                                        (1 = 2.2%) {67.4%}
24   -O                                                                        (1 = 2.2%) {69.6%}
29   -O                                                                        (1 = 2.2%) {71.7%}
34   ... 
135  --O                                                                       (2 = 4.3%) {73.9%}
160  O                                                                         (0 = 0.0%) {78.3%}
190  -O                                                                        (1 = 2.2%) {78.3%}
226  --O                                                                       (2 = 4.3%) {80.4%}
268  -O                                                                        (1 = 2.2%) {84.8%}
318  --O                                                                       (2 = 4.3%) {87.0%}
378  O                                                                         (0 = 0.0%) {91.3%}
449  -O                                                                        (1 = 2.2%) {91.3%}
533  ---O                                                                      (3 = 6.5%) {93.5%}
633  ... 

Histogram: Blink.ResourceRequest.RedirectDelay2 recorded 1 samples, mean = 10.0 (flags = 0x41)
0   ... 
10  -O                                                                        (1 = 100.0%) {0.0%}
12  ... 

Histogram: Blink.ResourceRequest.ResponseDelay2 recorded 46 samples, mean = 104.4 (flags = 0x41)
0    -O                                                                        (1 = 2.2%)
1    -O                                                                        (1 = 2.2%) {2.2%}
2    -O                                                                        (1 = 2.2%) {4.3%}
3    ----O                                                                     (4 = 8.7%) {6.5%}
4    -O                                                                        (1 = 2.2%) {15.2%}
5    ... 
7    -O                                                                        (1 = 2.2%) {17.4%}
8    -O                                                                        (1 = 2.2%) {19.6%}
10   O                                                                         (0 = 0.0%) {21.7%}
12   -O                                                                        (1 = 2.2%) {21.7%}
14   ----O                                                                     (4 = 8.7%) {23.9%}
17   -O                                                                        (1 = 2.2%) {32.6%}
20   -O                                                                        (1 = 2.2%) {34.8%}
24   --O                                                                       (2 = 4.3%) {37.0%}
29   ----O                                                                     (4 = 8.7%) {41.3%}
34   --O                                                                       (2 = 4.3%) {50.0%}
40   ... 
81   -O                                                                        (1 = 2.2%) {54.3%}
96   O                                                                         (0 = 0.0%) {56.5%}
114  ---O                                                                      (3 = 6.5%) {56.5%}
135  -----O                                                                    (5 = 10.9%) {63.0%}
160  ---O                                                                      (3 = 6.5%) {73.9%}
190  ----O                                                                     (4 = 8.7%) {80.4%}
226  --O                                                                       (2 = 4.3%) {89.1%}
268  -O                                                                        (1 = 2.2%) {93.5%}
318  O                                                                         (0 = 0.0%) {95.7%}
378  -O                                                                        (1 = 2.2%) {95.7%}
449  O                                                                         (0 = 0.0%) {97.8%}
533  -O                                                                        (1 = 2.2%) {97.8%}
633  ... 

Histogram: Blink.ResourceRequest.StartDelay2 recorded 46 samples, mean = 67.2 (flags = 0x41)
0   ... 
6   -O                                                                        (1 = 2.2%) {0.0%}
7   -O                                                                        (1 = 2.2%) {2.2%}
8   ---O                                                                      (3 = 6.5%) {4.3%}
10  O                                                                         (0 = 0.0%) {10.9%}
12  -O                                                                        (1 = 2.2%) {10.9%}
14  -O                                                                        (1 = 2.2%) {13.0%}
17  O                                                                         (0 = 0.0%) {15.2%}
20  --O                                                                       (2 = 4.3%) {15.2%}
24  ---O                                                                      (3 = 6.5%) {19.6%}
29  ... 
40  -O                                                                        (1 = 2.2%) {26.1%}
48  -O                                                                        (1 = 2.2%) {28.3%}
57  --O                                                                       (2 = 4.3%) {30.4%}
68  -----O                                                                    (5 = 10.9%) {34.8%}
81  ------------------O                                                       (18 = 39.1%) {45.7%}
96  -------O                                                                  (7 = 15.2%) {84.8%}
114 ... 

Histogram: Blink.ScanAndPreloadTime.MainFrame.Initial recorded 1 samples, mean = 17.0 (flags = 0x41)
0   ... 
17  -O                                                                        (1 = 100.0%) {0.0%}
20  ... 

Histogram: Blink.ScanAndPreloadTime.MainFrame.NonInitial recorded 1 samples, mean = 0.0 (flags = 0x41)
0  -O                                                                        (1 = 100.0%)
1  ... 

Histogram: Blink.ScanAndPreloadTime2.MainFrame.Initial recorded 1 samples, mean = 17380.0 (flags = 0x41)
0      ... 
14319  -O                                                                        (1 = 100.0%) {0.0%}
19866  ... 

Histogram: Blink.ScanAndPreloadTime2.MainFrame.NonInitial recorded 1 samples, mean = 39.0 (flags = 0x41)
0   ... 
29  -O                                                                        (1 = 100.0%) {0.0%}
40  ... 

Histogram: Blink.ScanAndPreloadTime2.Preload.MainFrame.Initial recorded 1 samples, mean = 16024.0 (flags = 0x41)
0      ... 
14319  -O                                                                        (1 = 100.0%) {0.0%}
19866  ... 

Histogram: Blink.ScanAndPreloadTime2.Preload.MainFrame.NonInitial recorded 1 samples, mean = 1.0 (flags = 0x41)
0  O                                                                         (0 = 0.0%)
1  -O                                                                        (1 = 100.0%) {0.0%}
2  ... 

Histogram: Blink.ScanAndPreloadTime2.Scan.MainFrame.Initial recorded 1 samples, mean = 1327.0 (flags = 0x41)
0     ... 
1043  -O                                                                        (1 = 100.0%) {0.0%}
1447  ... 

Histogram: Blink.ScanAndPreloadTime2.Scan.MainFrame.NonInitial recorded 1 samples, mean = 1.0 (flags = 0x41)
0  O                                                                         (0 = 0.0%)
1  -O                                                                        (1 = 100.0%) {0.0%}
2  ... 

Histogram: Blink.Script.AsyncScript.FromReadyToStartExecution.Time recorded 24 samples, mean = 65.5 (flags = 0x41)
0    -----------------O                                                        (17 = 70.8%)
1    ... 
3    -O                                                                        (1 = 4.2%) {70.8%}
4    ... 
8    -O                                                                        (1 = 4.2%) {75.0%}
10   ... 
20   -O                                                                        (1 = 4.2%) {79.2%}
25   ... 
66   -O                                                                        (1 = 4.2%) {83.3%}
84   ... 
220  --O                                                                       (2 = 8.3%) {87.5%}
280  ... 
926  -O                                                                        (1 = 4.2%) {95.8%}
1177 ... 

Histogram: Blink.Script.SchedulingType recorded 39 samples, mean = 5.3 (flags = 0x41)
0  ... 
3  -O                                                                        (1 = 2.6%) {0.0%}
4  O                                                                         (0 = 0.0%) {2.6%}
5  -----------------------O                                                  (23 = 59.0%) {2.6%}
6  ---------------O                                                          (15 = 38.5%) {61.5%}
7  ... 

Histogram: Blink.UseCounter.AnimatedCSSProperties recorded 1 samples, mean = 1.0 (flags = 0x41)
0  O                                                                         (0 = 0.0%)
1  -O                                                                        (1 = 100.0%) {0.0%}
2  ... 

Histogram: Blink.UseCounter.CSSProperties recorded 96 samples, mean = 275.0 (flags = 0x41)
0    O                                                                         (0 = 0.0%)
1    -O                                                                        (1 = 1.0%) {0.0%}
2    -O                                                                        (1 = 1.0%) {1.0%}
3    -O                                                                        (1 = 1.0%) {2.1%}
4    -O                                                                        (1 = 1.0%) {3.1%}
5    -O                                                                        (1 = 1.0%) {4.2%}
6    -O                                                                        (1 = 1.0%) {5.2%}
7    -O                                                                        (1 = 1.0%) {6.2%}
8    -O                                                                        (1 = 1.0%) {7.3%}
9    O                                                                         (0 = 0.0%) {8.3%}
10   -O                                                                        (1 = 1.0%) {8.3%}
11   ... 
14   -O                                                                        (1 = 1.0%) {9.4%}
15   ... 
20   -O                                                                        (1 = 1.0%) {10.4%}
21   -O                                                                        (1 = 1.0%) {11.5%}
22   ... 
24   -O                                                                        (1 = 1.0%) {12.5%}
25   ... 
34   -O                                                                        (1 = 1.0%) {13.5%}
35   ... 
42   -O                                                                        (1 = 1.0%) {14.6%}
43   ... 
53   -O                                                                        (1 = 1.0%) {15.6%}
54   ... 
59   -O                                                                        (1 = 1.0%) {16.7%}
60   ... 
66   -O                                                                        (1 = 1.0%) {17.7%}
67   ... 
69   -O                                                                        (1 = 1.0%) {18.8%}
70   ... 
72   -O                                                                        (1 = 1.0%) {19.8%}
73   O                                                                         (0 = 0.0%) {20.8%}
74   -O                                                                        (1 = 1.0%) {20.8%}
75   ... 
77   -O                                                                        (1 = 1.0%) {21.9%}
78   ... 
81   -O                                                                        (1 = 1.0%) {22.9%}
82   ... 
84   -O                                                                        (1 = 1.0%) {24.0%}
85   ... 
89   -O                                                                        (1 = 1.0%) {25.0%}
90   ... 
95   -O                                                                        (1 = 1.0%) {26.0%}
96   -O                                                                        (1 = 1.0%) {27.1%}
97   -O                                                                        (1 = 1.0%) {28.1%}
98   -O                                                                        (1 = 1.0%) {29.2%}
99   O                                                                         (0 = 0.0%) {30.2%}
100  -O                                                                        (1 = 1.0%) {30.2%}
101  ... 
105  -O                                                                        (1 = 1.0%) {31.2%}
106  -O                                                                        (1 = 1.0%) {32.3%}
107  -O                                                                        (1 = 1.0%) {33.3%}
108  O                                                                         (0 = 0.0%) {34.4%}
109  -O                                                                        (1 = 1.0%) {34.4%}
110  ... 
118  -O                                                                        (1 = 1.0%) {35.4%}
119  -O                                                                        (1 = 1.0%) {36.5%}
120  ... 
124  -O                                                                        (1 = 1.0%) {37.5%}
125  ... 
127  -O                                                                        (1 = 1.0%) {38.5%}
128  -O                                                                        (1 = 1.0%) {39.6%}
129  -O                                                                        (1 = 1.0%) {40.6%}
130  ... 
143  -O                                                                        (1 = 1.0%) {41.7%}
144  ... 
150  -O                                                                        (1 = 1.0%) {42.7%}
151  O                                                                         (0 = 0.0%) {43.8%}
152  -O                                                                        (1 = 1.0%) {43.8%}
153  -O                                                                        (1 = 1.0%) {44.8%}
154  -O                                                                        (1 = 1.0%) {45.8%}
155  O                                                                         (0 = 0.0%) {46.9%}
156  -O                                                                        (1 = 1.0%) {46.9%}
157  -O                                                                        (1 = 1.0%) {47.9%}
158  O                                                                         (0 = 0.0%) {49.0%}
159  -O                                                                        (1 = 1.0%) {49.0%}
160  O                                                                         (0 = 0.0%) {50.0%}
161  -O                                                                        (1 = 1.0%) {50.0%}
162  ... 
164  -O                                                                        (1 = 1.0%) {51.0%}
165  -O                                                                        (1 = 1.0%) {52.1%}
166  ... 
175  -O                                                                        (1 = 1.0%) {53.1%}
176  ... 
231  -O                                                                        (1 = 1.0%) {54.2%}
232  -O                                                                        (1 = 1.0%) {55.2%}
233  O                                                                         (0 = 0.0%) {56.2%}
234  -O                                                                        (1 = 1.0%) {56.2%}
235  -O                                                                        (1 = 1.0%) {57.3%}
236  O                                                                         (0 = 0.0%) {58.3%}
237  -O                                                                        (1 = 1.0%) {58.3%}
238  -O                                                                        (1 = 1.0%) {59.4%}
239  -O                                                                        (1 = 1.0%) {60.4%}
240  -O                                                                        (1 = 1.0%) {61.5%}
241  O                                                                         (0 = 0.0%) {62.5%}
242  -O                                                                        (1 = 1.0%) {62.5%}
243  ... 
303  -O                                                                        (1 = 1.0%) {63.5%}
304  ... 
369  -O                                                                        (1 = 1.0%) {64.6%}
370  -O                                                                        (1 = 1.0%) {65.6%}
371  ... 
415  -O                                                                        (1 = 1.0%) {66.7%}
416  ... 
432  -O                                                                        (1 = 1.0%) {67.7%}
433  -O                                                                        (1 = 1.0%) {68.8%}
434  ... 
437  -O                                                                        (1 = 1.0%) {69.8%}
438  ... 
446  -O                                                                        (1 = 1.0%) {70.8%}
447  ... 
508  -O                                                                        (1 = 1.0%) {71.9%}
509  ... 
514  -O                                                                        (1 = 1.0%) {72.9%}
515  -O                                                                        (1 = 1.0%) {74.0%}
516  -O                                                                        (1 = 1.0%) {75.0%}
517  ... 
537  -O                                                                        (1 = 1.0%) {76.0%}
538  ... 
549  -O                                                                        (1 = 1.0%) {77.1%}
550  ... 
563  -O                                                                        (1 = 1.0%) {78.1%}
564  ... 
591  -O                                                                        (1 = 1.0%) {79.2%}
592  -O                                                                        (1 = 1.0%) {80.2%}
593  O                                                                         (0 = 0.0%) {81.2%}
594  -O                                                                        (1 = 1.0%) {81.2%}
595  -O                                                                        (1 = 1.0%) {82.3%}
596  ... 
598  -O                                                                        (1 = 1.0%) {83.3%}
599  -O                                                                        (1 = 1.0%) {84.4%}
600  ... 
618  -O                                                                        (1 = 1.0%) {85.4%}
619  -O                                                                        (1 = 1.0%) {86.5%}
620  -O                                                                        (1 = 1.0%) {87.5%}
621  -O                                                                        (1 = 1.0%) {88.5%}
622  ... 
636  -O                                                                        (1 = 1.0%) {89.6%}
637  ... 
657  -O                                                                        (1 = 1.0%) {90.6%}
658  -O                                                                        (1 = 1.0%) {91.7%}
659  ... 
662  -O                                                                        (1 = 1.0%) {92.7%}
663  ... 
672  -O                                                                        (1 = 1.0%) {93.8%}
673  -O                                                                        (1 = 1.0%) {94.8%}
674  O                                                                         (0 = 0.0%) {95.8%}
675  -O                                                                        (1 = 1.0%) {95.8%}
676  ... 
696  -O                                                                        (1 = 1.0%) {96.9%}
697  ... 
746  -O                                                                        (1 = 1.0%) {97.9%}
747  ... 
770  -O                                                                        (1 = 1.0%) {99.0%}
771  ... 

Histogram: Blink.UseCounter.Features recorded 163 samples, mean = 2276.3 (flags = 0x41)
0     ... 
13    -O                                                                        (1 = 0.6%) {0.0%}
14    ... 
16    -O                                                                        (1 = 0.6%) {0.6%}
17    ... 
52    -O                                                                        (1 = 0.6%) {1.2%}
53    ... 
69    -O                                                                        (1 = 0.6%) {1.8%}
70    ... 
123   -O                                                                        (1 = 0.6%) {2.5%}
124   -O                                                                        (1 = 0.6%) {3.1%}
125   -O                                                                        (1 = 0.6%) {3.7%}
126   ... 
138   -O                                                                        (1 = 0.6%) {4.3%}
139   ... 
240   -O                                                                        (1 = 0.6%) {4.9%}
241   ... 
250   -O                                                                        (1 = 0.6%) {5.5%}
251   ... 
429   -O                                                                        (1 = 0.6%) {6.1%}
430   -O                                                                        (1 = 0.6%) {6.7%}
431   -O                                                                        (1 = 0.6%) {7.4%}
432   -O                                                                        (1 = 0.6%) {8.0%}
433   ... 
469   -O                                                                        (1 = 0.6%) {8.6%}
470   ... 
523   -O                                                                        (1 = 0.6%) {9.2%}
524   ... 
587   -O                                                                        (1 = 0.6%) {9.8%}
588   -O                                                                        (1 = 0.6%) {10.4%}
589   ... 
675   -O                                                                        (1 = 0.6%) {11.0%}
676   O                                                                         (0 = 0.0%) {11.7%}
677   -O                                                                        (1 = 0.6%) {11.7%}
678   ... 
710   -O                                                                        (1 = 0.6%) {12.3%}
711   -O                                                                        (1 = 0.6%) {12.9%}
712   -O                                                                        (1 = 0.6%) {13.5%}
713   ... 
717   -O                                                                        (1 = 0.6%) {14.1%}
718   ... 
730   -O                                                                        (1 = 0.6%) {14.7%}
731   ... 
744   -O                                                                        (1 = 0.6%) {15.3%}
745   ... 
780   -O                                                                        (1 = 0.6%) {16.0%}
781   -O                                                                        (1 = 0.6%) {16.6%}
782   ... 
786   -O                                                                        (1 = 0.6%) {17.2%}
787   -O                                                                        (1 = 0.6%) {17.8%}
788   ... 
804   -O                                                                        (1 = 0.6%) {18.4%}
805   ... 
900   -O                                                                        (1 = 0.6%) {19.0%}
901   -O                                                                        (1 = 0.6%) {19.6%}
902   ... 
907   -O                                                                        (1 = 0.6%) {20.2%}
908   ... 
954   -O                                                                        (1 = 0.6%) {20.9%}
955   ... 
970   -O                                                                        (1 = 0.6%) {21.5%}
971   O                                                                         (0 = 0.0%) {22.1%}
972   -O                                                                        (1 = 0.6%) {22.1%}
973   -O                                                                        (1 = 0.6%) {22.7%}
974   ... 
976   -O                                                                        (1 = 0.6%) {23.3%}
977   ... 
1023  -O                                                                        (1 = 0.6%) {23.9%}
1024  ... 
1069  -O                                                                        (1 = 0.6%) {24.5%}
1070  -O                                                                        (1 = 0.6%) {25.2%}
1071  ... 
1075  -O                                                                        (1 = 0.6%) {25.8%}
1076  -O                                                                        (1 = 0.6%) {26.4%}
1077  ... 
1124  -O                                                                        (1 = 0.6%) {27.0%}
1125  ... 
1302  -O                                                                        (1 = 0.6%) {27.6%}
1303  ... 
1307  -O                                                                        (1 = 0.6%) {28.2%}
1308  ... 
1347  -O                                                                        (1 = 0.6%) {28.8%}
1348  ... 
1351  -O                                                                        (1 = 0.6%) {29.4%}
1352  ... 
1354  -O                                                                        (1 = 0.6%) {30.1%}
1355  ... 
1368  -O                                                                        (1 = 0.6%) {30.7%}
1369  ... 
1417  -O                                                                        (1 = 0.6%) {31.3%}
1418  ... 
1441  -O                                                                        (1 = 0.6%) {31.9%}
1442  ... 
1467  -O                                                                        (1 = 0.6%) {32.5%}
1468  ... 
1502  -O                                                                        (1 = 0.6%) {33.1%}
1503  ... 
1692  -O                                                                        (1 = 0.6%) {33.7%}
1693  -O                                                                        (1 = 0.6%) {34.4%}
1694  ... 
1827  -O                                                                        (1 = 0.6%) {35.0%}
1828  ... 
2013  -O                                                                        (1 = 0.6%) {35.6%}
2014  ... 
2096  -O                                                                        (1 = 0.6%) {36.2%}
2097  ... 
2121  -O                                                                        (1 = 0.6%) {36.8%}
2122  ... 
2157  -O                                                                        (1 = 0.6%) {37.4%}
2158  ... 
2203  -O                                                                        (1 = 0.6%) {38.0%}
2204  -O                                                                        (1 = 0.6%) {38.7%}
2205  ... 
2217  -O                                                                        (1 = 0.6%) {39.3%}
2218  ... 
2226  -O                                                                        (1 = 0.6%) {39.9%}
2227  O                                                                         (0 = 0.0%) {40.5%}
2228  -O                                                                        (1 = 0.6%) {40.5%}
2229  -O                                                                        (1 = 0.6%) {41.1%}
2230  ... 
2236  -O                                                                        (1 = 0.6%) {41.7%}
2237  ... 
2298  -O                                                                        (1 = 0.6%) {42.3%}
2299  ... 
2314  -O                                                                        (1 = 0.6%) {42.9%}
2315  ... 
2319  -O                                                                        (1 = 0.6%) {43.6%}
2320  ... 
2322  -O                                                                        (1 = 0.6%) {44.2%}
2323  ... 
2347  -O                                                                        (1 = 0.6%) {44.8%}
2348  -O                                                                        (1 = 0.6%) {45.4%}
2349  ... 
2355  -O                                                                        (1 = 0.6%) {46.0%}
2356  ... 
2361  -O                                                                        (1 = 0.6%) {46.6%}
2362  ... 
2387  -O                                                                        (1 = 0.6%) {47.2%}
2388  -O                                                                        (1 = 0.6%) {47.9%}
2389  ... 
2399  -O                                                                        (1 = 0.6%) {48.5%}
2400  ... 
2413  -O                                                                        (1 = 0.6%) {49.1%}
2414  ... 
2429  -O                                                                        (1 = 0.6%) {49.7%}
2430  O                                                                         (0 = 0.0%) {50.3%}
2431  -O                                                                        (1 = 0.6%) {50.3%}
2432  ... 
2518  -O                                                                        (1 = 0.6%) {50.9%}
2519  ... 
2598  -O                                                                        (1 = 0.6%) {51.5%}
2599  ... 
2618  -O                                                                        (1 = 0.6%) {52.1%}
2619  ... 
2654  -O                                                                        (1 = 0.6%) {52.8%}
2655  -O                                                                        (1 = 0.6%) {53.4%}
2656  -O                                                                        (1 = 0.6%) {54.0%}
2657  -O                                                                        (1 = 0.6%) {54.6%}
2658  -O                                                                        (1 = 0.6%) {55.2%}
2659  -O                                                                        (1 = 0.6%) {55.8%}
2660  -O                                                                        (1 = 0.6%) {56.4%}
2661  -O                                                                        (1 = 0.6%) {57.1%}
2662  -O                                                                        (1 = 0.6%) {57.7%}
2663  -O                                                                        (1 = 0.6%) {58.3%}
2664  ... 
2699  -O                                                                        (1 = 0.6%) {58.9%}
2700  -O                                                                        (1 = 0.6%) {59.5%}
2701  -O                                                                        (1 = 0.6%) {60.1%}
2702  -O                                                                        (1 = 0.6%) {60.7%}
2703  -O                                                                        (1 = 0.6%) {61.3%}
2704  -O                                                                        (1 = 0.6%) {62.0%}
2705  -O                                                                        (1 = 0.6%) {62.6%}
2706  -O                                                                        (1 = 0.6%) {63.2%}
2707  -O                                                                        (1 = 0.6%) {63.8%}
2708  ... 
2710  -O                                                                        (1 = 0.6%) {64.4%}
2711  -O                                                                        (1 = 0.6%) {65.0%}
2712  ... 
2716  -O                                                                        (1 = 0.6%) {65.6%}
2717  ... 
2723  -O                                                                        (1 = 0.6%) {66.3%}
2724  ... 
2738  -O                                                                        (1 = 0.6%) {66.9%}
2739  ... 
2769  -O                                                                        (1 = 0.6%) {67.5%}
2770  ... 
2789  -O                                                                        (1 = 0.6%) {68.1%}
2790  -O                                                                        (1 = 0.6%) {68.7%}
2791  -O                                                                        (1 = 0.6%) {69.3%}
2792  -O                                                                        (1 = 0.6%) {69.9%}
2793  ... 
2841  -O                                                                        (1 = 0.6%) {70.6%}
2842  ... 
2903  -O                                                                        (1 = 0.6%) {71.2%}
2904  -O                                                                        (1 = 0.6%) {71.8%}
2905  ... 
2935  -O                                                                        (1 = 0.6%) {72.4%}
2936  ... 
3019  -O                                                                        (1 = 0.6%) {73.0%}
3020  -O                                                                        (1 = 0.6%) {73.6%}
3021  ... 
3066  -O                                                                        (1 = 0.6%) {74.2%}
3067  ... 
3116  -O                                                                        (1 = 0.6%) {74.8%}
3117  ... 
3157  -O                                                                        (1 = 0.6%) {75.5%}
3158  ... 
3189  -O                                                                        (1 = 0.6%) {76.1%}
3190  ... 
3198  -O                                                                        (1 = 0.6%) {76.7%}
3199  ... 
3273  -O                                                                        (1 = 0.6%) {77.3%}
3274  O                                                                         (0 = 0.0%) {77.9%}
3275  -O                                                                        (1 = 0.6%) {77.9%}
3276  ... 
3279  -O                                                                        (1 = 0.6%) {78.5%}
3280  ... 
3307  -O                                                                        (1 = 0.6%) {79.1%}
3308  -O                                                                        (1 = 0.6%) {79.8%}
3309  ... 
3349  -O                                                                        (1 = 0.6%) {80.4%}
3350  ... 
3359  -O                                                                        (1 = 0.6%) {81.0%}
3360  ... 
3409  -O                                                                        (1 = 0.6%) {81.6%}
3410  ... 
3444  -O                                                                        (1 = 0.6%) {82.2%}
3445  ... 
3580  -O                                                                        (1 = 0.6%) {82.8%}
3581  -O                                                                        (1 = 0.6%) {83.4%}
3582  ... 
3698  -O                                                                        (1 = 0.6%) {84.0%}
3699  ... 
3789  -O                                                                        (1 = 0.6%) {84.7%}
3790  -O                                                                        (1 = 0.6%) {85.3%}
3791  ... 
3797  -O                                                                        (1 = 0.6%) {85.9%}
3798  ... 
3803  -O                                                                        (1 = 0.6%) {86.5%}
3804  ... 
3870  -O                                                                        (1 = 0.6%) {87.1%}
3871  ... 
3945  -O                                                                        (1 = 0.6%) {87.7%}
3946  ... 
3973  -O                                                                        (1 = 0.6%) {88.3%}
3974  ... 
4007  -O                                                                        (1 = 0.6%) {89.0%}
4008  ... 
4079  -O                                                                        (1 = 0.6%) {89.6%}
4080  ... 
4113  -O                                                                        (1 = 0.6%) {90.2%}
4114  ... 
4177  -O                                                                        (1 = 0.6%) {90.8%}
4178  ... 
4194  -O                                                                        (1 = 0.6%) {91.4%}
4195  O                                                                         (0 = 0.0%) {92.0%}
4196  -O                                                                        (1 = 0.6%) {92.0%}
4197  ... 
4240  -O                                                                        (1 = 0.6%) {92.6%}
4241  O                                                                         (0 = 0.0%) {93.3%}
4242  -O                                                                        (1 = 0.6%) {93.3%}
4243  ... 
4317  -O                                                                        (1 = 0.6%) {93.9%}
4318  ... 
4346  -O                                                                        (1 = 0.6%) {94.5%}
4347  ... 
4372  -O                                                                        (1 = 0.6%) {95.1%}
4373  ... 
4379  -O                                                                        (1 = 0.6%) {95.7%}
4380  ... 
4419  -O                                                                        (1 = 0.6%) {96.3%}
4420  ... 
4561  -O                                                                        (1 = 0.6%) {96.9%}
4562  ... 
4673  -O                                                                        (1 = 0.6%) {97.5%}
4674  ... 
4743  -O                                                                        (1 = 0.6%) {98.2%}
4744  ... 
4877  -O                                                                        (1 = 0.6%) {98.8%}
4878  ... 
4994  -O                                                                        (1 = 0.6%) {99.4%}
4995  ... 

Histogram: Blink.UseCounter.MainFrame.Features recorded 163 samples, mean = 2276.3 (flags = 0x41)
0     ... 
13    -O                                                                        (1 = 0.6%) {0.0%}
14    ... 
16    -O                                                                        (1 = 0.6%) {0.6%}
17    ... 
52    -O                                                                        (1 = 0.6%) {1.2%}
53    ... 
69    -O                                                                        (1 = 0.6%) {1.8%}
70    ... 
123   -O                                                                        (1 = 0.6%) {2.5%}
124   -O                                                                        (1 = 0.6%) {3.1%}
125   -O                                                                        (1 = 0.6%) {3.7%}
126   ... 
138   -O                                                                        (1 = 0.6%) {4.3%}
139   ... 
240   -O                                                                        (1 = 0.6%) {4.9%}
241   ... 
250   -O                                                                        (1 = 0.6%) {5.5%}
251   ... 
429   -O                                                                        (1 = 0.6%) {6.1%}
430   -O                                                                        (1 = 0.6%) {6.7%}
431   -O                                                                        (1 = 0.6%) {7.4%}
432   -O                                                                        (1 = 0.6%) {8.0%}
433   ... 
469   -O                                                                        (1 = 0.6%) {8.6%}
470   ... 
523   -O                                                                        (1 = 0.6%) {9.2%}
524   ... 
587   -O                                                                        (1 = 0.6%) {9.8%}
588   -O                                                                        (1 = 0.6%) {10.4%}
589   ... 
675   -O                                                                        (1 = 0.6%) {11.0%}
676   O                                                                         (0 = 0.0%) {11.7%}
677   -O                                                                        (1 = 0.6%) {11.7%}
678   ... 
710   -O                                                                        (1 = 0.6%) {12.3%}
711   -O                                                                        (1 = 0.6%) {12.9%}
712   -O                                                                        (1 = 0.6%) {13.5%}
713   ... 
717   -O                                                                        (1 = 0.6%) {14.1%}
718   ... 
730   -O                                                                        (1 = 0.6%) {14.7%}
731   ... 
744   -O                                                                        (1 = 0.6%) {15.3%}
745   ... 
780   -O                                                                        (1 = 0.6%) {16.0%}
781   -O                                                                        (1 = 0.6%) {16.6%}
782   ... 
786   -O                                                                        (1 = 0.6%) {17.2%}
787   -O                                                                        (1 = 0.6%) {17.8%}
788   ... 
804   -O                                                                        (1 = 0.6%) {18.4%}
805   ... 
900   -O                                                                        (1 = 0.6%) {19.0%}
901   -O                                                                        (1 = 0.6%) {19.6%}
902   ... 
907   -O                                                                        (1 = 0.6%) {20.2%}
908   ... 
954   -O                                                                        (1 = 0.6%) {20.9%}
955   ... 
970   -O                                                                        (1 = 0.6%) {21.5%}
971   O                                                                         (0 = 0.0%) {22.1%}
972   -O                                                                        (1 = 0.6%) {22.1%}
973   -O                                                                        (1 = 0.6%) {22.7%}
974   ... 
976   -O                                                                        (1 = 0.6%) {23.3%}
977   ... 
1023  -O                                                                        (1 = 0.6%) {23.9%}
1024  ... 
1069  -O                                                                        (1 = 0.6%) {24.5%}
1070  -O                                                                        (1 = 0.6%) {25.2%}
1071  ... 
1075  -O                                                                        (1 = 0.6%) {25.8%}
1076  -O                                                                        (1 = 0.6%) {26.4%}
1077  ... 
1124  -O                                                                        (1 = 0.6%) {27.0%}
1125  ... 
1302  -O                                                                        (1 = 0.6%) {27.6%}
1303  ... 
1307  -O                                                                        (1 = 0.6%) {28.2%}
1308  ... 
1347  -O                                                                        (1 = 0.6%) {28.8%}
1348  ... 
1351  -O                                                                        (1 = 0.6%) {29.4%}
1352  ... 
1354  -O                                                                        (1 = 0.6%) {30.1%}
1355  ... 
1368  -O                                                                        (1 = 0.6%) {30.7%}
1369  ... 
1417  -O                                                                        (1 = 0.6%) {31.3%}
1418  ... 
1441  -O                                                                        (1 = 0.6%) {31.9%}
1442  ... 
1467  -O                                                                        (1 = 0.6%) {32.5%}
1468  ... 
1502  -O                                                                        (1 = 0.6%) {33.1%}
1503  ... 
1692  -O                                                                        (1 = 0.6%) {33.7%}
1693  -O                                                                        (1 = 0.6%) {34.4%}
1694  ... 
1827  -O                                                                        (1 = 0.6%) {35.0%}
1828  ... 
2013  -O                                                                        (1 = 0.6%) {35.6%}
2014  ... 
2096  -O                                                                        (1 = 0.6%) {36.2%}
2097  ... 
2121  -O                                                                        (1 = 0.6%) {36.8%}
2122  ... 
2157  -O                                                                        (1 = 0.6%) {37.4%}
2158  ... 
2203  -O                                                                        (1 = 0.6%) {38.0%}
2204  -O                                                                        (1 = 0.6%) {38.7%}
2205  ... 
2217  -O                                                                        (1 = 0.6%) {39.3%}
2218  ... 
2226  -O                                                                        (1 = 0.6%) {39.9%}
2227  O                                                                         (0 = 0.0%) {40.5%}
2228  -O                                                                        (1 = 0.6%) {40.5%}
2229  -O                                                                        (1 = 0.6%) {41.1%}
2230  ... 
2236  -O                                                                        (1 = 0.6%) {41.7%}
2237  ... 
2298  -O                                                                        (1 = 0.6%) {42.3%}
2299  ... 
2314  -O                                                                        (1 = 0.6%) {42.9%}
2315  ... 
2319  -O                                                                        (1 = 0.6%) {43.6%}
2320  ... 
2322  -O                                                                        (1 = 0.6%) {44.2%}
2323  ... 
2347  -O                                                                        (1 = 0.6%) {44.8%}
2348  -O                                                                        (1 = 0.6%) {45.4%}
2349  ... 
2355  -O                                                                        (1 = 0.6%) {46.0%}
2356  ... 
2361  -O                                                                        (1 = 0.6%) {46.6%}
2362  ... 
2387  -O                                                                        (1 = 0.6%) {47.2%}
2388  -O                                                                        (1 = 0.6%) {47.9%}
2389  ... 
2399  -O                                                                        (1 = 0.6%) {48.5%}
2400  ... 
2413  -O                                                                        (1 = 0.6%) {49.1%}
2414  ... 
2429  -O                                                                        (1 = 0.6%) {49.7%}
2430  O                                                                         (0 = 0.0%) {50.3%}
2431  -O                                                                        (1 = 0.6%) {50.3%}
2432  ... 
2518  -O                                                                        (1 = 0.6%) {50.9%}
2519  ... 
2598  -O                                                                        (1 = 0.6%) {51.5%}
2599  ... 
2618  -O                                                                        (1 = 0.6%) {52.1%}
2619  ... 
2654  -O                                                                        (1 = 0.6%) {52.8%}
2655  -O                                                                        (1 = 0.6%) {53.4%}
2656  -O                                                                        (1 = 0.6%) {54.0%}
2657  -O                                                                        (1 = 0.6%) {54.6%}
2658  -O                                                                        (1 = 0.6%) {55.2%}
2659  -O                                                                        (1 = 0.6%) {55.8%}
2660  -O                                                                        (1 = 0.6%) {56.4%}
2661  -O                                                                        (1 = 0.6%) {57.1%}
2662  -O                                                                        (1 = 0.6%) {57.7%}
2663  -O                                                                        (1 = 0.6%) {58.3%}
2664  ... 
2699  -O                                                                        (1 = 0.6%) {58.9%}
2700  -O                                                                        (1 = 0.6%) {59.5%}
2701  -O                                                                        (1 = 0.6%) {60.1%}
2702  -O                                                                        (1 = 0.6%) {60.7%}
2703  -O                                                                        (1 = 0.6%) {61.3%}
2704  -O                                                                        (1 = 0.6%) {62.0%}
2705  -O                                                                        (1 = 0.6%) {62.6%}
2706  -O                                                                        (1 = 0.6%) {63.2%}
2707  -O                                                                        (1 = 0.6%) {63.8%}
2708  ... 
2710  -O                                                                        (1 = 0.6%) {64.4%}
2711  -O                                                                        (1 = 0.6%) {65.0%}
2712  ... 
2716  -O                                                                        (1 = 0.6%) {65.6%}
2717  ... 
2723  -O                                                                        (1 = 0.6%) {66.3%}
2724  ... 
2738  -O                                                                        (1 = 0.6%) {66.9%}
2739  ... 
2769  -O                                                                        (1 = 0.6%) {67.5%}
2770  ... 
2789  -O                                                                        (1 = 0.6%) {68.1%}
2790  -O                                                                        (1 = 0.6%) {68.7%}
2791  -O                                                                        (1 = 0.6%) {69.3%}
2792  -O                                                                        (1 = 0.6%) {69.9%}
2793  ... 
2841  -O                                                                        (1 = 0.6%) {70.6%}
2842  ... 
2903  -O                                                                        (1 = 0.6%) {71.2%}
2904  -O                                                                        (1 = 0.6%) {71.8%}
2905  ... 
2935  -O                                                                        (1 = 0.6%) {72.4%}
2936  ... 
3019  -O                                                                        (1 = 0.6%) {73.0%}
3020  -O                                                                        (1 = 0.6%) {73.6%}
3021  ... 
3066  -O                                                                        (1 = 0.6%) {74.2%}
3067  ... 
3116  -O                                                                        (1 = 0.6%) {74.8%}
3117  ... 
3157  -O                                                                        (1 = 0.6%) {75.5%}
3158  ... 
3189  -O                                                                        (1 = 0.6%) {76.1%}
3190  ... 
3198  -O                                                                        (1 = 0.6%) {76.7%}
3199  ... 
3273  -O                                                                        (1 = 0.6%) {77.3%}
3274  O                                                                         (0 = 0.0%) {77.9%}
3275  -O                                                                        (1 = 0.6%) {77.9%}
3276  ... 
3279  -O                                                                        (1 = 0.6%) {78.5%}
3280  ... 
3307  -O                                                                        (1 = 0.6%) {79.1%}
3308  -O                                                                        (1 = 0.6%) {79.8%}
3309  ... 
3349  -O                                                                        (1 = 0.6%) {80.4%}
3350  ... 
3359  -O                                                                        (1 = 0.6%) {81.0%}
3360  ... 
3409  -O                                                                        (1 = 0.6%) {81.6%}
3410  ... 
3444  -O                                                                        (1 = 0.6%) {82.2%}
3445  ... 
3580  -O                                                                        (1 = 0.6%) {82.8%}
3581  -O                                                                        (1 = 0.6%) {83.4%}
3582  ... 
3698  -O                                                                        (1 = 0.6%) {84.0%}
3699  ... 
3789  -O                                                                        (1 = 0.6%) {84.7%}
3790  -O                                                                        (1 = 0.6%) {85.3%}
3791  ... 
3797  -O                                                                        (1 = 0.6%) {85.9%}
3798  ... 
3803  -O                                                                        (1 = 0.6%) {86.5%}
3804  ... 
3870  -O                                                                        (1 = 0.6%) {87.1%}
3871  ... 
3945  -O                                                                        (1 = 0.6%) {87.7%}
3946  ... 
3973  -O                                                                        (1 = 0.6%) {88.3%}
3974  ... 
4007  -O                                                                        (1 = 0.6%) {89.0%}
4008  ... 
4079  -O                                                                        (1 = 0.6%) {89.6%}
4080  ... 
4113  -O                                                                        (1 = 0.6%) {90.2%}
4114  ... 
4177  -O                                                                        (1 = 0.6%) {90.8%}
4178  ... 
4194  -O                                                                        (1 = 0.6%) {91.4%}
4195  O                                                                         (0 = 0.0%) {92.0%}
4196  -O                                                                        (1 = 0.6%) {92.0%}
4197  ... 
4240  -O                                                                        (1 = 0.6%) {92.6%}
4241  O                                                                         (0 = 0.0%) {93.3%}
4242  -O                                                                        (1 = 0.6%) {93.3%}
4243  ... 
4317  -O                                                                        (1 = 0.6%) {93.9%}
4318  ... 
4346  -O                                                                        (1 = 0.6%) {94.5%}
4347  ... 
4372  -O                                                                        (1 = 0.6%) {95.1%}
4373  ... 
4379  -O                                                                        (1 = 0.6%) {95.7%}
4380  ... 
4419  -O                                                                        (1 = 0.6%) {96.3%}
4420  ... 
4561  -O                                                                        (1 = 0.6%) {96.9%}
4562  ... 
4673  -O                                                                        (1 = 0.6%) {97.5%}
4674  ... 
4743  -O                                                                        (1 = 0.6%) {98.2%}
4744  ... 
4877  -O                                                                        (1 = 0.6%) {98.8%}
4878  ... 
4994  -O                                                                        (1 = 0.6%) {99.4%}
4995  ... 

Histogram: Blink.UseCounter.PermissionsPolicy.Allow2 recorded 0 samples (flags = 0x41)
0 ... 

Histogram: Blink.UseCounter.PermissionsPolicy.Header2 recorded 0 samples (flags = 0x41)
0 ... 

Histogram: Blink.UseCounter.PermissionsPolicy.Violation.Enforce recorded 0 samples (flags = 0x41)
0 ... 

Histogram: Blink.UseCounter.WebDXFeatures recorded 16 samples, mean = 40.2 (flags = 0x41)
0   ... 
5   -O                                                                        (1 = 6.2%) {0.0%}
6   ... 
8   -O                                                                        (1 = 6.2%) {6.2%}
9   -O                                                                        (1 = 6.2%) {12.5%}
10  O                                                                         (0 = 0.0%) {18.8%}
11  -O                                                                        (1 = 6.2%) {18.8%}
12  ... 
27  -O                                                                        (1 = 6.2%) {25.0%}
28  -O                                                                        (1 = 6.2%) {31.2%}
29  -O                                                                        (1 = 6.2%) {37.5%}
30  ... 
38  -O                                                                        (1 = 6.2%) {43.8%}
39  -O                                                                        (1 = 6.2%) {50.0%}
40  ... 
45  -O                                                                        (1 = 6.2%) {56.2%}
46  -O                                                                        (1 = 6.2%) {62.5%}
47  ... 
58  -O                                                                        (1 = 6.2%) {68.8%}
59  ... 
68  -O                                                                        (1 = 6.2%) {75.0%}
69  ... 
71  -O                                                                        (1 = 6.2%) {81.2%}
72  ... 
79  -O                                                                        (1 = 6.2%) {87.5%}
80  ... 
83  -O                                                                        (1 = 6.2%) {93.8%}
84  ... 

Histogram: Blink.UserDrivenDocumentUpdate.UpdateTime.PreFCP recorded 1 samples, mean = 13.0 (flags = 0x41)
0   ... 
11  -O                                                                        (1 = 100.0%) {0.0%}
15  ... 

Histogram: Bookmarks.BookmarkBar.Shown recorded 1 samples, mean = 0.0 (flags = 0x41)
0  -O                                                                        (1 = 100.0%)
1  ... 

Histogram: Bookmarks.Count.OnProfileLoad3 recorded 1 samples, mean = 0.0 (flags = 0x41)
0  -O                                                                        (1 = 100.0%)
1  ... 

Histogram: Bookmarks.Storage.TimeToLoadAtStartup2 recorded 1 samples, mean = 18577.0 (flags = 0x41)
0      ... 
10000  -O                                                                        (1 = 100.0%) {0.0%}

Histogram: Bookmarks.Times.OnProfileLoad.TimeSinceAdded3 recorded 1 samples, mean = 0.0 (flags = 0x41)
0  -O                                                                        (1 = 100.0%)
1  ... 

Histogram: Bookmarks.Utilization.OnProfileLoad.PercentageUsed recorded 1 samples, mean = 0.0 (flags = 0x41)
0  -O                                                                        (1 = 100.0%)
1  ... 

Histogram: Bookmarks.Utilization.OnProfileLoad.TotalUnused recorded 1 samples, mean = 0.0 (flags = 0x41)
0  -O                                                                        (1 = 100.0%)
1  ... 

Histogram: Bookmarks.Utilization.OnProfileLoad.TotalUsed recorded 1 samples, mean = 0.0 (flags = 0x41)
0  -O                                                                        (1 = 100.0%)
1  ... 

Histogram: BrotliFilter.CompressionPercent recorded 32 samples, mean = 34.9 (flags = 0x41)
0    ... 
10   -O                                                                        (1 = 3.1%) {0.0%}
11   -O                                                                        (1 = 3.1%) {3.1%}
12   --O                                                                       (2 = 6.2%) {6.2%}
13   -O                                                                        (1 = 3.1%) {12.5%}
14   -O                                                                        (1 = 3.1%) {15.6%}
15   -O                                                                        (1 = 3.1%) {18.8%}
16   O                                                                         (0 = 0.0%) {21.9%}
17   --O                                                                       (2 = 6.2%) {21.9%}
18   O                                                                         (0 = 0.0%) {28.1%}
19   -O                                                                        (1 = 3.1%) {28.1%}
20   -O                                                                        (1 = 3.1%) {31.2%}
21   ... 
24   -O                                                                        (1 = 3.1%) {34.4%}
25   -O                                                                        (1 = 3.1%) {37.5%}
26   -O                                                                        (1 = 3.1%) {40.6%}
27   -O                                                                        (1 = 3.1%) {43.8%}
28   -O                                                                        (1 = 3.1%) {46.9%}
29   ---O                                                                      (3 = 9.4%) {50.0%}
30   -O                                                                        (1 = 3.1%) {59.4%}
31   ... 
33   -O                                                                        (1 = 3.1%) {62.5%}
34   -O                                                                        (1 = 3.1%) {65.6%}
35   O                                                                         (0 = 0.0%) {68.8%}
36   -O                                                                        (1 = 3.1%) {68.8%}
37   ... 
41   -O                                                                        (1 = 3.1%) {71.9%}
42   O                                                                         (0 = 0.0%) {75.0%}
43   -O                                                                        (1 = 3.1%) {75.0%}
44   ... 
48   -O                                                                        (1 = 3.1%) {78.1%}
49   -O                                                                        (1 = 3.1%) {81.2%}
50   -O                                                                        (1 = 3.1%) {84.4%}
51   -O                                                                        (1 = 3.1%) {87.5%}
52   ... 
84   -O                                                                        (1 = 3.1%) {90.6%}
85   ... 
101  --O                                                                       (2 = 6.2%) {93.8%}

Histogram: BrotliFilter.Status recorded 32 samples, mean = 1.0 (flags = 0x41)
0  O                                                                         (0 = 0.0%)
1  --------------------------------O                                         (32 = 100.0%) {0.0%}
2  ... 

Histogram: BrotliFilter.UsedMemoryKB recorded 32 samples, mean = 187.1 (flags = 0x41)
0    ... 
16   --O                                                                       (2 = 6.2%) {0.0%}
20   O                                                                         (0 = 0.0%) {6.2%}
25   ----O                                                                     (4 = 12.5%) {6.2%}
31   -----O                                                                    (5 = 15.6%) {18.8%}
39   -O                                                                        (1 = 3.1%) {34.4%}
49   -O                                                                        (1 = 3.1%) {37.5%}
61   ---O                                                                      (3 = 9.4%) {40.6%}
76   --O                                                                       (2 = 6.2%) {50.0%}
95   O                                                                         (0 = 0.0%) {56.2%}
119  --O                                                                       (2 = 6.2%) {56.2%}
149  -O                                                                        (1 = 3.1%) {62.5%}
187  ---O                                                                      (3 = 9.4%) {65.6%}
234  ... 
367  ------O                                                                   (6 = 18.8%) {75.0%}
460  ... 
722  --O                                                                       (2 = 6.2%) {93.8%}
905  ... 

Histogram: Browser.ERP.RequestPayloadSizePerHour recorded 1 samples, mean = 0.0 (flags = 0x41)
0  -O                                                                        (1 = 100.0%)
1  ... 

Histogram: Browser.ERP.ResponsePayloadSizePerHour recorded 1 samples, mean = 0.0 (flags = 0x41)
0  -O                                                                        (1 = 100.0%)
1  ... 

Histogram: Browser.MainThreadsCongestion.RunningOnly recorded 150 samples, mean = 0.0 (flags = 0x41)
0  ------------------------------------------------------------------------O (150 = 100.0%)
1  ... 

Histogram: Browser.MainThreadsCongestion.RunningOnly.Initial recorded 1 samples, mean = 0.0 (flags = 0x41)
0  -O                                                                        (1 = 100.0%)
1  ... 

Histogram: Browser.Responsiveness.IOJanksTotalPerMinute recorded 75 samples, mean = 0.0 (flags = 0x41)
0  ------------------------------------------------------------------------O (75 = 100.0%)
1  ... 

Histogram: Browser.Responsiveness.IOJankyIntervalsPerMinute recorded 75 samples, mean = 0.0 (flags = 0x41)
0  ------------------------------------------------------------------------O (75 = 100.0%)
1  ... 

Histogram: BrowserRenderProcessHost.Cleanup.DelayReason recorded 11 samples, mean = 6.5 (flags = 0x41)
0  ---O                                                                      (3 = 27.3%)
1  ... 
9  --------O                                                                 (8 = 72.7%) {27.3%}
10 ... 

Histogram: BrowserRenderProcessHost.Cleanup.Total recorded 11 samples, mean = 1.0 (flags = 0x41)
0  O                                                                         (0 = 0.0%)
1  -----------O                                                              (11 = 100.0%) {0.0%}
2  O                                                                         (0 = 0.0%) {100.0%}

Histogram: BrowserRenderProcessHost.ExistingRendererIsInitializedAndNotDead recorded 1 samples, mean = 1.0 (flags = 0x41)
0  O                                                                         (0 = 0.0%)
1  -O                                                                        (1 = 100.0%) {0.0%}
2  O                                                                         (0 = 0.0%) {100.0%}

Histogram: BrowserRenderProcessHost.FastShutdownIfPossible.DelayReason recorded 1 samples, mean = 4.0 (flags = 0x41)
0  ... 
4  -O                                                                        (1 = 100.0%) {0.0%}
5  ... 

Histogram: BrowserRenderProcessHost.FastShutdownIfPossible.Total recorded 1 samples, mean = 1.0 (flags = 0x41)
0  O                                                                         (0 = 0.0%)
1  -O                                                                        (1 = 100.0%) {0.0%}
2  O                                                                         (0 = 0.0%) {100.0%}

Histogram: BrowserRenderProcessHost.SpareProcessEvictedOtherSpare recorded 2 samples, mean = 0.0 (flags = 0x41)
0  --O                                                                       (2 = 100.0%)
1  ... 

Histogram: BrowserRenderProcessHost.SpareProcessMaybeTakeAction recorded 2 samples, mean = 2.0 (flags = 0x41)
0  -O                                                                        (1 = 50.0%)
1  ... 
4  -O                                                                        (1 = 50.0%) {50.0%}
5  ... 

Histogram: BrowserRenderProcessHost.SpareProcessStartupTime recorded 2 samples, mean = 11838.0 (flags = 0x41)
0      ... 
4222   -O                                                                        (1 = 50.0%) {0.0%}
5017   ... 
10000  -O                                                                        (1 = 50.0%) {50.0%}

Histogram: BrowserSwitcher.ExternalGreylistSize recorded 1 samples, mean = 0.0 (flags = 0x41)
0  -O                                                                        (1 = 100.0%)
1  ... 

Histogram: BrowserSwitcher.ExternalSitelistSize recorded 1 samples, mean = 0.0 (flags = 0x41)
0  -O                                                                        (1 = 100.0%)
1  ... 

Histogram: BrowserSwitcher.IeemSitelistSize recorded 1 samples, mean = 0.0 (flags = 0x41)
0  -O                                                                        (1 = 100.0%)
1  ... 

Histogram: BrowsingTopics.BrowsingTopicsState.LoadFinishStatus recorded 1 samples, mean = 1.0 (flags = 0x41)
0  O                                                                         (0 = 0.0%)
1  -O                                                                        (1 = 100.0%) {0.0%}
2  O                                                                         (0 = 0.0%) {100.0%}

Histogram: BrowsingTopics.EpochTopicsCalculation.FirstTry.CalculatorResultStatus recorded 1 samples, mean = 1.0 (flags = 0x41)
0  O                                                                         (0 = 0.0%)
1  -O                                                                        (1 = 100.0%) {0.0%}
2  ... 

Histogram: BrowsingTopics.EpochTopicsCalculation.Started.RetryNumber recorded 1 samples, mean = 0.0 (flags = 0x41)
0  -O                                                                        (1 = 100.0%)
1  ... 

Histogram: BrowsingTopics.EpochTopicsCalculation.TimeBetweenCalculations recorded 1 samples, mean = 604800192.0 (flags = 0x41)
0          ... 
545293203  -O                                                                        (1 = 100.0%) {0.0%}
632535746  ... 

Histogram: BrowsingTopics.SiteDataStorage.FileSize.KB recorded 1 samples, mean = 28.0 (flags = 0x41)
0   ... 
28  -O                                                                        (1 = 100.0%) {0.0%}
37  ... 

Histogram: BrowsingTopics.SiteDataStorage.InitStatus recorded 1 samples, mean = 1.0 (flags = 0x41)
0  O                                                                         (0 = 0.0%)
1  -O                                                                        (1 = 100.0%) {0.0%}
2  O                                                                         (0 = 0.0%) {100.0%}

Histogram: CPU.Experimental.CpuEstimationTaskMigrated recorded 15 samples, mean = 0.1 (flags = 0x41)
0  --------------O                                                           (14 = 93.3%)
1  -O                                                                        (1 = 6.7%) {93.3%}
2  O                                                                         (0 = 0.0%) {100.0%}

Histogram: CPU.Experimental.CpuEstimationTaskQueuedTime.Performance recorded 15 samples, mean = 67.1 (flags = 0x41)
0    ... 
12   -O                                                                        (1 = 6.7%) {0.0%}
16   ----O                                                                     (4 = 26.7%) {6.7%}
21   -----O                                                                    (5 = 33.3%) {33.3%}
28   -O                                                                        (1 = 6.7%) {66.7%}
37   -O                                                                        (1 = 6.7%) {73.3%}
49   O                                                                         (0 = 0.0%) {80.0%}
65   -O                                                                        (1 = 6.7%) {80.0%}
86   O                                                                         (0 = 0.0%) {86.7%}
113  -O                                                                        (1 = 6.7%) {86.7%}
149  ... 
448  -O                                                                        (1 = 6.7%) {93.3%}
590  ... 

Histogram: CPU.Experimental.CpuEstimationTaskThreadTime.Performance recorded 15 samples, mean = 177.9 (flags = 0x41)
0    ... 
149  --------------O                                                           (14 = 93.3%) {0.0%}
196  ... 
340  -O                                                                        (1 = 6.7%) {93.3%}
448  ... 

Histogram: CPU.Experimental.CpuEstimationTaskTotalTime.Performance recorded 15 samples, mean = 292.0 (flags = 0x41)
0    ... 
149  --------O                                                                 (8 = 53.3%) {0.0%}
196  ---O                                                                      (3 = 20.0%) {53.3%}
258  -O                                                                        (1 = 6.7%) {73.3%}
340  -O                                                                        (1 = 6.7%) {80.0%}
448  O                                                                         (0 = 0.0%) {86.7%}
590  -O                                                                        (1 = 6.7%) {86.7%}
777  -O                                                                        (1 = 6.7%) {93.3%}
1023 ... 

Histogram: CPU.Experimental.CpuEstimationTaskWallTime.Performance recorded 15 samples, mean = 224.9 (flags = 0x41)
0    ... 
149  -----------O                                                              (11 = 73.3%) {0.0%}
196  -O                                                                        (1 = 6.7%) {73.3%}
258  -O                                                                        (1 = 6.7%) {80.0%}
340  -O                                                                        (1 = 6.7%) {86.7%}
448  O                                                                         (0 = 0.0%) {93.3%}
590  -O                                                                        (1 = 6.7%) {93.3%}
777  ... 

Histogram: CPU.Experimental.CpuEstimationThreadTimePercent.Performance recorded 15 samples, mean = 88.3 (flags = 0x41)
0   ... 
26  -O                                                                        (1 = 6.7%) {0.0%}
27  ... 
59  -O                                                                        (1 = 6.7%) {6.7%}
60  ... 
79  -O                                                                        (1 = 6.7%) {13.3%}
80  ... 
96  -------O                                                                  (7 = 46.7%) {20.0%}
97  --O                                                                       (2 = 13.3%) {66.7%}
98  --O                                                                       (2 = 13.3%) {80.0%}
99  -O                                                                        (1 = 6.7%) {93.3%}
100 ... 

Histogram: CPU.Experimental.EstimatedFrequencyAsPercentOfLimit.Performance recorded 14 samples, mean = 235.4 (flags = 0x41)
0    ... 
100  -O                                                                        (1 = 7.1%) {0.0%}
101  -------------O                                                            (13 = 92.9%) {7.1%}

Histogram: CPU.Experimental.EstimatedFrequencyAsPercentOfMax.Performance recorded 14 samples, mean = 235.4 (flags = 0x41)
0    ... 
100  -O                                                                        (1 = 7.1%) {0.0%}
101  -------------O                                                            (13 = 92.9%) {7.1%}

Histogram: CertificateType2.BR.Intermediate.ECDSA recorded 7 samples, mean = 256.0 (flags = 0x41)
0    ... 
256  -------O                                                                  (7 = 100.0%) {0.0%}
257  ... 

Histogram: CertificateType2.BR.Intermediate.RSA recorded 10 samples, mean = 2048.0 (flags = 0x41)
0     ... 
2048  ----------O                                                               (10 = 100.0%) {0.0%}
2049  ... 

Histogram: CertificateType2.BR.Leaf.ECDSA recorded 15 samples, mean = 256.0 (flags = 0x41)
0    ... 
256  ---------------O                                                          (15 = 100.0%) {0.0%}
257  ... 

Histogram: CertificateType2.BR.Leaf.RSA recorded 2 samples, mean = 2048.0 (flags = 0x41)
0     ... 
2048  --O                                                                       (2 = 100.0%) {0.0%}
2049  ... 

Histogram: CertificateType2.BR.Root.ECDSA recorded 7 samples, mean = 384.0 (flags = 0x41)
0    ... 
384  -------O                                                                  (7 = 100.0%) {0.0%}
385  ... 

Histogram: CertificateType2.BR.Root.RSA recorded 10 samples, mean = 3686.4 (flags = 0x41)
0     ... 
2048  --O                                                                       (2 = 20.0%) {0.0%}
2049  ... 
4096  --------O                                                                 (8 = 80.0%) {20.0%}
4097  ... 

Histogram: ChildProcess.Launched.UtilityProcessHash recorded 10 samples (flags = 0x41)
-2043041185 -O                                                                        (1 = 10.0%)
-1706449158 ----O                                                                     (4 = 40.0%)
-1468742076 -O                                                                        (1 = 10.0%)
1411170475  -O                                                                        (1 = 10.0%)
1882216268  ---O                                                                      (3 = 30.0%)

Histogram: ChildProcess.ProcessLifetime.Utility recorded 10 samples, mean = 901453.6 (flags = 0x41)
0        ... 
160      -----O                                                                    (5 = 50.0%) {0.0%}
217      --O                                                                       (2 = 20.0%) {50.0%}
294      ... 
4516     -O                                                                        (1 = 10.0%) {70.0%}
6118     ... 
3600000  --O                                                                       (2 = 20.0%) {80.0%}

Histogram: Chrome.ProcessSingleton.NotifyResult recorded 1 samples, mean = 0.0 (flags = 0x41)
0  -O                                                                        (1 = 100.0%)
1  ... 

Histogram: Chrome.ProcessSingleton.TimeToCreate recorded 1 samples, mean = 0.0 (flags = 0x41)
0  -O                                                                        (1 = 100.0%)
10 ... 

Histogram: Chrome.SystemNetworkContextManager.NetworkSandboxState recorded 4 samples, mean = 0.0 (flags = 0x41)
0  ----O                                                                     (4 = 100.0%)
1  ... 

Histogram: ChromeElf.Beacon.RetryAttemptsBeforeSuccess recorded 1 samples, mean = 0.0 (flags = 0x41)
0  -O                                                                        (1 = 100.0%)
1  ... 

Histogram: ChromeElf.Beacon.SetupStatus recorded 1 samples, mean = 1.0 (flags = 0x41)
0  O                                                                         (0 = 0.0%)
1  -O                                                                        (1 = 100.0%) {0.0%}
2  ... 

Histogram: ChromeElf.ExtensionPoint.EnableState recorded 1 samples, mean = 1.0 (flags = 0x41)
0  O                                                                         (0 = 0.0%)
1  -O                                                                        (1 = 100.0%) {0.0%}
2  O                                                                         (0 = 0.0%) {100.0%}

Histogram: ClientHints.CriticalCHRestart recorded 1 samples, mean = 0.0 (flags = 0x41)
0  -O                                                                        (1 = 100.0%)
1  ... 

Histogram: ClientHints.FetchLatency_PrefRead recorded 5 samples, mean = 15.4 (flags = 0x41)
0   ... 
8   -O                                                                        (1 = 20.0%) {0.0%}
11  ---O                                                                      (3 = 60.0%) {20.0%}
15  ... 
29  -O                                                                        (1 = 20.0%) {80.0%}
40  ... 

Histogram: ClientHints.FetchLatency_PrerenderHost recorded 5 samples, mean = 0.8 (flags = 0x41)
0  ---O                                                                      (3 = 60.0%)
1  -O                                                                        (1 = 20.0%) {60.0%}
2  O                                                                         (0 = 0.0%) {80.0%}
3  -O                                                                        (1 = 20.0%) {80.0%}
4  ... 

Histogram: ClientHints.FetchLatency_Total recorded 5 samples, mean = 16.2 (flags = 0x41)
0   ... 
8   -O                                                                        (1 = 20.0%) {0.0%}
11  ---O                                                                      (3 = 60.0%) {20.0%}
15  ... 
29  -O                                                                        (1 = 20.0%) {80.0%}
40  ... 

Histogram: ComponentUpdater.Calls recorded 1 samples, mean = 1.0 (flags = 0x41)
0  O                                                                         (0 = 0.0%)
1  -O                                                                        (1 = 100.0%) {0.0%}
2  O                                                                         (0 = 0.0%) {100.0%}

Histogram: ComponentUpdater.UpdateCompleteError recorded 1 samples, mean = 0.0 (flags = 0x41)
0  -O                                                                        (1 = 100.0%)
1  ... 

Histogram: ComponentUpdater.UpdateCompleteResult recorded 1 samples, mean = 0.0 (flags = 0x41)
0  -O                                                                        (1 = 100.0%)
1  ... 

Histogram: ComponentUpdater.UpdateCompleteTime recorded 1 samples, mean = 25402.0 (flags = 0x41)
0      ... 
23760  -O                                                                        (1 = 100.0%) {0.0%}
27425  ... 

Histogram: Compositing.Browser.CompositorFrame.Quads recorded 3 samples, mean = 1.0 (flags = 0x41)
0  O                                                                         (0 = 0.0%)
1  ---O                                                                      (3 = 100.0%) {0.0%}
2  ... 

Histogram: Compositing.Browser.LayerTreeImpl.CalculateDrawPropertiesUs recorded 4 samples, mean = 24.8 (flags = 0x41)
0   ... 
12  -O                                                                        (1 = 25.0%) {0.0%}
16  --O                                                                       (2 = 50.0%) {25.0%}
21  ... 
49  -O                                                                        (1 = 25.0%) {75.0%}
65  ... 

Histogram: Compositing.Browser.LayersUpdateTime recorded 4 samples, mean = 32.8 (flags = 0x41)
0   ... 
11  --O                                                                       (2 = 50.0%) {0.0%}
15  ... 
29  -O                                                                        (1 = 25.0%) {50.0%}
40  O                                                                         (0 = 0.0%) {75.0%}
55  -O                                                                        (1 = 25.0%) {75.0%}
76  ... 

Histogram: Compositing.ColorGamut recorded 7 samples, mean = 0.0 (flags = 0x41)
0  -------O                                                                  (7 = 100.0%)
1  ... 

Histogram: Compositing.DecodeLCPCandidateImage.Hardware recorded 1 samples, mean = 0.0 (flags = 0x41)
0  -O                                                                        (1 = 100.0%)
1  ... 

Histogram: Compositing.DidMainThreadBlockDuringCommit recorded 12 samples, mean = 0.2 (flags = 0x41)
0  ----------O                                                               (10 = 83.3%)
1  --O                                                                       (2 = 16.7%) {83.3%}
2  O                                                                         (0 = 0.0%) {100.0%}

Histogram: Compositing.DirectRenderer.OverlayProcessingUs recorded 7 samples, mean = 0.1 (flags = 0x41)
0  -------O                                                                  (7 = 100.0%)
5  ... 

Histogram: Compositing.DirectRenderer.PartialSwap.ExtraDamage recorded 7 samples, mean = 0.0 (flags = 0x41)
0  -------O                                                                  (7 = 100.0%)
1  ... 

Histogram: Compositing.DirectRenderer.PartialSwap.FrameBufferDamage recorded 7 samples, mean = 0.0 (flags = 0x41)
0  -------O                                                                  (7 = 100.0%)
1  ... 

Histogram: Compositing.DirectRenderer.PartialSwap.RootDamage recorded 7 samples, mean = 100.0 (flags = 0x41)
0    ... 
100  -------O                                                                  (7 = 100.0%) {0.0%}
101  O                                                                         (0 = 0.0%) {100.0%}

Histogram: Compositing.DirectRenderer.PartialSwap.TotalDamage recorded 7 samples, mean = 100.0 (flags = 0x41)
0    ... 
100  -------O                                                                  (7 = 100.0%) {0.0%}
101  O                                                                         (0 = 0.0%) {100.0%}

Histogram: Compositing.DirectRenderer.SkipAllNonRootRenderPassesPerFrame recorded 5 samples, mean = 0.0 (flags = 0x41)
0  -----O                                                                    (5 = 100.0%)
1  ... 

Histogram: Compositing.DirectRenderer.SkipNonRootRenderPass recorded 5 samples, mean = 0.0 (flags = 0x41)
0  -----O                                                                    (5 = 100.0%)
1  ... 

Histogram: Compositing.DirectRenderer.TotalPixelsRendered recorded 7 samples, mean = 1.7 (flags = 0x41)
0  O                                                                         (0 = 0.0%)
1  --O                                                                       (2 = 28.6%) {0.0%}
2  -----O                                                                    (5 = 71.4%) {28.6%}
3  ... 

Histogram: Compositing.Display.Draw.Occlusion.Calculation.Time recorded 7 samples, mean = 17.0 (flags = 0x41)
0   ... 
2   -O                                                                        (1 = 14.3%) {0.0%}
3   O                                                                         (0 = 0.0%) {14.3%}
4   --O                                                                       (2 = 28.6%) {14.3%}
5   -O                                                                        (1 = 14.3%) {42.9%}
6   ... 
12  -O                                                                        (1 = 14.3%) {57.1%}
14  O                                                                         (0 = 0.0%) {71.4%}
16  -O                                                                        (1 = 14.3%) {71.4%}
18  ... 
75  -O                                                                        (1 = 14.3%) {85.7%}
84  ... 

Histogram: Compositing.Display.Draw.Quads recorded 7 samples, mean = 2.4 (flags = 0x41)
0  O                                                                         (0 = 0.0%)
1  --O                                                                       (2 = 28.6%) {0.0%}
2  O                                                                         (0 = 0.0%) {28.6%}
3  -----O                                                                    (5 = 71.4%) {28.6%}
4  ... 

Histogram: Compositing.Display.DrawToSwapUs recorded 7 samples, mean = 5568.3 (flags = 0x41)
0      ... 
490    -O                                                                        (1 = 14.3%) {0.0%}
594    ... 
1059   -O                                                                        (1 = 14.3%) {14.3%}
1284   -O                                                                        (1 = 14.3%) {28.6%}
1557   O                                                                         (0 = 0.0%) {42.9%}
1888   -O                                                                        (1 = 14.3%) {42.9%}
2289   -O                                                                        (1 = 14.3%) {57.1%}
2776   ... 
12974  -O                                                                        (1 = 14.3%) {71.4%}
15732  -O                                                                        (1 = 14.3%) {85.7%}
19076  ... 

Histogram: Compositing.Display.FlattenedRenderPassCount recorded 7 samples, mean = 1.7 (flags = 0x41)
0  O                                                                         (0 = 0.0%)
1  --O                                                                       (2 = 28.6%) {0.0%}
2  -----O                                                                    (5 = 71.4%) {28.6%}
3  ... 

Histogram: Compositing.Display.PendingSwaps recorded 7 samples, mean = 1.0 (flags = 0x41)
0  O                                                                         (0 = 0.0%)
1  -------O                                                                  (7 = 100.0%) {0.0%}
2  ... 

Histogram: Compositing.Display.VizDependencyResolvedToGpuStartedDrawUs recorded 7 samples, mean = 36.0 (flags = 0x41)
0   ... 
18  --O                                                                       (2 = 28.6%) {0.0%}
22  --O                                                                       (2 = 28.6%) {28.6%}
27  -O                                                                        (1 = 14.3%) {57.1%}
33  O                                                                         (0 = 0.0%) {71.4%}
40  -O                                                                        (1 = 14.3%) {71.4%}
49  ... 
87  -O                                                                        (1 = 14.3%) {85.7%}
105 ... 

Histogram: Compositing.Display.VizScheduledDrawToDependencyResolvedUs recorded 7 samples, mean = 30.6 (flags = 0x41)
0    ----O                                                                     (4 = 57.1%)
5    ... 
10   --O                                                                       (2 = 28.6%) {57.1%}
12   ... 
154  -O                                                                        (1 = 14.3%) {85.7%}
187  ... 

Histogram: Compositing.Display.VizScheduledDrawToGpuStartedDrawUs recorded 7 samples, mean = 66.6 (flags = 0x41)
0    ... 
18   -O                                                                        (1 = 14.3%) {0.0%}
22   O                                                                         (0 = 0.0%) {14.3%}
27   ---O                                                                      (3 = 42.9%) {14.3%}
33   ... 
49   -O                                                                        (1 = 14.3%) {57.1%}
59   ... 
105  -O                                                                        (1 = 14.3%) {71.4%}
127  ... 
187  -O                                                                        (1 = 14.3%) {85.7%}
227  ... 

Histogram: Compositing.MainThreadBlockedDuringCommitTime recorded 2 samples, mean = 17.5 (flags = 0x41)
0   ... 
11  -O                                                                        (1 = 50.0%) {0.0%}
15  O                                                                         (0 = 0.0%) {50.0%}
21  -O                                                                        (1 = 50.0%) {50.0%}
29  ... 

Histogram: Compositing.Renderer.CompositorFrame.Quads recorded 4 samples, mean = 2.0 (flags = 0x41)
0  ... 
2  ----O                                                                     (4 = 100.0%) {0.0%}
3  ... 

Histogram: Compositing.Renderer.LayersUpdateTime recorded 6 samples, mean = 70.2 (flags = 0x41)
0    ... 
29   --O                                                                       (2 = 33.3%) {0.0%}
40   ---O                                                                      (3 = 50.0%) {33.3%}
55   ... 
203  -O                                                                        (1 = 16.7%) {83.3%}
282  ... 

Histogram: Compositing.Renderer.NumRenderSurfaces recorded 11 samples, mean = 1.0 (flags = 0x41)
0  O                                                                         (0 = 0.0%)
1  -----------O                                                              (11 = 100.0%) {0.0%}
2  ... 

Histogram: Compositing.SurfaceAggregator.AggregateUs recorded 7 samples, mean = 2427.6 (flags = 0x41)
0      ... 
37     -O                                                                        (1 = 14.3%) {0.0%}
49     O                                                                         (0 = 0.0%) {14.3%}
65     --O                                                                       (2 = 28.6%) {14.3%}
86     ... 
196    -O                                                                        (1 = 14.3%) {42.9%}
258    O                                                                         (0 = 0.0%) {57.1%}
340    -O                                                                        (1 = 14.3%) {57.1%}
448    O                                                                         (0 = 0.0%) {71.4%}
590    -O                                                                        (1 = 14.3%) {71.4%}
777    ... 
12196  -O                                                                        (1 = 14.3%) {85.7%}
16063  ... 

Histogram: Compositing.SurfaceAggregator.CopiedSurfaceCount recorded 7 samples, mean = 1.7 (flags = 0x41)
0  O                                                                         (0 = 0.0%)
1  --O                                                                       (2 = 28.6%) {0.0%}
2  -----O                                                                    (5 = 71.4%) {28.6%}
3  ... 

Histogram: Compositing.SurfaceAggregator.CopyUs recorded 7 samples, mean = 27.4 (flags = 0x41)
0   ... 
11  --O                                                                       (2 = 28.6%) {0.0%}
13  -O                                                                        (1 = 14.3%) {28.6%}
15  O                                                                         (0 = 0.0%) {42.9%}
18  -O                                                                        (1 = 14.3%) {42.9%}
21  ... 
34  --O                                                                       (2 = 28.6%) {57.1%}
40  ... 
55  -O                                                                        (1 = 14.3%) {85.7%}
64  ... 

Histogram: Compositing.SurfaceAggregator.HasCopyRequestsPerFrame recorded 7 samples, mean = 0.6 (flags = 0x41)
0  ---O                                                                      (3 = 42.9%)
1  ----O                                                                     (4 = 57.1%) {42.9%}
2  O                                                                         (0 = 0.0%) {100.0%}

Histogram: Compositing.SurfaceAggregator.HasPixelMovingBackdropFiltersPerFrame recorded 7 samples, mean = 0.0 (flags = 0x41)
0  -------O                                                                  (7 = 100.0%)
1  ... 

Histogram: Compositing.SurfaceAggregator.HasPixelMovingFiltersPerFrame recorded 7 samples, mean = 0.0 (flags = 0x41)
0  -------O                                                                  (7 = 100.0%)
1  ... 

Histogram: Compositing.SurfaceAggregator.HasUnembeddedRenderPassesPerFrame recorded 7 samples, mean = 0.0 (flags = 0x41)
0  -------O                                                                  (7 = 100.0%)
1  ... 

Histogram: Compositing.SurfaceAggregator.PrewalkUs recorded 7 samples, mean = 2343.6 (flags = 0x41)
0      ... 
21     -O                                                                        (1 = 14.3%) {0.0%}
25     ... 
47     --O                                                                       (2 = 28.6%) {14.3%}
55     ... 
166    -O                                                                        (1 = 14.3%) {42.9%}
194    ... 
266    -O                                                                        (1 = 14.3%) {57.1%}
311    -O                                                                        (1 = 14.3%) {71.4%}
364    ... 
10000  -O                                                                        (1 = 14.3%) {85.7%}

Histogram: Compositing.SurfaceAggregator.PrewalkedSurfaceCount recorded 7 samples, mean = 1.7 (flags = 0x41)
0  O                                                                         (0 = 0.0%)
1  --O                                                                       (2 = 28.6%) {0.0%}
2  -----O                                                                    (5 = 71.4%) {28.6%}
3  ... 

Histogram: Compositing.SurfaceManager.MarkForDestructionToDestroy recorded 1 samples, mean = 516.0 (flags = 0x41)
0    ... 
449  -O                                                                        (1 = 100.0%) {0.0%}
533  ... 

Histogram: Content.Classification.OpenGraph recorded 1 samples, mean = 4.0 (flags = 0x41)
0  ... 
4  -O                                                                        (1 = 100.0%) {0.0%}
5  ... 

Histogram: ContentSettings.AllowStorageAccessSync recorded 4 samples, mean = 0.2 (flags = 0x41)
0  ---O                                                                      (3 = 75.0%)
1  -O                                                                        (1 = 25.0%) {75.0%}
2  ... 

Histogram: ContentSettings.GetContentSetting.Network.Duration recorded 383 samples, mean = 1.5 (flags = 0x41)
0   ------------------------------------------------------------------------O (148 = 38.6%)
1   ----------------------------------------------------------------------O   (143 = 37.3%) {38.6%}
2   ------------O                                                             (24 = 6.3%) {76.0%}
3   ------------O                                                             (25 = 6.5%) {82.2%}
4   ----------O                                                               (20 = 5.2%) {88.8%}
5   ---O                                                                      (7 = 1.8%) {94.0%}
7   ----O                                                                     (8 = 2.1%) {95.8%}
9   O                                                                         (1 = 0.3%) {97.9%}
12  --O                                                                       (4 = 1.0%) {98.2%}
16  O                                                                         (1 = 0.3%) {99.2%}
21  -O                                                                        (2 = 0.5%) {99.5%}
28  ... 

Histogram: ContentSettings.GetCookieSettingInternal.Duration recorded 121 samples, mean = 13.7 (flags = 0x41)
0    ... 
2    ------O                                                                   (6 = 5.0%) {0.0%}
3    --------------------------O                                               (26 = 21.5%) {5.0%}
4    ----------O                                                               (10 = 8.3%) {26.4%}
5    ----------O                                                               (10 = 8.3%) {34.7%}
7    ----------O                                                               (10 = 8.3%) {43.0%}
9    --------------------O                                                     (20 = 16.5%) {51.2%}
12   ----------O                                                               (10 = 8.3%) {67.8%}
16   -----O                                                                    (5 = 4.1%) {76.0%}
21   -------------O                                                            (13 = 10.7%) {80.2%}
28   -----O                                                                    (5 = 4.1%) {90.9%}
37   -O                                                                        (1 = 0.8%) {95.0%}
49   -O                                                                        (1 = 0.8%) {95.9%}
65   O                                                                         (0 = 0.0%) {96.7%}
86   ---O                                                                      (3 = 2.5%) {96.7%}
113  -O                                                                        (1 = 0.8%) {99.2%}
149  ... 

Histogram: ContentSettings.NumberOfExceptions recorded 1 samples, mean = 4.0 (flags = 0x41)
0  ... 
4  -O                                                                        (1 = 100.0%) {0.0%}
5  ... 

Histogram: ContentSettings.Popups.StrongBlockerActions recorded 1 samples, mean = 0.0 (flags = 0x41)
0  -O                                                                        (1 = 100.0%)
1  ... 

Histogram: ContentSettings.RegularProfile.DefaultAutoVerifySetting recorded 1 samples, mean = 1.0 (flags = 0x41)
0  O                                                                         (0 = 0.0%)
1  -O                                                                        (1 = 100.0%) {0.0%}
2  ... 

Histogram: ContentSettings.RegularProfile.DefaultAutoplaySetting recorded 1 samples, mean = 1.0 (flags = 0x41)
0  O                                                                         (0 = 0.0%)
1  -O                                                                        (1 = 100.0%) {0.0%}
2  ... 

Histogram: ContentSettings.RegularProfile.DefaultBackgroundSyncSetting recorded 1 samples, mean = 1.0 (flags = 0x41)
0  O                                                                         (0 = 0.0%)
1  -O                                                                        (1 = 100.0%) {0.0%}
2  ... 

Histogram: ContentSettings.RegularProfile.DefaultCookiesSetting recorded 1 samples, mean = 1.0 (flags = 0x41)
0  O                                                                         (0 = 0.0%)
1  -O                                                                        (1 = 100.0%) {0.0%}
2  ... 

Histogram: ContentSettings.RegularProfile.DefaultIdleDetectionSetting recorded 1 samples, mean = 3.0 (flags = 0x41)
0  ... 
3  -O                                                                        (1 = 100.0%) {0.0%}
4  ... 

Histogram: ContentSettings.RegularProfile.DefaultImagesSetting recorded 1 samples, mean = 1.0 (flags = 0x41)
0  O                                                                         (0 = 0.0%)
1  -O                                                                        (1 = 100.0%) {0.0%}
2  ... 

Histogram: ContentSettings.RegularProfile.DefaultJavaScriptSetting recorded 1 samples, mean = 1.0 (flags = 0x41)
0  O                                                                         (0 = 0.0%)
1  -O                                                                        (1 = 100.0%) {0.0%}
2  ... 

Histogram: ContentSettings.RegularProfile.DefaultLocationSetting recorded 1 samples, mean = 3.0 (flags = 0x41)
0  ... 
3  -O                                                                        (1 = 100.0%) {0.0%}
4  ... 

Histogram: ContentSettings.RegularProfile.DefaultMIDISysExSetting recorded 1 samples, mean = 3.0 (flags = 0x41)
0  ... 
3  -O                                                                        (1 = 100.0%) {0.0%}
4  ... 

Histogram: ContentSettings.RegularProfile.DefaultMediaStreamCameraSetting recorded 1 samples, mean = 3.0 (flags = 0x41)
0  ... 
3  -O                                                                        (1 = 100.0%) {0.0%}
4  ... 

Histogram: ContentSettings.RegularProfile.DefaultMediaStreamMicSetting recorded 1 samples, mean = 3.0 (flags = 0x41)
0  ... 
3  -O                                                                        (1 = 100.0%) {0.0%}
4  ... 

Histogram: ContentSettings.RegularProfile.DefaultNotificationsSetting recorded 1 samples, mean = 3.0 (flags = 0x41)
0  ... 
3  -O                                                                        (1 = 100.0%) {0.0%}
4  ... 

Histogram: ContentSettings.RegularProfile.DefaultPopupsSetting recorded 1 samples, mean = 2.0 (flags = 0x41)
0  ... 
2  -O                                                                        (1 = 100.0%) {0.0%}
3  ... 

Histogram: ContentSettings.RegularProfile.DefaultSoundSetting recorded 1 samples, mean = 1.0 (flags = 0x41)
0  O                                                                         (0 = 0.0%)
1  -O                                                                        (1 = 100.0%) {0.0%}
2  ... 

Histogram: ContentSettings.RegularProfile.DefaultStorageAccessSetting recorded 1 samples, mean = 3.0 (flags = 0x41)
0  ... 
3  -O                                                                        (1 = 100.0%) {0.0%}
4  ... 

Histogram: ContentSettings.RegularProfile.DefaultSubresourceFilterSetting recorded 1 samples, mean = 2.0 (flags = 0x41)
0  ... 
2  -O                                                                        (1 = 100.0%) {0.0%}
3  ... 

Histogram: ContentSettings.RegularProfile.DefaultUsbGuardSetting recorded 1 samples, mean = 3.0 (flags = 0x41)
0  ... 
3  -O                                                                        (1 = 100.0%) {0.0%}
4  ... 

Histogram: ContentSettings.RegularProfile.DefaultWebBluetoothGuardSetting recorded 1 samples, mean = 3.0 (flags = 0x41)
0  ... 
3  -O                                                                        (1 = 100.0%) {0.0%}
4  ... 

Histogram: ContentSettings.RegularProfile.Exceptions.3pcd-heuristics-grants recorded 1 samples, mean = 0.0 (flags = 0x41)
0  -O                                                                        (1 = 100.0%)
1  ... 

Histogram: ContentSettings.RegularProfile.Exceptions.3pcd-support recorded 1 samples, mean = 0.0 (flags = 0x41)
0  -O                                                                        (1 = 100.0%)
1  ... 

Histogram: ContentSettings.RegularProfile.Exceptions.abusive-notification-permissions recorded 1 samples, mean = 0.0 (flags = 0x41)
0  -O                                                                        (1 = 100.0%)
1  ... 

Histogram: ContentSettings.RegularProfile.Exceptions.access-to-get-all-screens-media-in-session recorded 1 samples, mean = 0.0 (flags = 0x41)
0  -O                                                                        (1 = 100.0%)
1  ... 

Histogram: ContentSettings.RegularProfile.Exceptions.accessibility-events recorded 1 samples, mean = 0.0 (flags = 0x41)
0  -O                                                                        (1 = 100.0%)
1  ... 

Histogram: ContentSettings.RegularProfile.Exceptions.anti-abuse recorded 1 samples, mean = 0.0 (flags = 0x41)
0  -O                                                                        (1 = 100.0%)
1  ... 

Histogram: ContentSettings.RegularProfile.Exceptions.app-banner recorded 1 samples, mean = 0.0 (flags = 0x41)
0  -O                                                                        (1 = 100.0%)
1  ... 

Histogram: ContentSettings.RegularProfile.Exceptions.ar recorded 1 samples, mean = 0.0 (flags = 0x41)
0  -O                                                                        (1 = 100.0%)
1  ... 

Histogram: ContentSettings.RegularProfile.Exceptions.auto-picture-in-picture recorded 1 samples, mean = 0.0 (flags = 0x41)
0  -O                                                                        (1 = 100.0%)
1  ... 

Histogram: ContentSettings.RegularProfile.Exceptions.auto-select-certificate recorded 1 samples, mean = 0.0 (flags = 0x41)
0  -O                                                                        (1 = 100.0%)
1  ... 

Histogram: ContentSettings.RegularProfile.Exceptions.automatic-downloads recorded 1 samples, mean = 0.0 (flags = 0x41)
0  -O                                                                        (1 = 100.0%)
1  ... 

Histogram: ContentSettings.RegularProfile.Exceptions.automatic-fullscreen recorded 1 samples, mean = 0.0 (flags = 0x41)
0  -O                                                                        (1 = 100.0%)
1  ... 

Histogram: ContentSettings.RegularProfile.Exceptions.autoplay recorded 1 samples, mean = 0.0 (flags = 0x41)
0  -O                                                                        (1 = 100.0%)
1  ... 

Histogram: ContentSettings.RegularProfile.Exceptions.background-sync recorded 1 samples, mean = 0.0 (flags = 0x41)
0  -O                                                                        (1 = 100.0%)
1  ... 

Histogram: ContentSettings.RegularProfile.Exceptions.bluetooth-chooser-data recorded 1 samples, mean = 0.0 (flags = 0x41)
0  -O                                                                        (1 = 100.0%)
1  ... 

Histogram: ContentSettings.RegularProfile.Exceptions.bluetooth-guard recorded 1 samples, mean = 0.0 (flags = 0x41)
0  -O                                                                        (1 = 100.0%)
1  ... 

Histogram: ContentSettings.RegularProfile.Exceptions.bluetooth-scanning recorded 1 samples, mean = 0.0 (flags = 0x41)
0  -O                                                                        (1 = 100.0%)
1  ... 

Histogram: ContentSettings.RegularProfile.Exceptions.camera-pan-tilt-zoom recorded 1 samples, mean = 0.0 (flags = 0x41)
0  -O                                                                        (1 = 100.0%)
1  ... 

Histogram: ContentSettings.RegularProfile.Exceptions.captured-surface-control recorded 1 samples, mean = 0.0 (flags = 0x41)
0  -O                                                                        (1 = 100.0%)
1  ... 

Histogram: ContentSettings.RegularProfile.Exceptions.client-hints recorded 1 samples, mean = 1.0 (flags = 0x41)
0  O                                                                         (0 = 0.0%)
1  -O                                                                        (1 = 100.0%) {0.0%}
2  ... 

Histogram: ContentSettings.RegularProfile.Exceptions.clipboard recorded 1 samples, mean = 0.0 (flags = 0x41)
0  -O                                                                        (1 = 100.0%)
1  ... 

Histogram: ContentSettings.RegularProfile.Exceptions.cookie-controls-metadata recorded 1 samples, mean = 0.0 (flags = 0x41)
0  -O                                                                        (1 = 100.0%)
1  ... 

Histogram: ContentSettings.RegularProfile.Exceptions.cookies recorded 1 samples, mean = 0.0 (flags = 0x41)
0  -O                                                                        (1 = 100.0%)
1  ... 

Histogram: ContentSettings.RegularProfile.Exceptions.cookies.Allow recorded 1 samples, mean = 0.0 (flags = 0x41)
0  -O                                                                        (1 = 100.0%)
1  ... 

Histogram: ContentSettings.RegularProfile.Exceptions.cookies.AllowThirdParty recorded 1 samples, mean = 0.0 (flags = 0x41)
0  -O                                                                        (1 = 100.0%)
1  ... 

Histogram: ContentSettings.RegularProfile.Exceptions.cookies.Block recorded 1 samples, mean = 0.0 (flags = 0x41)
0  -O                                                                        (1 = 100.0%)
1  ... 

Histogram: ContentSettings.RegularProfile.Exceptions.cookies.DomainWildcardAllowThirdParty recorded 1 samples, mean = 0.0 (flags = 0x41)
0  -O                                                                        (1 = 100.0%)
1  ... 

Histogram: ContentSettings.RegularProfile.Exceptions.cookies.SessionOnly recorded 1 samples, mean = 0.0 (flags = 0x41)
0  -O                                                                        (1 = 100.0%)
1  ... 

Histogram: ContentSettings.RegularProfile.Exceptions.cookies.TemporaryAllowThirdParty recorded 1 samples, mean = 0.0 (flags = 0x41)
0  -O                                                                        (1 = 100.0%)
1  ... 

Histogram: ContentSettings.RegularProfile.Exceptions.direct-sockets recorded 1 samples, mean = 0.0 (flags = 0x41)
0  -O                                                                        (1 = 100.0%)
1  ... 

Histogram: ContentSettings.RegularProfile.Exceptions.display-media-system-audio recorded 1 samples, mean = 0.0 (flags = 0x41)
0  -O                                                                        (1 = 100.0%)
1  ... 

Histogram: ContentSettings.RegularProfile.Exceptions.durable-storage recorded 1 samples, mean = 0.0 (flags = 0x41)
0  -O                                                                        (1 = 100.0%)
1  ... 

Histogram: ContentSettings.RegularProfile.Exceptions.fedcm-idp-registration recorded 1 samples, mean = 0.0 (flags = 0x41)
0  -O                                                                        (1 = 100.0%)
1  ... 

Histogram: ContentSettings.RegularProfile.Exceptions.fedcm-idp-signin recorded 1 samples, mean = 1.0 (flags = 0x41)
0  O                                                                         (0 = 0.0%)
1  -O                                                                        (1 = 100.0%) {0.0%}
2  ... 

Histogram: ContentSettings.RegularProfile.Exceptions.fedcm-share recorded 1 samples, mean = 0.0 (flags = 0x41)
0  -O                                                                        (1 = 100.0%)
1  ... 

Histogram: ContentSettings.RegularProfile.Exceptions.file-system-access-chooser-data recorded 1 samples, mean = 0.0 (flags = 0x41)
0  -O                                                                        (1 = 100.0%)
1  ... 

Histogram: ContentSettings.RegularProfile.Exceptions.file-system-access-extended-permission recorded 1 samples, mean = 0.0 (flags = 0x41)
0  -O                                                                        (1 = 100.0%)
1  ... 

Histogram: ContentSettings.RegularProfile.Exceptions.file-system-access-restore-permission recorded 1 samples, mean = 0.0 (flags = 0x41)
0  -O                                                                        (1 = 100.0%)
1  ... 

Histogram: ContentSettings.RegularProfile.Exceptions.file-system-last-picked-directory recorded 1 samples, mean = 0.0 (flags = 0x41)
0  -O                                                                        (1 = 100.0%)
1  ... 

Histogram: ContentSettings.RegularProfile.Exceptions.file-system-read-guard recorded 1 samples, mean = 0.0 (flags = 0x41)
0  -O                                                                        (1 = 100.0%)
1  ... 

Histogram: ContentSettings.RegularProfile.Exceptions.file-system-write-guard recorded 1 samples, mean = 0.0 (flags = 0x41)
0  -O                                                                        (1 = 100.0%)
1  ... 

Histogram: ContentSettings.RegularProfile.Exceptions.formfill-metadata recorded 1 samples, mean = 0.0 (flags = 0x41)
0  -O                                                                        (1 = 100.0%)
1  ... 

Histogram: ContentSettings.RegularProfile.Exceptions.geolocation recorded 1 samples, mean = 0.0 (flags = 0x41)
0  -O                                                                        (1 = 100.0%)
1  ... 

Histogram: ContentSettings.RegularProfile.Exceptions.hid-chooser-data recorded 1 samples, mean = 0.0 (flags = 0x41)
0  -O                                                                        (1 = 100.0%)
1  ... 

Histogram: ContentSettings.RegularProfile.Exceptions.hid-guard recorded 1 samples, mean = 0.0 (flags = 0x41)
0  -O                                                                        (1 = 100.0%)
1  ... 

Histogram: ContentSettings.RegularProfile.Exceptions.http-allowed recorded 1 samples, mean = 0.0 (flags = 0x41)
0  -O                                                                        (1 = 100.0%)
1  ... 

Histogram: ContentSettings.RegularProfile.Exceptions.https-enforced recorded 1 samples, mean = 0.0 (flags = 0x41)
0  -O                                                                        (1 = 100.0%)
1  ... 

Histogram: ContentSettings.RegularProfile.Exceptions.idle-detection recorded 1 samples, mean = 0.0 (flags = 0x41)
0  -O                                                                        (1 = 100.0%)
1  ... 

Histogram: ContentSettings.RegularProfile.Exceptions.images recorded 1 samples, mean = 0.0 (flags = 0x41)
0  -O                                                                        (1 = 100.0%)
1  ... 

Histogram: ContentSettings.RegularProfile.Exceptions.important-site-info recorded 1 samples, mean = 0.0 (flags = 0x41)
0  -O                                                                        (1 = 100.0%)
1  ... 

Histogram: ContentSettings.RegularProfile.Exceptions.insecure-private-network recorded 1 samples, mean = 0.0 (flags = 0x41)
0  -O                                                                        (1 = 100.0%)
1  ... 

Histogram: ContentSettings.RegularProfile.Exceptions.intent-picker-auto-display recorded 1 samples, mean = 0.0 (flags = 0x41)
0  -O                                                                        (1 = 100.0%)
1  ... 

Histogram: ContentSettings.RegularProfile.Exceptions.javascript recorded 1 samples, mean = 0.0 (flags = 0x41)
0  -O                                                                        (1 = 100.0%)
1  ... 

Histogram: ContentSettings.RegularProfile.Exceptions.javascript-jit recorded 1 samples, mean = 0.0 (flags = 0x41)
0  -O                                                                        (1 = 100.0%)
1  ... 

Histogram: ContentSettings.RegularProfile.Exceptions.javascript-optimizer recorded 1 samples, mean = 0.0 (flags = 0x41)
0  -O                                                                        (1 = 100.0%)
1  ... 

Histogram: ContentSettings.RegularProfile.Exceptions.keyboard-lock recorded 1 samples, mean = 0.0 (flags = 0x41)
0  -O                                                                        (1 = 100.0%)
1  ... 

Histogram: ContentSettings.RegularProfile.Exceptions.legacy-cookie-access recorded 1 samples, mean = 0.0 (flags = 0x41)
0  -O                                                                        (1 = 100.0%)
1  ... 

Histogram: ContentSettings.RegularProfile.Exceptions.local-fonts recorded 1 samples, mean = 0.0 (flags = 0x41)
0  -O                                                                        (1 = 100.0%)
1  ... 

Histogram: ContentSettings.RegularProfile.Exceptions.media-engagement recorded 1 samples, mean = 1.0 (flags = 0x41)
0  O                                                                         (0 = 0.0%)
1  -O                                                                        (1 = 100.0%) {0.0%}
2  ... 

Histogram: ContentSettings.RegularProfile.Exceptions.media-stream-camera recorded 1 samples, mean = 0.0 (flags = 0x41)
0  -O                                                                        (1 = 100.0%)
1  ... 

Histogram: ContentSettings.RegularProfile.Exceptions.media-stream-mic recorded 1 samples, mean = 0.0 (flags = 0x41)
0  -O                                                                        (1 = 100.0%)
1  ... 

Histogram: ContentSettings.RegularProfile.Exceptions.midi-sysex recorded 1 samples, mean = 0.0 (flags = 0x41)
0  -O                                                                        (1 = 100.0%)
1  ... 

Histogram: ContentSettings.RegularProfile.Exceptions.mixed-script recorded 1 samples, mean = 0.0 (flags = 0x41)
0  -O                                                                        (1 = 100.0%)
1  ... 

Histogram: ContentSettings.RegularProfile.Exceptions.nfc-devices recorded 1 samples, mean = 0.0 (flags = 0x41)
0  -O                                                                        (1 = 100.0%)
1  ... 

Histogram: ContentSettings.RegularProfile.Exceptions.notification-interactions recorded 1 samples, mean = 0.0 (flags = 0x41)
0  -O                                                                        (1 = 100.0%)
1  ... 

Histogram: ContentSettings.RegularProfile.Exceptions.notification-permission-review recorded 1 samples, mean = 0.0 (flags = 0x41)
0  -O                                                                        (1 = 100.0%)
1  ... 

Histogram: ContentSettings.RegularProfile.Exceptions.notifications recorded 1 samples, mean = 0.0 (flags = 0x41)
0  -O                                                                        (1 = 100.0%)
1  ... 

Histogram: ContentSettings.RegularProfile.Exceptions.password-protection recorded 1 samples, mean = 0.0 (flags = 0x41)
0  -O                                                                        (1 = 100.0%)
1  ... 

Histogram: ContentSettings.RegularProfile.Exceptions.payment-handler recorded 1 samples, mean = 0.0 (flags = 0x41)
0  -O                                                                        (1 = 100.0%)
1  ... 

Histogram: ContentSettings.RegularProfile.Exceptions.permission-autoblocking-data recorded 1 samples, mean = 0.0 (flags = 0x41)
0  -O                                                                        (1 = 100.0%)
1  ... 

Histogram: ContentSettings.RegularProfile.Exceptions.permission-autorevocation-data recorded 1 samples, mean = 0.0 (flags = 0x41)
0  -O                                                                        (1 = 100.0%)
1  ... 

Histogram: ContentSettings.RegularProfile.Exceptions.pointer-lock recorded 1 samples, mean = 0.0 (flags = 0x41)
0  -O                                                                        (1 = 100.0%)
1  ... 

Histogram: ContentSettings.RegularProfile.Exceptions.popups recorded 1 samples, mean = 0.0 (flags = 0x41)
0  -O                                                                        (1 = 100.0%)
1  ... 

Histogram: ContentSettings.RegularProfile.Exceptions.popups.Allow recorded 1 samples, mean = 0.0 (flags = 0x41)
0  -O                                                                        (1 = 100.0%)
1  ... 

Histogram: ContentSettings.RegularProfile.Exceptions.popups.Block recorded 1 samples, mean = 0.0 (flags = 0x41)
0  -O                                                                        (1 = 100.0%)
1  ... 

Histogram: ContentSettings.RegularProfile.Exceptions.private-network-chooser-data recorded 1 samples, mean = 0.0 (flags = 0x41)
0  -O                                                                        (1 = 100.0%)
1  ... 

Histogram: ContentSettings.RegularProfile.Exceptions.private-network-guard recorded 1 samples, mean = 0.0 (flags = 0x41)
0  -O                                                                        (1 = 100.0%)
1  ... 

Histogram: ContentSettings.RegularProfile.Exceptions.protected-media-identifier recorded 1 samples, mean = 0.0 (flags = 0x41)
0  -O                                                                        (1 = 100.0%)
1  ... 

Histogram: ContentSettings.RegularProfile.Exceptions.protocol-handler recorded 1 samples, mean = 0.0 (flags = 0x41)
0  -O                                                                        (1 = 100.0%)
1  ... 

Histogram: ContentSettings.RegularProfile.Exceptions.reduced-accept-language recorded 1 samples, mean = 0.0 (flags = 0x41)
0  -O                                                                        (1 = 100.0%)
1  ... 

Histogram: ContentSettings.RegularProfile.Exceptions.safe-browsing-url-check-data recorded 1 samples, mean = 0.0 (flags = 0x41)
0  -O                                                                        (1 = 100.0%)
1  ... 

Histogram: ContentSettings.RegularProfile.Exceptions.sensors recorded 1 samples, mean = 0.0 (flags = 0x41)
0  -O                                                                        (1 = 100.0%)
1  ... 

Histogram: ContentSettings.RegularProfile.Exceptions.serial-chooser-data recorded 1 samples, mean = 0.0 (flags = 0x41)
0  -O                                                                        (1 = 100.0%)
1  ... 

Histogram: ContentSettings.RegularProfile.Exceptions.serial-guard recorded 1 samples, mean = 0.0 (flags = 0x41)
0  -O                                                                        (1 = 100.0%)
1  ... 

Histogram: ContentSettings.RegularProfile.Exceptions.site-engagement recorded 1 samples, mean = 1.0 (flags = 0x41)
0  O                                                                         (0 = 0.0%)
1  -O                                                                        (1 = 100.0%) {0.0%}
2  ... 

Histogram: ContentSettings.RegularProfile.Exceptions.sound recorded 1 samples, mean = 0.0 (flags = 0x41)
0  -O                                                                        (1 = 100.0%)
1  ... 

Histogram: ContentSettings.RegularProfile.Exceptions.speaker-selection recorded 1 samples, mean = 0.0 (flags = 0x41)
0  -O                                                                        (1 = 100.0%)
1  ... 

Histogram: ContentSettings.RegularProfile.Exceptions.ssl-cert-decisions recorded 1 samples, mean = 0.0 (flags = 0x41)
0  -O                                                                        (1 = 100.0%)
1  ... 

Histogram: ContentSettings.RegularProfile.Exceptions.storage-access recorded 1 samples, mean = 0.0 (flags = 0x41)
0  -O                                                                        (1 = 100.0%)
1  ... 

Histogram: ContentSettings.RegularProfile.Exceptions.storage-access-header-origin-trial recorded 1 samples, mean = 0.0 (flags = 0x41)
0  -O                                                                        (1 = 100.0%)
1  ... 

Histogram: ContentSettings.RegularProfile.Exceptions.storage-access.Allow recorded 1 samples, mean = 0.0 (flags = 0x41)
0  -O                                                                        (1 = 100.0%)
1  ... 

Histogram: ContentSettings.RegularProfile.Exceptions.storage-access.Ask recorded 1 samples, mean = 0.0 (flags = 0x41)
0  -O                                                                        (1 = 100.0%)
1  ... 

Histogram: ContentSettings.RegularProfile.Exceptions.storage-access.Block recorded 1 samples, mean = 0.0 (flags = 0x41)
0  -O                                                                        (1 = 100.0%)
1  ... 

Histogram: ContentSettings.RegularProfile.Exceptions.storage-access.MaxRequester recorded 1 samples, mean = 0.0 (flags = 0x41)
0  -O                                                                        (1 = 100.0%)
1  ... 

Histogram: ContentSettings.RegularProfile.Exceptions.storage-access.MaxTopLevel recorded 1 samples, mean = 0.0 (flags = 0x41)
0  -O                                                                        (1 = 100.0%)
1  ... 

Histogram: ContentSettings.RegularProfile.Exceptions.subresource-filter recorded 1 samples, mean = 0.0 (flags = 0x41)
0  -O                                                                        (1 = 100.0%)
1  ... 

Histogram: ContentSettings.RegularProfile.Exceptions.subresource-filter-data recorded 1 samples, mean = 0.0 (flags = 0x41)
0  -O                                                                        (1 = 100.0%)
1  ... 

Histogram: ContentSettings.RegularProfile.Exceptions.subresource-filter.Allow recorded 1 samples, mean = 0.0 (flags = 0x41)
0  -O                                                                        (1 = 100.0%)
1  ... 

Histogram: ContentSettings.RegularProfile.Exceptions.subresource-filter.Block recorded 1 samples, mean = 0.0 (flags = 0x41)
0  -O                                                                        (1 = 100.0%)
1  ... 

Histogram: ContentSettings.RegularProfile.Exceptions.third-party-storage-partitioning recorded 1 samples, mean = 0.0 (flags = 0x41)
0  -O                                                                        (1 = 100.0%)
1  ... 

Histogram: ContentSettings.RegularProfile.Exceptions.top-level-3pcd-origin-trial recorded 1 samples, mean = 0.0 (flags = 0x41)
0  -O                                                                        (1 = 100.0%)
1  ... 

Histogram: ContentSettings.RegularProfile.Exceptions.top-level-3pcd-support recorded 1 samples, mean = 0.0 (flags = 0x41)
0  -O                                                                        (1 = 100.0%)
1  ... 

Histogram: ContentSettings.RegularProfile.Exceptions.top-level-storage-access recorded 1 samples, mean = 0.0 (flags = 0x41)
0  -O                                                                        (1 = 100.0%)
1  ... 

Histogram: ContentSettings.RegularProfile.Exceptions.tracking-protection recorded 1 samples, mean = 0.0 (flags = 0x41)
0  -O                                                                        (1 = 100.0%)
1  ... 

Histogram: ContentSettings.RegularProfile.Exceptions.tracking-protection.Allow recorded 1 samples, mean = 0.0 (flags = 0x41)
0  -O                                                                        (1 = 100.0%)
1  ... 

Histogram: ContentSettings.RegularProfile.Exceptions.tracking-protection.Block recorded 1 samples, mean = 0.0 (flags = 0x41)
0  -O                                                                        (1 = 100.0%)
1  ... 

Histogram: ContentSettings.RegularProfile.Exceptions.unused-site-permissions recorded 1 samples, mean = 0.0 (flags = 0x41)
0  -O                                                                        (1 = 100.0%)
1  ... 

Histogram: ContentSettings.RegularProfile.Exceptions.usb-chooser-data recorded 1 samples, mean = 0.0 (flags = 0x41)
0  -O                                                                        (1 = 100.0%)
1  ... 

Histogram: ContentSettings.RegularProfile.Exceptions.usb-guard recorded 1 samples, mean = 0.0 (flags = 0x41)
0  -O                                                                        (1 = 100.0%)
1  ... 

Histogram: ContentSettings.RegularProfile.Exceptions.vr recorded 1 samples, mean = 0.0 (flags = 0x41)
0  -O                                                                        (1 = 100.0%)
1  ... 

Histogram: ContentSettings.RegularProfile.Exceptions.webid-api recorded 1 samples, mean = 0.0 (flags = 0x41)
0  -O                                                                        (1 = 100.0%)
1  ... 

Histogram: ContentSettings.RegularProfile.Exceptions.webid-auto-reauthn recorded 1 samples, mean = 0.0 (flags = 0x41)
0  -O                                                                        (1 = 100.0%)
1  ... 

Histogram: ContentSettings.RegularProfile.Exceptions.window-placement recorded 1 samples, mean = 0.0 (flags = 0x41)
0  -O                                                                        (1 = 100.0%)
1  ... 

Histogram: Conversions.DelayOnAttestationsLoaded recorded 1 samples, mean = 19624.0 (flags = 0x41)
0      ... 
19005  -O                                                                        (1 = 100.0%) {0.0%}
24423  ... 

Histogram: Cookie.ClockSkew.AddMinutes recorded 2 samples, mean = 0.0 (flags = 0x41)
0  --O                                                                       (2 = 100.0%)
1  ... 

Histogram: Cookie.ClockSkew.AddMinutes12To24Hours recorded 2 samples, mean = 0.0 (flags = 0x41)
0  --O                                                                       (2 = 100.0%)
720... 

Histogram: Cookie.ClockSkew.ExpiredWithoutSkew recorded 3 samples, mean = 0.0 (flags = 0x41)
0  ---O                                                                      (3 = 100.0%)
1  ... 

Histogram: Cookie.ClockSkew.SubtractMinutes recorded 1 samples, mean = 0.0 (flags = 0x41)
0  -O                                                                        (1 = 100.0%)
1  ... 

Histogram: Cookie.ClockSkew.SubtractMinutes12To24Hours recorded 1 samples, mean = 0.0 (flags = 0x41)
0  -O                                                                        (1 = 100.0%)
720... 

Histogram: Cookie.CookiePrefix recorded 4 samples, mean = 0.0 (flags = 0x41)
0  ----O                                                                     (4 = 100.0%)
1  ... 

Histogram: Cookie.CookieSchemeRequestScheme recorded 75 samples, mean = 2.0 (flags = 0x41)
0  ... 
2  ------------------------------------------------------------------------O (75 = 100.0%) {0.0%}
3  ... 

Histogram: Cookie.CookieSourceScheme recorded 4 samples, mean = 0.0 (flags = 0x41)
0  ----O                                                                     (4 = 100.0%)
1  ... 

Histogram: Cookie.CookieSourceSchemeName recorded 4 samples, mean = 14.0 (flags = 0x41)
0   ... 
14  ----O                                                                     (4 = 100.0%) {0.0%}
15  ... 

Histogram: Cookie.CrossSiteRedirectType.Read recorded 118 samples, mean = 1.0 (flags = 0x41)
0  O                                                                         (0 = 0.0%)
1  ------------------------------------------------------------------------O (118 = 100.0%) {0.0%}
2  ... 

Histogram: Cookie.CrossSiteRedirectType.Write recorded 4 samples, mean = 1.0 (flags = 0x41)
0  O                                                                         (0 = 0.0%)
1  ----O                                                                     (4 = 100.0%) {0.0%}
2  ... 

Histogram: Cookie.DaysSinceRefreshForRetrieval recorded 4 samples, mean = 0.0 (flags = 0x41)
0  ----O                                                                     (4 = 100.0%)
1  ... 

Histogram: Cookie.DomainHasNonASCII recorded 4 samples, mean = 0.0 (flags = 0x41)
0  ----O                                                                     (4 = 100.0%)
1  ... 

Histogram: Cookie.DomainSet recorded 4 samples, mean = 1.0 (flags = 0x41)
0  O                                                                         (0 = 0.0%)
1  ----O                                                                     (4 = 100.0%) {0.0%}
2  O                                                                         (0 = 0.0%) {100.0%}

Histogram: Cookie.DoubleUnderscorePrefixedName recorded 4 samples, mean = 0.5 (flags = 0x41)
0  --O                                                                       (2 = 50.0%)
1  --O                                                                       (2 = 50.0%) {50.0%}
2  O                                                                         (0 = 0.0%) {100.0%}

Histogram: Cookie.ExpirationDuration400DaysLTE recorded 3 samples, mean = 121.7 (flags = 0x41)
0    --O                                                                       (2 = 66.7%)
1    ... 
364  -O                                                                        (1 = 33.3%) {66.7%}
400  O                                                                         (0 = 0.0%) {100.0%}

Histogram: Cookie.ExpirationDurationMinutesSecure recorded 3 samples, mean = 175220.0 (flags = 0x41)
0       ... 
26      --O                                                                       (2 = 66.7%) {0.0%}
36      ... 
429766  -O                                                                        (1 = 33.3%) {66.7%}
587706  ... 

Histogram: Cookie.FirstPartyPartitioned.HasCrossSiteAncestor recorded 41 samples, mean = 0.0 (flags = 0x41)
0  -----------------------------------------O                                (41 = 100.0%)
1  ... 

Histogram: Cookie.FirstPartySets.Browser.DelayedQueriesCount recorded 1 samples, mean = 2.0 (flags = 0x41)
0  ... 
2  -O                                                                        (1 = 100.0%) {0.0%}
3  ... 

Histogram: Cookie.FirstPartySets.Browser.MostDelayedQueryDelta recorded 1 samples, mean = 25456.0 (flags = 0x41)
0      ... 
10000  -O                                                                        (1 = 100.0%) {0.0%}

Histogram: Cookie.FirstPartySets.ComponentSetsNonfatalErrors recorded 1 samples, mean = 0.0 (flags = 0x41)
0  -O                                                                        (1 = 100.0%)
1  ... 

Histogram: Cookie.FirstPartySets.ComponentSetsParsedSuccessfully recorded 1 samples, mean = 70.0 (flags = 0x41)
0   ... 
67  -O                                                                        (1 = 100.0%) {0.0%}
75  ... 

Histogram: Cookie.FirstPartySets.ContextDelayedQueriesCount recorded 1 samples, mean = 0.0 (flags = 0x41)
0  -O                                                                        (1 = 100.0%)
1  ... 

Histogram: Cookie.FirstPartySets.ContextMostDelayedQueryDelta recorded 1 samples, mean = 0.0 (flags = 0x41)
0  -O                                                                        (1 = 100.0%)
1  ... 

Histogram: Cookie.FirstPartySets.EnqueueingDelay.ContextConfig2 recorded 1 samples, mean = 25332.0 (flags = 0x41)
0      ... 
10000  -O                                                                        (1 = 100.0%) {0.0%}

Histogram: Cookie.FirstPartySets.InitializationDuration.ContextReadyToServeQueries2 recorded 1 samples, mean = 6921.0 (flags = 0x41)
0     ... 
5961  -O                                                                        (1 = 100.0%) {0.0%}
7083  ... 

Histogram: Cookie.FirstPartySets.InitializationDuration.ReadCommandLineSet2 recorded 1 samples, mean = 146.0 (flags = 0x41)
0    ... 
135  -O                                                                        (1 = 100.0%) {0.0%}
160  ... 

Histogram: Cookie.FirstPartySets.InitializationDuration.ReadComponentSets2 recorded 1 samples, mean = 25456.0 (flags = 0x41)
0      ... 
10000  -O                                                                        (1 = 100.0%) {0.0%}

Histogram: Cookie.FirstPartySets.InitializationDuration.ReadyToServeQueries2 recorded 1 samples, mean = 25358.0 (flags = 0x41)
0      ... 
10000  -O                                                                        (1 = 100.0%) {0.0%}

Histogram: Cookie.FirstPartySets.Network.DelayedQueriesCount recorded 1 samples, mean = 0.0 (flags = 0x41)
0  -O                                                                        (1 = 100.0%)
1  ... 

Histogram: Cookie.FirstPartySets.Network.MostDelayedQueryDelta recorded 1 samples, mean = 0.0 (flags = 0x41)
0  -O                                                                        (1 = 100.0%)
1  ... 

Histogram: Cookie.FirstPartySets.ProcessedEntireComponent recorded 1 samples, mean = 1.0 (flags = 0x41)
0  O                                                                         (0 = 0.0%)
1  -O                                                                        (1 = 100.0%) {0.0%}
2  O                                                                         (0 = 0.0%) {100.0%}

Histogram: Cookie.FromStorageWithValidLength recorded 74 samples, mean = 1.0 (flags = 0x41)
0  O                                                                         (0 = 0.0%)
1  ------------------------------------------------------------------------O (74 = 100.0%) {0.0%}
2  O                                                                         (0 = 0.0%) {100.0%}

Histogram: Cookie.HasNonASCII.Name recorded 4 samples, mean = 0.0 (flags = 0x41)
0  ----O                                                                     (4 = 100.0%)
1  ... 

Histogram: Cookie.HasNonASCII.Value recorded 4 samples, mean = 0.0 (flags = 0x41)
0  ----O                                                                     (4 = 100.0%)
1  ... 

Histogram: Cookie.IncludedRequestEffectiveSameSite recorded 117 samples, mean = 0.0 (flags = 0x41)
0  ------------------------------------------------------------------------O (117 = 100.0%)
1  ... 

Histogram: Cookie.IncludedResponseEffectiveSameSite recorded 4 samples, mean = 0.0 (flags = 0x41)
0  ----O                                                                     (4 = 100.0%)
1  ... 

Histogram: Cookie.IsPartitionedValid recorded 1 samples, mean = 1.0 (flags = 0x41)
0  O                                                                         (0 = 0.0%)
1  -O                                                                        (1 = 100.0%) {0.0%}
2  O                                                                         (0 = 0.0%) {100.0%}

Histogram: Cookie.NameOrValueHtab recorded 4 samples, mean = 0.0 (flags = 0x41)
0  ----O                                                                     (4 = 100.0%)
1  ... 

Histogram: Cookie.OnCookiesAccessed.BatchSize recorded 8 samples, mean = 1.1 (flags = 0x41)
0  O                                                                         (0 = 0.0%)
1  -------O                                                                  (7 = 87.5%) {0.0%}
2  -O                                                                        (1 = 12.5%) {87.5%}
3  ... 

Histogram: Cookie.OnCookiesAccessed.TotalAccesses recorded 8 samples, mean = 2.0 (flags = 0x41)
0  O                                                                         (0 = 0.0%)
1  -O                                                                        (1 = 12.5%) {0.0%}
2  ------O                                                                   (6 = 75.0%) {12.5%}
3  -O                                                                        (1 = 12.5%) {87.5%}
4  ... 

Histogram: Cookie.PartitionedCookiesInRequest recorded 38 samples, mean = 1.0 (flags = 0x41)
0  O                                                                         (0 = 0.0%)
1  --------------------------------------O                                   (38 = 100.0%) {0.0%}
2  ... 

Histogram: Cookie.Port.Read.RemoteHost recorded 117 samples, mean = 7.0 (flags = 0x41)
0  ... 
7  ------------------------------------------------------------------------O (117 = 100.0%) {0.0%}
8  ... 

Histogram: Cookie.Port.ReadDiffersFromSet.DomainSet recorded 117 samples, mean = 4.0 (flags = 0x41)
0  ... 
4  ------------------------------------------------------------------------O (117 = 100.0%) {0.0%}
5  O                                                                         (0 = 0.0%) {100.0%}

Histogram: Cookie.Port.ReadDiffersFromSet.RemoteHost recorded 117 samples, mean = 4.0 (flags = 0x41)
0  ... 
4  ------------------------------------------------------------------------O (117 = 100.0%) {0.0%}
5  O                                                                         (0 = 0.0%) {100.0%}

Histogram: Cookie.Port.Set.RemoteHost recorded 4 samples, mean = 7.0 (flags = 0x41)
0  ... 
7  ----O                                                                     (4 = 100.0%) {0.0%}
8  ... 

Histogram: Cookie.RequestSameSiteContext recorded 119 samples, mean = 2.9 (flags = 0x41)
0  -O                                                                        (2 = 1.7%)
1  ... 
3  ------------------------------------------------------------------------O (117 = 98.3%) {1.7%}
4  O                                                                         (0 = 0.0%) {100.0%}

Histogram: Cookie.SameSiteAttributeValue recorded 4 samples, mean = 5.0 (flags = 0x41)
0  ... 
5  ----O                                                                     (4 = 100.0%) {0.0%}
6  ... 

Histogram: Cookie.SameSiteNoneSizeBytes recorded 4 samples, mean = 176.0 (flags = 0x41)
0    ... 
40   -O                                                                        (1 = 25.0%) {0.0%}
48   ... 
160  --O                                                                       (2 = 50.0%) {25.0%}
190  ... 
268  -O                                                                        (1 = 25.0%) {75.0%}
318  ... 

Histogram: Cookie.SameSiteNoneSizeBytes.Partitioned recorded 1 samples, mean = 310.0 (flags = 0x41)
0    ... 
268  -O                                                                        (1 = 100.0%) {0.0%}
318  ... 

Histogram: Cookie.SameSiteNoneSizeBytes.Unpartitioned recorded 3 samples, mean = 131.3 (flags = 0x41)
0    ... 
40   -O                                                                        (1 = 33.3%) {0.0%}
48   ... 
160  --O                                                                       (2 = 66.7%) {33.3%}
190  ... 

Histogram: Cookie.ScriptAgeSinceLastUpdateInHoursLTEOneWeek recorded 1 samples, mean = 19.0 (flags = 0x41)
0   ... 
19  -O                                                                        (1 = 100.0%) {0.0%}
20  ... 

Histogram: Cookie.SourceType recorded 8 samples, mean = 1.1 (flags = 0x41)
0  O                                                                         (0 = 0.0%)
1  -------O                                                                  (7 = 87.5%) {0.0%}
2  -O                                                                        (1 = 12.5%) {87.5%}
3  ... 

Histogram: Cookie.TimeBlockedOnLoad recorded 2 samples, mean = 474.5 (flags = 0x41)
0    ... 
32   -O                                                                        (1 = 50.0%) {0.0%}
40   ... 
816  -O                                                                        (1 = 50.0%) {50.0%}
1012 ... 

Histogram: Cookie.TimeInitializeDB recorded 2 samples, mean = 17.0 (flags = 0x41)
0   ... 
9   -O                                                                        (1 = 50.0%) {0.0%}
11  ... 
21  -O                                                                        (1 = 50.0%) {50.0%}
26  ... 

Histogram: Cookie.TimeOpsBlockedDueToGlobalOp recorded 2 samples, mean = 17.5 (flags = 0x41)
0   -O                                                                        (1 = 50.0%)
1   ... 
32  -O                                                                        (1 = 50.0%) {50.0%}
40  ... 

Histogram: Cookie.Type2 recorded 8 samples, mean = 12.5 (flags = 0x41)
0   ... 
4   -O                                                                        (1 = 12.5%) {0.0%}
5   ... 
12  -O                                                                        (1 = 12.5%) {12.5%}
13  O                                                                         (0 = 0.0%) {25.0%}
14  ------O                                                                   (6 = 75.0%) {25.0%}
15  ... 

Histogram: Crypto.TPMDuration.MessageSigningECDSA recorded 1 samples, mean = 76.0 (flags = 0x41)
0   ... 
66  -O                                                                        (1 = 100.0%) {0.0%}
84  ... 

Histogram: Crypto.TPMDuration.NewKeyCreationECDSA recorded 1 samples, mean = 500.0 (flags = 0x41)
0    ... 
452  -O                                                                        (1 = 100.0%) {0.0%}
574  ... 

Histogram: Crypto.TPMDuration.WrappedKeyCreationECDSA recorded 1 samples, mean = 58.0 (flags = 0x41)
0   ... 
52  -O                                                                        (1 = 100.0%) {0.0%}
66  ... 

Histogram: Crypto.TPMOperation.MessageSigningECDSA recorded 1 samples, mean = 1.0 (flags = 0x41)
0  O                                                                         (0 = 0.0%)
1  -O                                                                        (1 = 100.0%) {0.0%}
2  O                                                                         (0 = 0.0%) {100.0%}

Histogram: Crypto.TPMOperation.MessageVerifyECDSA recorded 1 samples, mean = 1.0 (flags = 0x41)
0  O                                                                         (0 = 0.0%)
1  -O                                                                        (1 = 100.0%) {0.0%}
2  O                                                                         (0 = 0.0%) {100.0%}

Histogram: Crypto.TPMOperation.NewKeyCreationECDSA recorded 1 samples, mean = 1.0 (flags = 0x41)
0  O                                                                         (0 = 0.0%)
1  -O                                                                        (1 = 100.0%) {0.0%}
2  O                                                                         (0 = 0.0%) {100.0%}

Histogram: Crypto.TPMOperation.Virtual.NewKeyCreationECDSA recorded 1 samples, mean = 0.0 (flags = 0x41)
0  -O                                                                        (1 = 100.0%)
1  ... 

Histogram: Crypto.TPMOperation.WrappedKeyCreationECDSA recorded 1 samples, mean = 1.0 (flags = 0x41)
0  O                                                                         (0 = 0.0%)
1  -O                                                                        (1 = 100.0%) {0.0%}
2  O                                                                         (0 = 0.0%) {100.0%}

Histogram: Crypto.TPMSupport2 recorded 1 samples, mean = 2.0 (flags = 0x41)
0  ... 
2  -O                                                                        (1 = 100.0%) {0.0%}
3  O                                                                         (0 = 0.0%) {100.0%}

Histogram: Crypto.TPMSupportType recorded 1 samples, mean = 1.0 (flags = 0x41)
0  O                                                                         (0 = 0.0%)
1  -O                                                                        (1 = 100.0%) {0.0%}
2  ... 

Histogram: Crypto.TpmError.VirtualCreateKey recorded 1 samples (flags = 0x41)
-2146893767-O                                                                        (1 = 100.0%)

Histogram: Crypto.VirtualKeySupport recorded 1 samples, mean = 2.0 (flags = 0x41)
0  ... 
2  -O                                                                        (1 = 100.0%) {0.0%}
3  O                                                                         (0 = 0.0%) {100.0%}

Histogram: DOMStorage.CommitMeasuredDelay recorded 4 samples, mean = 3490.5 (flags = 0x41)
0     ... 
8     -O                                                                        (1 = 25.0%) {0.0%}
9     ... 
3681  -O                                                                        (1 = 25.0%) {25.0%}
4249  O                                                                         (0 = 0.0%) {50.0%}
4904  --O                                                                       (2 = 50.0%) {50.0%}
5660  ... 

Histogram: DOMStorage.CommitSizeBytes recorded 2 samples, mean = 698.5 (flags = 0x41)
0    ... 
600  -O                                                                        (1 = 50.0%) {0.0%}
676  -O                                                                        (1 = 50.0%) {50.0%}
762  ... 

Histogram: DataUse.BytesReceived3.Delegate recorded 25 samples, mean = 5416.2 (flags = 0x41)
0      ... 
138    -O                                                                        (1 = 4.0%) {0.0%}
178    --O                                                                       (2 = 8.0%) {4.0%}
230    ---O                                                                      (3 = 12.0%) {12.0%}
297    ----O                                                                     (4 = 16.0%) {24.0%}
383    ----O                                                                     (4 = 16.0%) {40.0%}
494    ---O                                                                      (3 = 12.0%) {56.0%}
637    ... 
1366   -O                                                                        (1 = 4.0%) {68.0%}
1761   O                                                                         (0 = 0.0%) {72.0%}
2271   -O                                                                        (1 = 4.0%) {72.0%}
2928   ---O                                                                      (3 = 12.0%) {76.0%}
3776   ... 
8097   -O                                                                        (1 = 4.0%) {88.0%}
10441  ... 
17362  -O                                                                        (1 = 4.0%) {92.0%}
22388  ... 
79817  -O                                                                        (1 = 4.0%) {96.0%}
102923 ... 

Histogram: DataUse.BytesSent3.Delegate recorded 25 samples, mean = 1512.5 (flags = 0x41)
0      ... 
12     -O                                                                        (1 = 4.0%) {0.0%}
16     ... 
49     -O                                                                        (1 = 4.0%) {4.0%}
65     -O                                                                        (1 = 4.0%) {8.0%}
86     -O                                                                        (1 = 4.0%) {12.0%}
113    --O                                                                       (2 = 8.0%) {16.0%}
149    O                                                                         (0 = 0.0%) {24.0%}
196    --O                                                                       (2 = 8.0%) {24.0%}
258    -O                                                                        (1 = 4.0%) {32.0%}
340    --O                                                                       (2 = 8.0%) {36.0%}
448    ----O                                                                     (4 = 16.0%) {44.0%}
590    --O                                                                       (2 = 8.0%) {60.0%}
777    --O                                                                       (2 = 8.0%) {68.0%}
1023   O                                                                         (0 = 0.0%) {76.0%}
1347   ----O                                                                     (4 = 16.0%) {76.0%}
1774   ... 
7031   -O                                                                        (1 = 4.0%) {92.0%}
9260   ... 
16063  -O                                                                        (1 = 4.0%) {96.0%}
21156  ... 

Histogram: DefaultBrowser.State recorded 1 samples, mean = 0.0 (flags = 0x41)
0  -O                                                                        (1 = 100.0%)
1  ... 

Histogram: DiskCache.0.Error recorded 1 samples, mean = 0.0 (flags = 0x41)
0  -O                                                                        (1 = 100.0%)
1  ... 

Histogram: DiskCache.0.TotalIOTimeRead recorded 106 samples, mean = 36.0 (flags = 0x41)
0    -------O                                                                  (7 = 6.6%)
1    --------O                                                                 (8 = 7.5%) {6.6%}
2    ---O                                                                      (3 = 2.8%) {14.2%}
3    -------O                                                                  (7 = 6.6%) {17.0%}
4    -----O                                                                    (5 = 4.7%) {23.6%}
5    ------O                                                                   (6 = 5.7%) {28.3%}
6    ---O                                                                      (3 = 2.8%) {34.0%}
7    ----O                                                                     (4 = 3.8%) {36.8%}
8    --O                                                                       (2 = 1.9%) {40.6%}
10   ---O                                                                      (3 = 2.8%) {42.5%}
12   ------O                                                                   (6 = 5.7%) {45.3%}
14   -O                                                                        (1 = 0.9%) {50.9%}
17   ---O                                                                      (3 = 2.8%) {51.9%}
20   -------O                                                                  (7 = 6.6%) {54.7%}
24   --------O                                                                 (8 = 7.5%) {61.3%}
29   ----O                                                                     (4 = 3.8%) {68.9%}
34   -------O                                                                  (7 = 6.6%) {72.6%}
40   -O                                                                        (1 = 0.9%) {79.2%}
48   ----O                                                                     (4 = 3.8%) {80.2%}
57   -O                                                                        (1 = 0.9%) {84.0%}
68   -O                                                                        (1 = 0.9%) {84.9%}
81   --O                                                                       (2 = 1.9%) {85.8%}
96   -O                                                                        (1 = 0.9%) {87.7%}
114  -O                                                                        (1 = 0.9%) {88.7%}
135  --O                                                                       (2 = 1.9%) {89.6%}
160  -----O                                                                    (5 = 4.7%) {91.5%}
190  ----O                                                                     (4 = 3.8%) {96.2%}
226  ... 

Histogram: DiskCache.0.TotalIOTimeWrite recorded 25 samples, mean = 4.6 (flags = 0x41)
0   -----------O                                                              (11 = 44.0%)
1   --O                                                                       (2 = 8.0%) {44.0%}
2   -O                                                                        (1 = 4.0%) {52.0%}
3   -O                                                                        (1 = 4.0%) {56.0%}
4   -O                                                                        (1 = 4.0%) {60.0%}
5   ---O                                                                      (3 = 12.0%) {64.0%}
6   -O                                                                        (1 = 4.0%) {76.0%}
7   O                                                                         (0 = 0.0%) {80.0%}
8   ---O                                                                      (3 = 12.0%) {80.0%}
10  ... 
17  -O                                                                        (1 = 4.0%) {92.0%}
20  ... 
34  -O                                                                        (1 = 4.0%) {96.0%}
40  ... 

Histogram: Download.Database.IsAvailable recorded 1 samples, mean = 1.0 (flags = 0x41)
0  O                                                                         (0 = 0.0%)
1  -O                                                                        (1 = 100.0%) {0.0%}
2  O                                                                         (0 = 0.0%) {100.0%}

Histogram: Download.Service.Db.Operation.Failure recorded 1 samples, mean = 0.0 (flags = 0x41)
0  -O                                                                        (1 = 100.0%)
1  ... 

Histogram: Download.Service.Files.CleanUp.External recorded 1 samples, mean = 0.0 (flags = 0x41)
0  -O                                                                        (1 = 100.0%)
1  ... 

Histogram: Download.Service.Files.CleanUp.External.HardRecovery recorded 1 samples, mean = 0.0 (flags = 0x41)
0  -O                                                                        (1 = 100.0%)
1  ... 

Histogram: Download.Service.Files.CleanUp.Failure recorded 1 samples, mean = 0.0 (flags = 0x41)
0  -O                                                                        (1 = 100.0%)
1  ... 

Histogram: Download.Service.Files.CleanUp.Failure.HardRecovery recorded 1 samples, mean = 0.0 (flags = 0x41)
0  -O                                                                        (1 = 100.0%)
1  ... 

Histogram: Download.Service.Files.CleanUp.Success recorded 1 samples, mean = 0.0 (flags = 0x41)
0  -O                                                                        (1 = 100.0%)
1  ... 

Histogram: Download.Service.Files.CleanUp.Success.HardRecovery recorded 1 samples, mean = 0.0 (flags = 0x41)
0  -O                                                                        (1 = 100.0%)
1  ... 

Histogram: Download.Service.StartUpStatus.Initialization recorded 2 samples, mean = 2.0 (flags = 0x41)
0  O                                                                         (0 = 0.0%)
1  -O                                                                        (1 = 50.0%) {0.0%}
2  O                                                                         (0 = 0.0%) {50.0%}
3  -O                                                                        (1 = 50.0%) {50.0%}
4  ... 

Histogram: Download.Service.StartUpStatus.Recovery recorded 2 samples, mean = 2.0 (flags = 0x41)
0  O                                                                         (0 = 0.0%)
1  -O                                                                        (1 = 50.0%) {0.0%}
2  O                                                                         (0 = 0.0%) {50.0%}
3  -O                                                                        (1 = 50.0%) {50.0%}
4  ... 

Histogram: Enterprise.TimeToFirstPolicyLoad.Profile.Unmanaged recorded 1 samples, mean = 0.0 (flags = 0x41)
0  -O                                                                        (1 = 100.0%)
1  ... 

Histogram: EnterpriseCheck.AzureADJoinStatusCheckTime recorded 1 samples, mean = 16.0 (flags = 0x41)
0   ... 
14  -O                                                                        (1 = 100.0%) {0.0%}
17  ... 

Histogram: Event.GestureCreated recorded 1 samples, mean = 12.0 (flags = 0x41)
0   ... 
12  -O                                                                        (1 = 100.0%) {0.0%}
13  ... 

Histogram: Extension.Toolbar.BrowserActionsCount2 recorded 1 samples, mean = 0.0 (flags = 0x41)
0  -O                                                                        (1 = 100.0%)
1  ... 

Histogram: ExtensionToolbarModel.BrowserActionsCount recorded 1 samples, mean = 0.0 (flags = 0x41)
0  -O                                                                        (1 = 100.0%)
1  ... 

Histogram: Extensions.AppLocation2 recorded 1 samples, mean = 5.0 (flags = 0x41)
0  ... 
5  -O                                                                        (1 = 100.0%) {0.0%}
6  ... 

Histogram: Extensions.CorruptExtensionTotalDisables recorded 1 samples, mean = 0.0 (flags = 0x41)
0  -O                                                                        (1 = 100.0%)
1  ... 

Histogram: Extensions.CorruptExtensionTotalDisables2 recorded 1 samples, mean = 0.0 (flags = 0x41)
0  -O                                                                        (1 = 100.0%)
1  ... 

Histogram: Extensions.Database.Open.State recorded 2 samples, mean = 5.0 (flags = 0x41)
0  ... 
5  --O                                                                       (2 = 100.0%) {0.0%}
6  O                                                                         (0 = 0.0%) {100.0%}

Histogram: Extensions.DeveloperModeEnabled recorded 2 samples, mean = 0.0 (flags = 0x41)
0  --O                                                                       (2 = 100.0%)
1  ... 

Histogram: Extensions.DidCreateScriptContext_Unspecified recorded 1 samples, mean = 0.0 (flags = 0x41)
0  -O                                                                        (1 = 100.0%)
1  ... 

Histogram: Extensions.DidCreateScriptContext_WebPage recorded 3 samples, mean = 1.0 (flags = 0x41)
0  --O                                                                       (2 = 66.7%)
1  ... 
3  -O                                                                        (1 = 33.3%) {66.7%}
4  ... 

Histogram: Extensions.Disabled recorded 1 samples, mean = 0.0 (flags = 0x41)
0  -O                                                                        (1 = 100.0%)
1  ... 

Histogram: Extensions.Disabled2 recorded 1 samples, mean = 0.0 (flags = 0x41)
0  -O                                                                        (1 = 100.0%)
1  ... 

Histogram: Extensions.DisabledForPermissions recorded 1 samples, mean = 0.0 (flags = 0x41)
0  -O                                                                        (1 = 100.0%)
1  ... 

Histogram: Extensions.DisabledForPermissions2 recorded 1 samples, mean = 0.0 (flags = 0x41)
0  -O                                                                        (1 = 100.0%)
1  ... 

Histogram: Extensions.EventlessEventPages2 recorded 1 samples, mean = 0.0 (flags = 0x41)
0  -O                                                                        (1 = 100.0%)
1  ... 

Histogram: Extensions.ExtensionLocation recorded 1 samples, mean = 5.0 (flags = 0x41)
0  ... 
5  -O                                                                        (1 = 100.0%) {0.0%}
6  ... 

Histogram: Extensions.ExtensionLocation2 recorded 1 samples, mean = 5.0 (flags = 0x41)
0  ... 
5  -O                                                                        (1 = 100.0%) {0.0%}
6  ... 

Histogram: Extensions.ExtensionsWithPageActions recorded 1 samples, mean = 0.0 (flags = 0x41)
0  -O                                                                        (1 = 100.0%)
1  ... 

Histogram: Extensions.ExternalRegistryLoaderWin recorded 1 samples, mean = 0.0 (flags = 0x40)
0  -O                                                                        (1 = 100.0%)
1  ... 

Histogram: Extensions.HomepageOverrides recorded 1 samples, mean = 0.0 (flags = 0x41)
0  -O                                                                        (1 = 100.0%)
1  ... 

Histogram: Extensions.HomepageOverrides2 recorded 1 samples, mean = 0.0 (flags = 0x41)
0  -O                                                                        (1 = 100.0%)
1  ... 

Histogram: Extensions.InjectEnd_ScriptCount recorded 3 samples, mean = 0.0 (flags = 0x41)
0  ---O                                                                      (3 = 100.0%)
1  ... 

Histogram: Extensions.InjectIdle_ScriptCount recorded 3 samples, mean = 0.0 (flags = 0x41)
0  ---O                                                                      (3 = 100.0%)
1  ... 

Histogram: Extensions.InjectStart_CssCount recorded 5 samples, mean = 0.0 (flags = 0x41)
0  -----O                                                                    (5 = 100.0%)
1  ... 

Histogram: Extensions.InjectStart_ScriptCount recorded 5 samples, mean = 0.0 (flags = 0x41)
0  -----O                                                                    (5 = 100.0%)
1  ... 

Histogram: Extensions.LoadAll recorded 1 samples, mean = 2.0 (flags = 0x41)
0  ... 
2  -O                                                                        (1 = 100.0%) {0.0%}
3  ... 

Histogram: Extensions.LoadAll2 recorded 1 samples, mean = 2.0 (flags = 0x41)
0  ... 
2  -O                                                                        (1 = 100.0%) {0.0%}
3  ... 

Histogram: Extensions.LoadAllComponentTime recorded 1 samples, mean = 1.0 (flags = 0x41)
0  O                                                                         (0 = 0.0%)
1  -O                                                                        (1 = 100.0%) {0.0%}
2  ... 

Histogram: Extensions.LoadAllComponentTime.User recorded 1 samples, mean = 1.0 (flags = 0x41)
0  O                                                                         (0 = 0.0%)
1  -O                                                                        (1 = 100.0%) {0.0%}
2  ... 

Histogram: Extensions.LoadAllTime2 recorded 1 samples, mean = 0.0 (flags = 0x41)
0  -O                                                                        (1 = 100.0%)
1  ... 

Histogram: Extensions.LoadAllTime2.User recorded 1 samples, mean = 0.0 (flags = 0x41)
0  -O                                                                        (1 = 100.0%)
1  ... 

Histogram: Extensions.LoadApp recorded 1 samples, mean = 0.0 (flags = 0x41)
0  -O                                                                        (1 = 100.0%)
1  ... 

Histogram: Extensions.LoadApp2 recorded 1 samples, mean = 0.0 (flags = 0x41)
0  -O                                                                        (1 = 100.0%)
1  ... 

Histogram: Extensions.LoadAppExternal recorded 1 samples, mean = 0.0 (flags = 0x41)
0  -O                                                                        (1 = 100.0%)
1  ... 

Histogram: Extensions.LoadAppExternal2 recorded 1 samples, mean = 0.0 (flags = 0x41)
0  -O                                                                        (1 = 100.0%)
1  ... 

Histogram: Extensions.LoadAppUser recorded 1 samples, mean = 0.0 (flags = 0x41)
0  -O                                                                        (1 = 100.0%)
1  ... 

Histogram: Extensions.LoadAppUser2 recorded 1 samples, mean = 0.0 (flags = 0x41)
0  -O                                                                        (1 = 100.0%)
1  ... 

Histogram: Extensions.LoadBrowserAction recorded 1 samples, mean = 0.0 (flags = 0x41)
0  -O                                                                        (1 = 100.0%)
1  ... 

Histogram: Extensions.LoadBrowserAction2 recorded 1 samples, mean = 0.0 (flags = 0x41)
0  -O                                                                        (1 = 100.0%)
1  ... 

Histogram: Extensions.LoadExtension recorded 1 samples, mean = 0.0 (flags = 0x41)
0  -O                                                                        (1 = 100.0%)
1  ... 

Histogram: Extensions.LoadExtension2 recorded 1 samples, mean = 0.0 (flags = 0x41)
0  -O                                                                        (1 = 100.0%)
1  ... 

Histogram: Extensions.LoadExtensionExternal recorded 1 samples, mean = 0.0 (flags = 0x41)
0  -O                                                                        (1 = 100.0%)
1  ... 

Histogram: Extensions.LoadExtensionExternal2 recorded 1 samples, mean = 0.0 (flags = 0x41)
0  -O                                                                        (1 = 100.0%)
1  ... 

Histogram: Extensions.LoadExtensionUser2 recorded 1 samples, mean = 0.0 (flags = 0x41)
0  -O                                                                        (1 = 100.0%)
1  ... 

Histogram: Extensions.LoadHostedApp recorded 1 samples, mean = 0.0 (flags = 0x41)
0  -O                                                                        (1 = 100.0%)
1  ... 

Histogram: Extensions.LoadHostedApp2 recorded 1 samples, mean = 0.0 (flags = 0x41)
0  -O                                                                        (1 = 100.0%)
1  ... 

Histogram: Extensions.LoadNoExtensionAction recorded 1 samples, mean = 0.0 (flags = 0x41)
0  -O                                                                        (1 = 100.0%)
1  ... 

Histogram: Extensions.LoadNoExtensionAction2 recorded 1 samples, mean = 0.0 (flags = 0x41)
0  -O                                                                        (1 = 100.0%)
1  ... 

Histogram: Extensions.LoadOffStoreItems recorded 1 samples, mean = 0.0 (flags = 0x41)
0  -O                                                                        (1 = 100.0%)
1  ... 

Histogram: Extensions.LoadOffStoreItems2 recorded 1 samples, mean = 0.0 (flags = 0x41)
0  -O                                                                        (1 = 100.0%)
1  ... 

Histogram: Extensions.LoadPackagedApp recorded 1 samples, mean = 0.0 (flags = 0x41)
0  -O                                                                        (1 = 100.0%)
1  ... 

Histogram: Extensions.LoadPackagedApp2 recorded 1 samples, mean = 0.0 (flags = 0x41)
0  -O                                                                        (1 = 100.0%)
1  ... 

Histogram: Extensions.LoadPlatformApp recorded 1 samples, mean = 0.0 (flags = 0x41)
0  -O                                                                        (1 = 100.0%)
1  ... 

Histogram: Extensions.LoadPlatformApp2 recorded 1 samples, mean = 0.0 (flags = 0x41)
0  -O                                                                        (1 = 100.0%)
1  ... 

Histogram: Extensions.LoadTheme recorded 1 samples, mean = 0.0 (flags = 0x41)
0  -O                                                                        (1 = 100.0%)
1  ... 

Histogram: Extensions.LoadTheme2 recorded 1 samples, mean = 0.0 (flags = 0x41)
0  -O                                                                        (1 = 100.0%)
1  ... 

Histogram: Extensions.LoadUserScript recorded 1 samples, mean = 0.0 (flags = 0x41)
0  -O                                                                        (1 = 100.0%)
1  ... 

Histogram: Extensions.LoadUserScript2 recorded 1 samples, mean = 0.0 (flags = 0x41)
0  -O                                                                        (1 = 100.0%)
1  ... 

Histogram: Extensions.Management_Refresh recorded 1 samples, mean = 0.0 (flags = 0x41)
0  -O                                                                        (1 = 100.0%)
1  ... 

Histogram: Extensions.ManifestVersion2Count.Component recorded 1 samples, mean = 1.0 (flags = 0x41)
0  O                                                                         (0 = 0.0%)
1  -O                                                                        (1 = 100.0%) {0.0%}
2  ... 

Histogram: Extensions.ManifestVersion2Count.External recorded 1 samples, mean = 0.0 (flags = 0x41)
0  -O                                                                        (1 = 100.0%)
1  ... 

Histogram: Extensions.ManifestVersion2Count.Internal recorded 1 samples, mean = 0.0 (flags = 0x41)
0  -O                                                                        (1 = 100.0%)
1  ... 

Histogram: Extensions.ManifestVersion2Count.Policy recorded 1 samples, mean = 0.0 (flags = 0x41)
0  -O                                                                        (1 = 100.0%)
1  ... 

Histogram: Extensions.ManifestVersion2Count.Unpacked recorded 1 samples, mean = 0.0 (flags = 0x41)
0  -O                                                                        (1 = 100.0%)
1  ... 

Histogram: Extensions.ManifestVersion3Count.Component recorded 1 samples, mean = 0.0 (flags = 0x41)
0  -O                                                                        (1 = 100.0%)
1  ... 

Histogram: Extensions.ManifestVersion3Count.External recorded 1 samples, mean = 0.0 (flags = 0x41)
0  -O                                                                        (1 = 100.0%)
1  ... 

Histogram: Extensions.ManifestVersion3Count.Internal recorded 1 samples, mean = 0.0 (flags = 0x41)
0  -O                                                                        (1 = 100.0%)
1  ... 

Histogram: Extensions.ManifestVersion3Count.Policy recorded 1 samples, mean = 0.0 (flags = 0x41)
0  -O                                                                        (1 = 100.0%)
1  ... 

Histogram: Extensions.ManifestVersion3Count.Unpacked recorded 1 samples, mean = 0.0 (flags = 0x41)
0  -O                                                                        (1 = 100.0%)
1  ... 

Histogram: Extensions.ManifestVersionByLocation.Component recorded 1 samples, mean = 2.0 (flags = 0x41)
0  ... 
2  -O                                                                        (1 = 100.0%) {0.0%}
3  ... 

Histogram: Extensions.ManifestVersionPopulationSplit.Component recorded 1 samples, mean = 1.0 (flags = 0x41)
0  O                                                                         (0 = 0.0%)
1  -O                                                                        (1 = 100.0%) {0.0%}
2  ... 

Histogram: Extensions.ManifestVersionPopulationSplit.External recorded 1 samples, mean = 0.0 (flags = 0x41)
0  -O                                                                        (1 = 100.0%)
1  ... 

Histogram: Extensions.ManifestVersionPopulationSplit.Internal recorded 1 samples, mean = 0.0 (flags = 0x41)
0  -O                                                                        (1 = 100.0%)
1  ... 

Histogram: Extensions.ManifestVersionPopulationSplit.InternalAndExternal recorded 1 samples, mean = 0.0 (flags = 0x41)
0  -O                                                                        (1 = 100.0%)
1  ... 

Histogram: Extensions.ManifestVersionPopulationSplit.Unpacked recorded 1 samples, mean = 0.0 (flags = 0x41)
0  -O                                                                        (1 = 100.0%)
1  ... 

Histogram: Extensions.NewTabPageOverrides recorded 1 samples, mean = 0.0 (flags = 0x41)
0  -O                                                                        (1 = 100.0%)
1  ... 

Histogram: Extensions.NewTabPageOverrides2 recorded 1 samples, mean = 0.0 (flags = 0x41)
0  -O                                                                        (1 = 100.0%)
1  ... 

Histogram: Extensions.NonWebStoreNewTabPageOverrides recorded 1 samples, mean = 0.0 (flags = 0x41)
0  -O                                                                        (1 = 100.0%)
1  ... 

Histogram: Extensions.NonWebStoreNewTabPageOverrides2 recorded 1 samples, mean = 0.0 (flags = 0x41)
0  -O                                                                        (1 = 100.0%)
1  ... 

Histogram: Extensions.NonWebstoreLocation recorded 2 samples, mean = 5.0 (flags = 0x41)
0  ... 
5  --O                                                                       (2 = 100.0%) {0.0%}
6  ... 

Histogram: Extensions.NonWebstoreLocation2 recorded 2 samples, mean = 5.0 (flags = 0x41)
0  ... 
5  --O                                                                       (2 = 100.0%) {0.0%}
6  ... 

Histogram: Extensions.NonWebstoreLocationWithDeveloperModeOff.Enabled3 recorded 2 samples, mean = 5.0 (flags = 0x41)
0  ... 
5  --O                                                                       (2 = 100.0%) {0.0%}
6  ... 

Histogram: Extensions.NotAllowlistedDisabled recorded 1 samples, mean = 0.0 (flags = 0x41)
0  -O                                                                        (1 = 100.0%)
1  ... 

Histogram: Extensions.NotAllowlistedDisabled2 recorded 1 samples, mean = 0.0 (flags = 0x41)
0  -O                                                                        (1 = 100.0%)
1  ... 

Histogram: Extensions.NotAllowlistedEnabled recorded 1 samples, mean = 0.0 (flags = 0x41)
0  -O                                                                        (1 = 100.0%)
1  ... 

Histogram: Extensions.NotAllowlistedEnabled2 recorded 1 samples, mean = 0.0 (flags = 0x41)
0  -O                                                                        (1 = 100.0%)
1  ... 

Histogram: Extensions.ProcessManagerStartupHostsTime2 recorded 1 samples, mean = 0.0 (flags = 0x41)
0  -O                                                                        (1 = 100.0%)
1  ... 

Histogram: Extensions.SearchEngineOverrides recorded 1 samples, mean = 0.0 (flags = 0x41)
0  -O                                                                        (1 = 100.0%)
1  ... 

Histogram: Extensions.SearchEngineOverrides2 recorded 1 samples, mean = 0.0 (flags = 0x41)
0  -O                                                                        (1 = 100.0%)
1  ... 

Histogram: Extensions.StartupPagesOverrides recorded 1 samples, mean = 0.0 (flags = 0x41)
0  -O                                                                        (1 = 100.0%)
1  ... 

Histogram: Extensions.StartupPagesOverrides2 recorded 1 samples, mean = 0.0 (flags = 0x41)
0  -O                                                                        (1 = 100.0%)
1  ... 

Histogram: Extensions.WebRequestBlockingCount recorded 1 samples, mean = 0.0 (flags = 0x41)
0  -O                                                                        (1 = 100.0%)
1  ... 

Histogram: Extensions.WebRequestBlockingCount2 recorded 1 samples, mean = 0.0 (flags = 0x41)
0  -O                                                                        (1 = 100.0%)
1  ... 

Histogram: Extensions.WebRequestCount recorded 1 samples, mean = 0.0 (flags = 0x41)
0  -O                                                                        (1 = 100.0%)
1  ... 

Histogram: Extensions.WebRequestCount2 recorded 1 samples, mean = 0.0 (flags = 0x41)
0  -O                                                                        (1 = 100.0%)
1  ... 

Histogram: FirstPartySets.Database.InitStatus recorded 1 samples, mean = 1.0 (flags = 0x41)
0  O                                                                         (0 = 0.0%)
1  -O                                                                        (1 = 100.0%) {0.0%}
2  ... 

Histogram: FirstPartySets.Database.TransactionFailed recorded 8 samples, mean = 0.0 (flags = 0x41)
0  --------O                                                                 (8 = 100.0%)
1  ... 

Histogram: FirstPartySets.Initialization.ClearSiteDataOutcome recorded 1 samples, mean = 1.0 (flags = 0x41)
0  O                                                                         (0 = 0.0%)
1  -O                                                                        (1 = 100.0%) {0.0%}
2  O                                                                         (0 = 0.0%) {100.0%}

Histogram: FirstPartySets.Initialization.SitesToClear.Count recorded 1 samples, mean = 0.0 (flags = 0x41)
0  -O                                                                        (1 = 100.0%)
1  ... 

Histogram: GCM.DelayedTaskControlledReadyTime recorded 1 samples, mean = 25696.0 (flags = 0x41)
0      ... 
20852  -O                                                                        (1 = 100.0%) {0.0%}
26495  ... 

Histogram: GPU.ANGLE.D3DShaderBlobSizeKB recorded 4 samples, mean = 0.5 (flags = 0x41)
0  ----O                                                                     (4 = 100.0%)
1000... 

Histogram: GPU.ANGLE.D3DShaderCompilationTimeUs recorded 4 samples, mean = 4232.8 (flags = 0x41)
0     ... 
3077  --O                                                                       (2 = 50.0%) {0.0%}
4053  --O                                                                       (2 = 50.0%) {50.0%}
5338  ... 

Histogram: GPU.BlocklistFeatureTestResults.Accelerated2dCanvas recorded 1 samples, mean = 0.0 (flags = 0x41)
0  -O                                                                        (1 = 100.0%)
1  ... 

Histogram: GPU.BlocklistFeatureTestResults.GpuCompositing recorded 1 samples, mean = 0.0 (flags = 0x41)
0  -O                                                                        (1 = 100.0%)
1  ... 

Histogram: GPU.BlocklistFeatureTestResults.GpuRasterization recorded 1 samples, mean = 0.0 (flags = 0x41)
0  -O                                                                        (1 = 100.0%)
1  ... 

Histogram: GPU.BlocklistFeatureTestResults.Webgl recorded 1 samples, mean = 0.0 (flags = 0x41)
0  -O                                                                        (1 = 100.0%)
1  ... 

Histogram: GPU.BlocklistFeatureTestResults.Webgl2 recorded 1 samples, mean = 0.0 (flags = 0x41)
0  -O                                                                        (1 = 100.0%)
1  ... 

Histogram: GPU.BlocklistFeatureTestResults.Webgpu recorded 1 samples, mean = 2.0 (flags = 0x41)
0  ... 
2  -O                                                                        (1 = 100.0%) {0.0%}
3  ... 

Histogram: GPU.BlocklistTestResultsPerEntry recorded 1 samples, mean = 0.0 (flags = 0x41)
0  -O                                                                        (1 = 100.0%)
1  ... 

Histogram: GPU.CanvasOopRaster.OopRasterAndGpuAcceleration recorded 1 samples, mean = 0.0 (flags = 0x41)
0  -O                                                                        (1 = 100.0%)
1  ... 

Histogram: GPU.CompositingMode recorded 15 samples, mean = 1.0 (flags = 0x41)
0  O                                                                         (0 = 0.0%)
1  ---------------O                                                          (15 = 100.0%) {0.0%}
2  ... 

Histogram: GPU.D3D12FeatureLevel recorded 1 samples, mean = 2.0 (flags = 0x41)
0  ... 
2  -O                                                                        (1 = 100.0%) {0.0%}
3  ... 

Histogram: GPU.D3D12HighestShaderModel2 recorded 1 samples, mean = 9.0 (flags = 0x41)
0  ... 
9  -O                                                                        (1 = 100.0%) {0.0%}
10 O                                                                         (0 = 0.0%) {100.0%}

Histogram: GPU.DriverBugTestResultsPerEntry recorded 17 samples (flags = 0x41)
0    -O                                                                        (1 = 5.9%)
17   -O                                                                        (1 = 5.9%)
132  -O                                                                        (1 = 5.9%)
206  -O                                                                        (1 = 5.9%)
256  -O                                                                        (1 = 5.9%)
315  -O                                                                        (1 = 5.9%)
346  -O                                                                        (1 = 5.9%)
347  -O                                                                        (1 = 5.9%)
360  -O                                                                        (1 = 5.9%)
362  -O                                                                        (1 = 5.9%)
371  -O                                                                        (1 = 5.9%)
380  -O                                                                        (1 = 5.9%)
414  -O                                                                        (1 = 5.9%)
419  -O                                                                        (1 = 5.9%)
430  -O                                                                        (1 = 5.9%)
431  -O                                                                        (1 = 5.9%)
432  -O                                                                        (1 = 5.9%)

Histogram: GPU.EstablishGpuChannelSyncTime recorded 2 samples, mean = 98.5 (flags = 0x41)
0    ... 
29   -O                                                                        (1 = 50.0%) {0.0%}
34   ... 
160  -O                                                                        (1 = 50.0%) {50.0%}
190  ... 

Histogram: GPU.EstablishGpuChannelSyncTime.FirstRun recorded 2 samples, mean = 98.5 (flags = 0x41)
0    ... 
29   -O                                                                        (1 = 50.0%) {0.0%}
34   ... 
160  -O                                                                        (1 = 50.0%) {50.0%}
190  ... 

Histogram: GPU.GPUProcessLaunchTime recorded 2 samples, mean = 9368.5 (flags = 0x41)
0      ... 
24     -O                                                                        (1 = 50.0%) {0.0%}
29     ... 
10000  -O                                                                        (1 = 50.0%) {50.0%}

Histogram: GPU.GPUProcessTerminationStatus2 recorded 1 samples, mean = 4.0 (flags = 0x41)
0  ... 
4  -O                                                                        (1 = 100.0%) {0.0%}
5  ... 

Histogram: GPU.HardwareAccelerationModeEnabled recorded 1 samples, mean = 1.0 (flags = 0x41)
0  O                                                                         (0 = 0.0%)
1  -O                                                                        (1 = 100.0%) {0.0%}
2  O                                                                         (0 = 0.0%) {100.0%}

Histogram: GPU.ProcessLifetimeEvents.HardwareAccelerated recorded 1 samples, mean = 0.0 (flags = 0x41)
0  -O                                                                        (1 = 100.0%)
1  ... 

Histogram: GPU.RasterDecoder.TimeToFlush recorded 2 samples, mean = 342.5 (flags = 0x41)
0    ... 
191  -O                                                                        (1 = 50.0%) {0.0%}
217  ... 
471  -O                                                                        (1 = 50.0%) {50.0%}
536  ... 

Histogram: GPU.SharedImage.BackingType recorded 4 samples, mean = 7.0 (flags = 0x41)
0   ... 
2   --O                                                                       (2 = 50.0%) {0.0%}
3   ... 
12  --O                                                                       (2 = 50.0%) {50.0%}
13  ... 

Histogram: GPU.SharedImage.ContentConsumed recorded 17 samples, mean = 0.4 (flags = 0x41)
0  ----------O                                                               (10 = 58.8%)
1  -------O                                                                  (7 = 41.2%) {58.8%}
2  O                                                                         (0 = 0.0%) {100.0%}

Histogram: GPU.SkiaBackendType recorded 1 samples, mean = 2.0 (flags = 0x41)
0  ... 
2  -O                                                                        (1 = 100.0%) {0.0%}
3  ... 

Histogram: GPU.SupportsDX12 recorded 1 samples, mean = 1.0 (flags = 0x41)
0  O                                                                         (0 = 0.0%)
1  -O                                                                        (1 = 100.0%) {0.0%}
2  O                                                                         (0 = 0.0%) {100.0%}

Histogram: GPU.WatchdogThread.Event recorded 1 samples, mean = 0.0 (flags = 0x41)
0  -O                                                                        (1 = 100.0%)
1  ... 

Histogram: GPU.WatchdogThread.Event.main recorded 1 samples, mean = 0.0 (flags = 0x41)
0  -O                                                                        (1 = 100.0%)
1  ... 

Histogram: GPU.WatchdogThread.Timeout recorded 128 samples, mean = 0.0 (flags = 0x41)
0  ------------------------------------------------------------------------O (128 = 100.0%)
1  ... 

Histogram: GPU.WatchdogThread.Timeout.Normal recorded 128 samples, mean = 0.0 (flags = 0x41)
0  ------------------------------------------------------------------------O (128 = 100.0%)
1  ... 

Histogram: GPU.WatchdogThread.Timeout.Normal.main recorded 128 samples, mean = 0.0 (flags = 0x41)
0  ------------------------------------------------------------------------O (128 = 100.0%)
1  ... 

Histogram: GPU.WatchdogThread.Timeout.main recorded 128 samples, mean = 0.0 (flags = 0x41)
0  ------------------------------------------------------------------------O (128 = 100.0%)
1  ... 

Histogram: Gaia.AuthFetcher.ListAccounts.NetErrorCodes recorded 1 samples (flags = 0x41)
0  -O                                                                        (1 = 100.0%)

Histogram: Gpu.FenceHandle.CloneCountsPerSubmit recorded 7 samples, mean = 0.0 (flags = 0x41)
0  -------O                                                                  (7 = 100.0%)
1  ... 

Histogram: Gpu.GrCompileShaderUs recorded 4 samples, mean = 845.8 (flags = 0x41)
0     ... 
448   --O                                                                       (2 = 50.0%) {0.0%}
590   ... 
1023  --O                                                                       (2 = 50.0%) {50.0%}
1347  ... 

Histogram: Gpu.GrLinkProgramUs recorded 2 samples, mean = 6483.0 (flags = 0x41)
0     ... 
5338  --O                                                                       (2 = 100.0%) {0.0%}
7031  ... 

Histogram: Gpu.PassthroughProgramCacheLoadHitInCache recorded 2 samples, mean = 0.0 (flags = 0x41)
0  --O                                                                       (2 = 100.0%)
1  ... 

Histogram: Gpu.Rasterization.Raster.MSAASampleCountLog2 recorded 2 samples, mean = 0.0 (flags = 0x41)
0  --O                                                                       (2 = 100.0%)
1  ... 

Histogram: HangWatcher.IsThreadHung.BrowserProcess.IOThread.Normal recorded 452 samples, mean = 0.0 (flags = 0x41)
0  ------------------------------------------------------------------------O (452 = 100.0%)
1  ... 

Histogram: HangWatcher.IsThreadHung.BrowserProcess.UIThread.Normal recorded 452 samples, mean = 0.0 (flags = 0x41)
0  ------------------------------------------------------------------------O (452 = 100.0%)
1  ... 

Histogram: HangWatcher.IsThreadHung.RendererProcess.IOThread.BestEffort recorded 443 samples, mean = 0.0 (flags = 0x41)
0  ------------------------------------------------------------------------O (443 = 100.0%)
1  ... 

Histogram: HangWatcher.IsThreadHung.RendererProcess.MainThread.BestEffort recorded 443 samples, mean = 0.0 (flags = 0x41)
0  ------------------------------------------------------------------------O (443 = 100.0%)
1  ... 

Histogram: HangWatcher.IsThreadHung.UtilityProcess.IOThread recorded 901 samples, mean = 0.0 (flags = 0x41)
0  ------------------------------------------------------------------------O (901 = 100.0%)
1  ... 

Histogram: HangWatcher.IsThreadHung.UtilityProcess.MainThread recorded 901 samples, mean = 0.0 (flags = 0x41)
0  ------------------------------------------------------------------------O (901 = 100.0%)
1  ... 

Histogram: HangWatcher.SleepDrift.BrowserProcess recorded 1801 samples, mean = 13.8 (flags = 0x41)
0     ------------------------------------------------------------------------O (428 = 23.8%)
1     ---------------------------O                                              (159 = 8.8%) {23.8%}
2     -----------------O                                                        (100 = 5.6%) {32.6%}
3     ------------O                                                             (72 = 4.0%) {38.1%}
4     -------------O                                                            (75 = 4.2%) {42.1%}
5     --------------O                                                           (82 = 4.6%) {46.3%}
6     --------------O                                                           (84 = 4.7%) {50.9%}
7     ---------------O                                                          (92 = 5.1%) {55.5%}
8     -----------------------------O                                            (170 = 9.4%) {60.6%}
10    -----------------------------O                                            (172 = 9.6%) {70.1%}
12    -------------------------------O                                          (183 = 10.2%) {79.6%}
14    ------------------------O                                                 (145 = 8.1%) {89.8%}
17    ---O                                                                      (15 = 0.8%) {97.8%}
20    --O                                                                       (9 = 0.5%) {98.7%}
24    -O                                                                        (3 = 0.2%) {99.2%}
29    O                                                                         (1 = 0.1%) {99.3%}
34    O                                                                         (0 = 0.0%) {99.4%}
40    O                                                                         (1 = 0.1%) {99.4%}
48    -O                                                                        (3 = 0.2%) {99.4%}
57    ... 
160   O                                                                         (1 = 0.1%) {99.6%}
190   ... 
268   O                                                                         (1 = 0.1%) {99.7%}
318   ... 
752   O                                                                         (1 = 0.1%) {99.7%}
894   ... 
2516  O                                                                         (2 = 0.1%) {99.8%}
2990  O                                                                         (1 = 0.1%) {99.9%}
3553  O                                                                         (1 = 0.1%) {99.9%}
4222  ... 

Histogram: Hardware.Display.Count.OnStartup recorded 1 samples, mean = 1.0 (flags = 0x41)
0  O                                                                         (0 = 0.0%)
1  -O                                                                        (1 = 100.0%) {0.0%}
2  ... 

Histogram: Hardware.Display.SupportsHDR recorded 1 samples, mean = 0.0 (flags = 0x41)
0  -O                                                                        (1 = 100.0%)
1  ... 

Histogram: HeapProfiling.InProcess.Enabled recorded 1 samples, mean = 0.0 (flags = 0x41)
0  -O                                                                        (1 = 100.0%)
1  ... 

Histogram: HeapProfiling.InProcess.Enabled.Browser recorded 1 samples, mean = 0.0 (flags = 0x41)
0  -O                                                                        (1 = 100.0%)
1  ... 

Histogram: Histogram.TooManyBuckets.1000 recorded 4 samples (flags = 0x41)
-2140283801 --O                                                                       (2 = 50.0%)
1721222685  --O                                                                       (2 = 50.0%)

Histogram: History.Backend.TransactionCommitSuccess recorded 3 samples, mean = 1.0 (flags = 0x41)
0  O                                                                         (0 = 0.0%)
1  ---O                                                                      (3 = 100.0%) {0.0%}
2  O                                                                         (0 = 0.0%) {100.0%}

Histogram: History.ClearBrowsingData.TaskQueueAtShutdown recorded 1 samples, mean = 0.0 (flags = 0x41)
0  -O                                                                        (1 = 100.0%)
1  ... 

Histogram: History.Clusters.ContextClusterer.VisitProcessingLatency.CleanUpTimer recorded 7 samples, mean = 0.0 (flags = 0x41)
0  -------O                                                                  (7 = 100.0%)
1  ... 

Histogram: History.Clusters.ContextClusterer.VisitProcessingLatency.UrlVisited recorded 4 samples, mean = 0.0 (flags = 0x41)
0  ----O                                                                     (4 = 100.0%)
1  ... 

Histogram: History.Clusters.JourneysEligibleAndEnabledAtSessionStart recorded 1 samples, mean = 1.0 (flags = 0x41)
0  O                                                                         (0 = 0.0%)
1  -O                                                                        (1 = 100.0%) {0.0%}
2  O                                                                         (0 = 0.0%) {100.0%}

Histogram: History.Clusters.KeywordCache.LoadCachesFromPrefs.Latency recorded 1 samples, mean = 0.0 (flags = 0x41)
0  -O                                                                        (1 = 100.0%)
1  ... 

Histogram: History.DomainCount1Day_V2 recorded 1 samples, mean = 1.0 (flags = 0x41)
0  O                                                                         (0 = 0.0%)
1  -O                                                                        (1 = 100.0%) {0.0%}
2  ... 

Histogram: History.DomainCount1Day_V3 recorded 1 samples, mean = 1.0 (flags = 0x41)
0  O                                                                         (0 = 0.0%)
1  -O                                                                        (1 = 100.0%) {0.0%}
2  ... 

Histogram: History.DomainCount28Day_V2 recorded 1 samples, mean = 1.0 (flags = 0x41)
0  O                                                                         (0 = 0.0%)
1  -O                                                                        (1 = 100.0%) {0.0%}
2  ... 

Histogram: History.DomainCount28Day_V3 recorded 1 samples, mean = 1.0 (flags = 0x41)
0  O                                                                         (0 = 0.0%)
1  -O                                                                        (1 = 100.0%) {0.0%}
2  ... 

Histogram: History.DomainCount7Day_V2 recorded 1 samples, mean = 1.0 (flags = 0x41)
0  O                                                                         (0 = 0.0%)
1  -O                                                                        (1 = 100.0%) {0.0%}
2  ... 

Histogram: History.DomainCount7Day_V3 recorded 1 samples, mean = 1.0 (flags = 0x41)
0  O                                                                         (0 = 0.0%)
1  -O                                                                        (1 = 100.0%) {0.0%}
2  ... 

Histogram: History.InMemoryDBItemCount recorded 1 samples, mean = 2.0 (flags = 0x41)
0  ... 
2  -O                                                                        (1 = 100.0%) {0.0%}
3  ... 

Histogram: History.TopSites.QueryFromHistoryTime recorded 1 samples, mean = 16.0 (flags = 0x41)
0   ... 
14  -O                                                                        (1 = 100.0%) {0.0%}
17  ... 

Histogram: History.VisitedLinks.HashTableLengthOnReaderInit recorded 3 samples, mean = 16381.0 (flags = 0x41)
0      ... 
14319  ---O                                                                      (3 = 100.0%) {0.0%}
19866  ... 

Histogram: History.VisitedLinks.HashTableSizeOnTableCreate recorded 2 samples, mean = 0.0 (flags = 0x41)
0  --O                                                                       (2 = 100.0%)
1  ... 

Histogram: History.VisitedLinks.HashTableUsageOnLinkAdded recorded 4 samples, mean = 5.2 (flags = 0x41)
0  -O                                                                        (1 = 25.0%)
1  ... 
6  --O                                                                       (2 = 50.0%) {25.0%}
8  -O                                                                        (1 = 25.0%) {75.0%}
11 ... 

Histogram: History.VisitedLinks.TryToAddFingerprint recorded 5 samples, mean = 0.4 (flags = 0x41)
0  ---O                                                                      (3 = 60.0%)
1  --O                                                                       (2 = 40.0%) {60.0%}
2  ... 

Histogram: History.VisitedLinks.VisitLoggedFromMainFrame recorded 3 samples, mean = 1.0 (flags = 0x41)
0  O                                                                         (0 = 0.0%)
1  ---O                                                                      (3 = 100.0%) {0.0%}
2  O                                                                         (0 = 0.0%) {100.0%}

Histogram: History.VisitedLinks.VisitLoggedFromTransition recorded 3 samples, mean = 1.7 (flags = 0x41)
0  O                                                                         (0 = 0.0%)
1  -O                                                                        (1 = 33.3%) {0.0%}
2  --O                                                                       (2 = 66.7%) {33.3%}
3  ... 

Histogram: HttpCache.AccessToDone2 recorded 48 samples, mean = 163.1 (flags = 0x41)
0    ... 
2    -O                                                                        (1 = 2.1%) {0.0%}
3    ... 
20   -O                                                                        (1 = 2.1%) {2.1%}
22   ... 
28   ---O                                                                      (3 = 6.2%) {4.2%}
31   ----O                                                                     (4 = 8.3%) {10.4%}
34   ... 
49   -O                                                                        (1 = 2.1%) {18.8%}
54   ----O                                                                     (4 = 8.3%) {20.8%}
59   -O                                                                        (1 = 2.1%) {29.2%}
65   --O                                                                       (2 = 4.2%) {31.2%}
71   -O                                                                        (1 = 2.1%) {35.4%}
78   ---O                                                                      (3 = 6.2%) {37.5%}
85   -O                                                                        (1 = 2.1%) {43.8%}
93   -O                                                                        (1 = 2.1%) {45.8%}
102  ... 
135  -O                                                                        (1 = 2.1%) {47.9%}
148  ---O                                                                      (3 = 6.2%) {50.0%}
162  -O                                                                        (1 = 2.1%) {56.2%}
177  --O                                                                       (2 = 4.2%) {58.3%}
194  -------O                                                                  (7 = 14.6%) {62.5%}
212  --O                                                                       (2 = 4.2%) {77.1%}
232  -O                                                                        (1 = 2.1%) {81.2%}
254  ... 
333  --O                                                                       (2 = 4.2%) {83.3%}
364  --O                                                                       (2 = 4.2%) {87.5%}
398  O                                                                         (0 = 0.0%) {91.7%}
436  ---O                                                                      (3 = 6.2%) {91.7%}
477  -O                                                                        (1 = 2.1%) {97.9%}
522  ... 

Histogram: HttpCache.AccessToDone2.SentRequest recorded 14 samples, mean = 251.3 (flags = 0x41)
0    ... 
71   -O                                                                        (1 = 7.1%) {0.0%}
78   -O                                                                        (1 = 7.1%) {7.1%}
85   -O                                                                        (1 = 7.1%) {14.3%}
93   -O                                                                        (1 = 7.1%) {21.4%}
102  ... 
148  --O                                                                       (2 = 14.3%) {28.6%}
162  O                                                                         (0 = 0.0%) {42.9%}
177  -O                                                                        (1 = 7.1%) {42.9%}
194  -O                                                                        (1 = 7.1%) {50.0%}
212  ... 
333  -O                                                                        (1 = 7.1%) {57.1%}
364  --O                                                                       (2 = 14.3%) {64.3%}
398  O                                                                         (0 = 0.0%) {78.6%}
436  ---O                                                                      (3 = 21.4%) {78.6%}
477  ... 

Histogram: HttpCache.AccessToDone2.Used recorded 34 samples, mean = 126.7 (flags = 0x41)
0    ... 
2    -O                                                                        (1 = 2.9%) {0.0%}
3    ... 
21   -O                                                                        (1 = 2.9%) {2.9%}
22   ... 
29   ---O                                                                      (3 = 8.8%) {5.9%}
31   ----O                                                                     (4 = 11.8%) {14.7%}
33   ... 
48   -O                                                                        (1 = 2.9%) {26.5%}
51   O                                                                         (0 = 0.0%) {29.4%}
54   ----O                                                                     (4 = 11.8%) {29.4%}
58   O                                                                         (0 = 0.0%) {41.2%}
62   -O                                                                        (1 = 2.9%) {41.2%}
66   -O                                                                        (1 = 2.9%) {44.1%}
70   -O                                                                        (1 = 2.9%) {47.1%}
75   O                                                                         (0 = 0.0%) {50.0%}
80   --O                                                                       (2 = 5.9%) {50.0%}
85   ... 
133  -O                                                                        (1 = 2.9%) {55.9%}
142  O                                                                         (0 = 0.0%) {58.8%}
151  -O                                                                        (1 = 2.9%) {58.8%}
161  O                                                                         (0 = 0.0%) {61.8%}
172  -O                                                                        (1 = 2.9%) {61.8%}
183  -O                                                                        (1 = 2.9%) {64.7%}
195  --O                                                                       (2 = 5.9%) {67.6%}
208  ----O                                                                     (4 = 11.8%) {73.5%}
222  --O                                                                       (2 = 5.9%) {85.3%}
237  -O                                                                        (1 = 2.9%) {91.2%}
253  ... 
327  -O                                                                        (1 = 2.9%) {94.1%}
348  ... 
509  -O                                                                        (1 = 2.9%) {97.1%}
542  ... 

Histogram: HttpCache.AddTransactionToEntry recorded 48 samples, mean = 0.0 (flags = 0x41)
0  ------------------------------------------------O                         (48 = 100.0%)
1  ... 

Histogram: HttpCache.BeforeSend recorded 14 samples, mean = 12.6 (flags = 0x41)
0   O                                                                         (0 = 0.0%)
1   --O                                                                       (2 = 14.3%) {0.0%}
2   --O                                                                       (2 = 14.3%) {14.3%}
3   O                                                                         (0 = 0.0%) {28.6%}
4   --O                                                                       (2 = 14.3%) {28.6%}
5   O                                                                         (0 = 0.0%) {42.9%}
6   --O                                                                       (2 = 14.3%) {42.9%}
7   -O                                                                        (1 = 7.1%) {57.1%}
8   ... 
12  --O                                                                       (2 = 14.3%) {64.3%}
14  ... 
24  -O                                                                        (1 = 7.1%) {78.6%}
29  ... 
40  --O                                                                       (2 = 14.3%) {85.7%}
48  ... 

Histogram: HttpCache.BeforeSend.CantConditionalize recorded 4 samples, mean = 7.5 (flags = 0x41)
0   ... 
4   -O                                                                        (1 = 25.0%) {0.0%}
5   O                                                                         (0 = 0.0%) {25.0%}
6   -O                                                                        (1 = 25.0%) {25.0%}
7   -O                                                                        (1 = 25.0%) {50.0%}
8   ... 
12  -O                                                                        (1 = 25.0%) {75.0%}
14  ... 

Histogram: HttpCache.BeforeSend.NotCached recorded 5 samples, mean = 4.2 (flags = 0x41)
0   O                                                                         (0 = 0.0%)
1   -O                                                                        (1 = 20.0%) {0.0%}
2   --O                                                                       (2 = 40.0%) {20.0%}
3   O                                                                         (0 = 0.0%) {60.0%}
4   -O                                                                        (1 = 20.0%) {60.0%}
5   ... 
12  -O                                                                        (1 = 20.0%) {80.0%}
14  ... 

Histogram: HttpCache.BeforeSend.Updated recorded 1 samples, mean = 46.0 (flags = 0x41)
0   ... 
40  -O                                                                        (1 = 100.0%) {0.0%}
48  ... 

Histogram: HttpCache.BeforeSend.Validated recorded 4 samples, mean = 19.8 (flags = 0x41)
0   O                                                                         (0 = 0.0%)
1   -O                                                                        (1 = 25.0%) {0.0%}
2   ... 
6   -O                                                                        (1 = 25.0%) {25.0%}
7   ... 
24  -O                                                                        (1 = 25.0%) {50.0%}
29  ... 
40  -O                                                                        (1 = 25.0%) {75.0%}
48  ... 

Histogram: HttpCache.CreateDiskEntry recorded 5 samples, mean = 4.2 (flags = 0x41)
0   O                                                                         (0 = 0.0%)
1   -O                                                                        (1 = 20.0%) {0.0%}
2   --O                                                                       (2 = 40.0%) {20.0%}
3   O                                                                         (0 = 0.0%) {60.0%}
4   -O                                                                        (1 = 20.0%) {60.0%}
5   ... 
12  -O                                                                        (1 = 20.0%) {80.0%}
14  ... 

Histogram: HttpCache.HardReset recorded 1 samples, mean = 0.0 (flags = 0x40)
0  -O                                                                        (1 = 100.0%)
1  ... 

Histogram: HttpCache.IsNoStore recorded 48 samples, mean = 0.1 (flags = 0x41)
0  ---------------------------------------------O                            (45 = 93.8%)
1  ---O                                                                      (3 = 6.2%) {93.8%}
2  O                                                                         (0 = 0.0%) {100.0%}

Histogram: HttpCache.IsNoStore.MainFrameHTML recorded 1 samples, mean = 1.0 (flags = 0x41)
0  O                                                                         (0 = 0.0%)
1  -O                                                                        (1 = 100.0%) {0.0%}
2  O                                                                         (0 = 0.0%) {100.0%}

Histogram: HttpCache.MaxFileSizeOnInit recorded 1 samples, mean = 40960.0 (flags = 0x41)
0      ... 
37526  -O                                                                        (1 = 100.0%) {0.0%}
42713  ... 

Histogram: HttpCache.OpenDiskEntry recorded 43 samples, mean = 11.4 (flags = 0x41)
0   --O                                                                       (2 = 4.7%)
1   ------O                                                                   (6 = 14.0%) {4.7%}
2   O                                                                         (0 = 0.0%) {18.6%}
3   -O                                                                        (1 = 2.3%) {18.6%}
4   ... 
6   --O                                                                       (2 = 4.7%) {20.9%}
7   -O                                                                        (1 = 2.3%) {25.6%}
8   -O                                                                        (1 = 2.3%) {27.9%}
10  ---------O                                                                (9 = 20.9%) {30.2%}
12  ----------O                                                               (10 = 23.3%) {51.2%}
14  O                                                                         (0 = 0.0%) {74.4%}
17  --O                                                                       (2 = 4.7%) {74.4%}
20  --------O                                                                 (8 = 18.6%) {79.1%}
24  O                                                                         (0 = 0.0%) {97.7%}
29  -O                                                                        (1 = 2.3%) {97.7%}
34  ... 

Histogram: HttpCache.Pattern recorded 48 samples, mean = 3.3 (flags = 0x41)
0  ... 
2  -----O                                                                    (5 = 10.4%) {0.0%}
3  ----------------------------------O                                       (34 = 70.8%) {10.4%}
4  ----O                                                                     (4 = 8.3%) {81.2%}
5  -O                                                                        (1 = 2.1%) {89.6%}
6  ----O                                                                     (4 = 8.3%) {91.7%}
7  O                                                                         (0 = 0.0%) {100.0%}

Histogram: HttpCache.Pattern.CSS recorded 8 samples, mean = 3.1 (flags = 0x41)
0  ... 
3  -------O                                                                  (7 = 87.5%) {0.0%}
4  -O                                                                        (1 = 12.5%) {87.5%}
5  ... 

Histogram: HttpCache.Pattern.CSSThirdParty recorded 8 samples, mean = 3.1 (flags = 0x41)
0  ... 
3  -------O                                                                  (7 = 87.5%) {0.0%}
4  -O                                                                        (1 = 12.5%) {87.5%}
5  ... 

Histogram: HttpCache.Pattern.Font recorded 5 samples, mean = 3.0 (flags = 0x41)
0  ... 
3  -----O                                                                    (5 = 100.0%) {0.0%}
4  ... 

Histogram: HttpCache.Pattern.FontThirdParty recorded 5 samples, mean = 3.0 (flags = 0x41)
0  ... 
3  -----O                                                                    (5 = 100.0%) {0.0%}
4  ... 

Histogram: HttpCache.Pattern.Image recorded 1 samples, mean = 3.0 (flags = 0x41)
0  ... 
3  -O                                                                        (1 = 100.0%) {0.0%}
4  ... 

Histogram: HttpCache.Pattern.JavaScript recorded 24 samples, mean = 3.1 (flags = 0x41)
0  ... 
2  -O                                                                        (1 = 4.2%) {0.0%}
3  ---------------------O                                                    (21 = 87.5%) {4.2%}
4  -O                                                                        (1 = 4.2%) {91.7%}
5  -O                                                                        (1 = 4.2%) {95.8%}
6  ... 

Histogram: HttpCache.Pattern.JavaScriptThirdParty recorded 23 samples, mean = 3.1 (flags = 0x41)
0  ... 
3  ---------------------O                                                    (21 = 91.3%) {0.0%}
4  -O                                                                        (1 = 4.3%) {91.3%}
5  -O                                                                        (1 = 4.3%) {95.7%}
6  ... 

Histogram: HttpCache.Pattern.MainFrameHTML recorded 1 samples, mean = 2.0 (flags = 0x41)
0  ... 
2  -O                                                                        (1 = 100.0%) {0.0%}
3  ... 

Histogram: HttpCache.Pattern.NonTinyImage recorded 1 samples, mean = 3.0 (flags = 0x41)
0  ... 
3  -O                                                                        (1 = 100.0%) {0.0%}
4  ... 

Histogram: HttpCache.TotalDiskCacheTimePerTransaction.Read recorded 9 samples, mean = 16.3 (flags = 0x41)
0   -O                                                                        (1 = 11.1%)
1   O                                                                         (0 = 0.0%) {11.1%}
2   -O                                                                        (1 = 11.1%) {11.1%}
3   -O                                                                        (1 = 11.1%) {22.2%}
4   O                                                                         (0 = 0.0%) {33.3%}
5   --O                                                                       (2 = 22.2%) {33.3%}
6   -O                                                                        (1 = 11.1%) {55.6%}
7   -O                                                                        (1 = 11.1%) {66.7%}
8   ... 
34  -O                                                                        (1 = 11.1%) {77.8%}
40  ... 
81  -O                                                                        (1 = 11.1%) {88.9%}
96  ... 

Histogram: HttpCache.TotalDiskCacheTimePerTransaction.Write recorded 11 samples, mean = 11.1 (flags = 0x41)
0   --O                                                                       (2 = 18.2%)
1   O                                                                         (0 = 0.0%) {18.2%}
2   -O                                                                        (1 = 9.1%) {18.2%}
3   ... 
6   --O                                                                       (2 = 18.2%) {27.3%}
7   -O                                                                        (1 = 9.1%) {45.5%}
8   -O                                                                        (1 = 9.1%) {54.5%}
10  -O                                                                        (1 = 9.1%) {63.6%}
12  ... 
17  -O                                                                        (1 = 9.1%) {72.7%}
20  O                                                                         (0 = 0.0%) {81.8%}
24  -O                                                                        (1 = 9.1%) {81.8%}
29  O                                                                         (0 = 0.0%) {90.9%}
34  -O                                                                        (1 = 9.1%) {90.9%}
40  ... 

Histogram: ImageDecoder.Png.UiGfxIntoSkBitmap recorded 1 samples, mean = 133.0 (flags = 0x41)
0    ... 
113  -O                                                                        (1 = 100.0%) {0.0%}
149  ... 

Histogram: ImportantFile.FileReplaceRetryCount recorded 20 samples, mean = 0.0 (flags = 0x41)
0  --------------------O                                                     (20 = 100.0%)
1  ... 

Histogram: ImportantFile.SerializationDuration recorded 4 samples, mean = 0.0 (flags = 0x41)
0  ----O                                                                     (4 = 100.0%)
1  ... 

Histogram: ImportantFile.SerializationDuration.BrowsingTopicsState recorded 1 samples, mean = 0.0 (flags = 0x41)
0  -O                                                                        (1 = 100.0%)
1  ... 

Histogram: ImportantFile.SerializationDuration.Local_State recorded 8 samples, mean = 0.0 (flags = 0x41)
0  --------O                                                                 (8 = 100.0%)
1  ... 

Histogram: ImportantFile.SerializationDuration.Preferences recorded 3 samples, mean = 0.0 (flags = 0x41)
0  ---O                                                                      (3 = 100.0%)
1  ... 

Histogram: ImportantFile.SerializationDuration.TransportSecurityPersister recorded 1 samples, mean = 0.0 (flags = 0x41)
0  -O                                                                        (1 = 100.0%)
1  ... 

Histogram: ImportantFile.WriteDuration recorded 4 samples, mean = 182.2 (flags = 0x41)
0    ... 
29   -O                                                                        (1 = 25.0%) {0.0%}
34   O                                                                         (0 = 0.0%) {25.0%}
40   -O                                                                        (1 = 25.0%) {25.0%}
48   ... 
81   -O                                                                        (1 = 25.0%) {50.0%}
96   ... 
533  -O                                                                        (1 = 25.0%) {75.0%}
633  ... 

Histogram: ImportantFile.WriteDuration.BrowsingTopicsState recorded 1 samples, mean = 109.0 (flags = 0x41)
0   ... 
96  -O                                                                        (1 = 100.0%) {0.0%}
114 ... 

Histogram: ImportantFile.WriteDuration.Local_State recorded 8 samples, mean = 94.5 (flags = 0x41)
0    ... 
34   -O                                                                        (1 = 12.5%) {0.0%}
40   -O                                                                        (1 = 12.5%) {12.5%}
48   O                                                                         (0 = 0.0%) {25.0%}
57   --O                                                                       (2 = 25.0%) {25.0%}
68   --O                                                                       (2 = 25.0%) {50.0%}
81   O                                                                         (0 = 0.0%) {75.0%}
96   -O                                                                        (1 = 12.5%) {75.0%}
114  ... 
268  -O                                                                        (1 = 12.5%) {87.5%}
318  ... 

Histogram: ImportantFile.WriteDuration.Preferences recorded 3 samples, mean = 157.7 (flags = 0x41)
0    ... 
40   -O                                                                        (1 = 33.3%) {0.0%}
48   ... 
114  -O                                                                        (1 = 33.3%) {33.3%}
135  ... 
268  -O                                                                        (1 = 33.3%) {66.7%}
318  ... 

Histogram: ImportantFile.WriteDuration.SCTAuditing recorded 2 samples, mean = 2470.5 (flags = 0x41)
0     ... 
449   -O                                                                        (1 = 50.0%) {0.0%}
533   ... 
4222  -O                                                                        (1 = 50.0%) {50.0%}
5017  ... 

Histogram: ImportantFile.WriteDuration.TransportSecurityPersister recorded 1 samples, mean = 45.0 (flags = 0x41)
0   ... 
40  -O                                                                        (1 = 100.0%) {0.0%}
48  ... 

Histogram: ImportantFile.WriteDuration.TrustedVault recorded 1 samples, mean = 74.0 (flags = 0x41)
0   ... 
68  -O                                                                        (1 = 100.0%) {0.0%}
81  ... 

Histogram: InProductHelp.Config.ParsingEvent recorded 68 samples, mean = 6.4 (flags = 0x41)
0   -----------------------------O                                            (29 = 42.6%)
1   O                                                                         (0 = 0.0%) {42.6%}
2   ---------O                                                                (9 = 13.2%) {42.6%}
3   ... 
14  ------------------------------O                                           (30 = 44.1%) {55.9%}
15  ... 

Histogram: InProductHelp.Db.Init.AvailabilityStore recorded 1 samples, mean = 0.0 (flags = 0x41)
0  -O                                                                        (1 = 100.0%)
1  ... 

Histogram: InProductHelp.Db.Init.EventStore recorded 1 samples, mean = 0.0 (flags = 0x41)
0  -O                                                                        (1 = 100.0%)
1  ... 

Histogram: IndexedDB.ContextShutdownDuration recorded 1 samples, mean = 1.0 (flags = 0x41)
0  O                                                                         (0 = 0.0%)
1  -O                                                                        (1 = 100.0%) {0.0%}
2  ... 

Histogram: Input.Digitizer.MaxTouchPointsSupportedBySystemAtStartup recorded 1 samples, mean = 0.0 (flags = 0x41)
0  -O                                                                        (1 = 100.0%)
1  ... 

Histogram: Input.PointerTypePrimary recorded 1 samples, mean = 2.0 (flags = 0x41)
0  ... 
2  -O                                                                        (1 = 100.0%) {0.0%}
3  O                                                                         (0 = 0.0%) {100.0%}

Histogram: Input.PointerTypesAll recorded 1 samples, mean = 2.0 (flags = 0x41)
0  ... 
2  -O                                                                        (1 = 100.0%) {0.0%}
3  ... 

Histogram: LanguageDetection.TFLiteModel.WasModelAvailableForDetection recorded 1 samples, mean = 0.0 (flags = 0x41)
0  -O                                                                        (1 = 100.0%)
1  ... 

Histogram: LanguageDetection.TFLiteModel.WasModelRequestDeferred recorded 2 samples, mean = 1.0 (flags = 0x41)
0  O                                                                         (0 = 0.0%)
1  --O                                                                       (2 = 100.0%) {0.0%}
2  O                                                                         (0 = 0.0%) {100.0%}

Histogram: LanguageDetection.TFLiteModel.WasModelUnavailableDueToDeferredLoad recorded 1 samples, mean = 0.0 (flags = 0x41)
0  -O                                                                        (1 = 100.0%)
1  ... 

Histogram: LanguageUsage.AcceptLanguage recorded 1 samples (flags = 0x41)
25966  -O                                                                        (1 = 100.0%)

Histogram: LanguageUsage.AcceptLanguage.Count recorded 1 samples, mean = 1.0 (flags = 0x41)
0  O                                                                         (0 = 0.0%)
1  -O                                                                        (1 = 100.0%) {0.0%}
2  ... 

Histogram: LanguageUsage.AcceptLanguageAndContentLanguageUsage recorded 1 samples, mean = 0.0 (flags = 0x41)
0  -O                                                                        (1 = 100.0%)
1  ... 

Histogram: LevelDB.ApproximateMemTableMemoryUse.BudgetManager recorded 0 samples (flags = 0x41)
0 ... 

Histogram: LevelDB.ApproximateMemTableMemoryUse.CartDatabase recorded 0 samples (flags = 0x41)
0 ... 

Histogram: LevelDB.ApproximateMemTableMemoryUse.ClientCertificatesDatabase recorded 0 samples (flags = 0x41)
0 ... 

Histogram: LevelDB.ApproximateMemTableMemoryUse.CommerceParcelTrackingDatabase recorded 0 samples (flags = 0x41)
0 ... 

Histogram: LevelDB.ApproximateMemTableMemoryUse.CommerceSubscriptionDatabase recorded 0 samples (flags = 0x41)
0 ... 

Histogram: LevelDB.ApproximateMemTableMemoryUse.CouponDatabase recorded 0 samples (flags = 0x41)
0 ... 

Histogram: LevelDB.ApproximateMemTableMemoryUse.DiscountsDatabase recorded 0 samples (flags = 0x41)
0 ... 

Histogram: LevelDB.ApproximateMemTableMemoryUse.DownloadDB recorded 0 samples (flags = 0x41)
0 ... 

Histogram: LevelDB.ApproximateMemTableMemoryUse.DownloadService recorded 0 samples (flags = 0x41)
0 ... 

Histogram: LevelDB.ApproximateMemTableMemoryUse.FeatureEngagementTrackerAvailabilityStore recorded 0 samples (flags = 0x41)
0 ... 

Histogram: LevelDB.ApproximateMemTableMemoryUse.FeatureEngagementTrackerEventStore recorded 0 samples (flags = 0x41)
0 ... 

Histogram: LevelDB.ApproximateMemTableMemoryUse.GCMKeyStore recorded 0 samples (flags = 0x41)
0 ... 

Histogram: LevelDB.ApproximateMemTableMemoryUse.Metadata recorded 0 samples (flags = 0x41)
0 ... 

Histogram: LevelDB.ApproximateMemTableMemoryUse.PersistentOriginTrials recorded 0 samples (flags = 0x41)
0 ... 

Histogram: LevelDB.ApproximateMemTableMemoryUse.PreviewsHintCacheStore recorded 0 samples (flags = 0x41)
0 ... 

Histogram: LevelDB.ApproximateMemTableMemoryUse.SegmentInfoDatabase recorded 0 samples (flags = 0x41)
0 ... 

Histogram: LevelDB.ApproximateMemTableMemoryUse.SharedProtoDB recorded 0 samples (flags = 0x41)
0 ... 

Histogram: LevelDB.ApproximateMemTableMemoryUse.SignalDatabase recorded 0 samples (flags = 0x41)
0 ... 

Histogram: LevelDB.ApproximateMemTableMemoryUse.SignalStorageConfigDatabase recorded 0 samples (flags = 0x41)
0 ... 

Histogram: LevelDB.ApproximateMemTableMemoryUse.StrikeService recorded 0 samples (flags = 0x41)
0 ... 

Histogram: LevelDBEnv.DeleteTableBackupFile recorded 0 samples (flags = 0x41)
0 ... 

Histogram: LevelDBWrapper.CommitDelay recorded 2 samples, mean = 5000.0 (flags = 0x41)
0     ... 
4516  --O                                                                       (2 = 100.0%) {0.0%}
6118  ... 

Histogram: LoadingPredictor.PreconnectCount recorded 1 samples, mean = 1.0 (flags = 0x41)
0  O                                                                         (0 = 0.0%)
1  -O                                                                        (1 = 100.0%) {0.0%}
2  ... 

Histogram: LoadingPredictor.PreconnectHitsPercentage recorded 1 samples, mean = 100.0 (flags = 0x41)
0    ... 
100  -O                                                                        (1 = 100.0%) {0.0%}
101  O                                                                         (0 = 0.0%) {100.0%}

Histogram: LoadingPredictor.PreconnectLearningCount.Navigation recorded 1 samples, mean = 3.0 (flags = 0x41)
0  ... 
3  -O                                                                        (1 = 100.0%) {0.0%}
4  ... 

Histogram: LoadingPredictor.PreconnectLearningPrecision.Navigation recorded 1 samples, mean = 100.0 (flags = 0x41)
0    ... 
100  -O                                                                        (1 = 100.0%) {0.0%}

Histogram: LoadingPredictor.PreconnectLearningRecall.Navigation recorded 1 samples, mean = 100.0 (flags = 0x41)
0    ... 
100  -O                                                                        (1 = 100.0%) {0.0%}

Histogram: LoadingPredictor.PreconnectLearningRedirectStatus.Navigation recorded 1 samples, mean = 2.0 (flags = 0x41)
0  ... 
2  -O                                                                        (1 = 100.0%) {0.0%}
3  ... 

Histogram: LoadingPredictor.PredictorDatabaseFileSize recorded 1 samples, mean = 44.0 (flags = 0x41)
0   ... 
37  -O                                                                        (1 = 100.0%) {0.0%}
49  ... 

Histogram: LoadingPredictor.PreresolveCount recorded 1 samples, mean = 1.0 (flags = 0x41)
0  O                                                                         (0 = 0.0%)
1  -O                                                                        (1 = 100.0%) {0.0%}
2  ... 

Histogram: LoadingPredictor.PreresolveHitsPercentage recorded 1 samples, mean = 100.0 (flags = 0x41)
0    ... 
100  -O                                                                        (1 = 100.0%) {0.0%}
101  O                                                                         (0 = 0.0%) {100.0%}

Histogram: LocalStorage.MojoSizeInKB recorded 2 samples, mean = 0.0 (flags = 0x41)
0  --O                                                                       (2 = 100.0%)
1  ... 

Histogram: LocalStorage.MojoTimeToPrime recorded 2 samples, mean = 0.0 (flags = 0x41)
0  --O                                                                       (2 = 100.0%)
1  ... 

Histogram: LocalStorage.MojoTimeToPrimeForUnder100KB recorded 2 samples, mean = 0.0 (flags = 0x41)
0  --O                                                                       (2 = 100.0%)
1  ... 

Histogram: LocalStorage.RendererAreaCacheHit recorded 2 samples, mean = 1.0 (flags = 0x41)
0  -O                                                                        (1 = 50.0%)
1  O                                                                         (0 = 0.0%) {50.0%}
2  -O                                                                        (1 = 50.0%) {50.0%}
3  O                                                                         (0 = 0.0%) {100.0%}

Histogram: LocalStorageContext.ShutDown.MaybeDroppedChanges recorded 1 samples, mean = 0.0 (flags = 0x40)
0  -O                                                                        (1 = 100.0%)
1  ... 

Histogram: MPArch.ChildProcessLaunchFirst recorded 1 samples, mean = 16.0 (flags = 0x41)
0   ... 
14  -O                                                                        (1 = 100.0%) {0.0%}
17  ... 

Histogram: MPArch.ChildProcessLaunchSubsequent recorded 14 samples, mean = 10.6 (flags = 0x41)
0   ... 
3   -O                                                                        (1 = 7.1%) {0.0%}
4   --O                                                                       (2 = 14.3%) {7.1%}
5   O                                                                         (0 = 0.0%) {21.4%}
6   -O                                                                        (1 = 7.1%) {21.4%}
7   -O                                                                        (1 = 7.1%) {28.6%}
8   O                                                                         (0 = 0.0%) {35.7%}
10  ----O                                                                     (4 = 28.6%) {35.7%}
12  -O                                                                        (1 = 7.1%) {64.3%}
14  ---O                                                                      (3 = 21.4%) {71.4%}
17  ... 
24  -O                                                                        (1 = 7.1%) {92.9%}
29  ... 

Histogram: ManagedUsers.BlockedIframeCount recorded 1 samples, mean = 0.0 (flags = 0x41)
0  -O                                                                        (1 = 100.0%)
1  ... 

Histogram: Manifest.HasProperty.description recorded 1 samples, mean = 0.0 (flags = 0x41)
0  -O                                                                        (1 = 100.0%)
1  ... 

Histogram: Manifest.HasProperty.display recorded 1 samples, mean = 1.0 (flags = 0x41)
0  O                                                                         (0 = 0.0%)
1  -O                                                                        (1 = 100.0%) {0.0%}
2  O                                                                         (0 = 0.0%) {100.0%}

Histogram: Manifest.HasProperty.gcm_sender_id recorded 1 samples, mean = 0.0 (flags = 0x41)
0  -O                                                                        (1 = 100.0%)
1  ... 

Histogram: Manifest.HasProperty.icons recorded 1 samples, mean = 1.0 (flags = 0x41)
0  O                                                                         (0 = 0.0%)
1  -O                                                                        (1 = 100.0%) {0.0%}
2  O                                                                         (0 = 0.0%) {100.0%}

Histogram: Manifest.HasProperty.name recorded 1 samples, mean = 1.0 (flags = 0x41)
0  O                                                                         (0 = 0.0%)
1  -O                                                                        (1 = 100.0%) {0.0%}
2  O                                                                         (0 = 0.0%) {100.0%}

Histogram: Manifest.HasProperty.orientation recorded 1 samples, mean = 0.0 (flags = 0x41)
0  -O                                                                        (1 = 100.0%)
1  ... 

Histogram: Manifest.HasProperty.protocol_handlers recorded 1 samples, mean = 0.0 (flags = 0x41)
0  -O                                                                        (1 = 100.0%)
1  ... 

Histogram: Manifest.HasProperty.screenshots recorded 1 samples, mean = 0.0 (flags = 0x41)
0  -O                                                                        (1 = 100.0%)
1  ... 

Histogram: Manifest.HasProperty.share_target recorded 1 samples, mean = 0.0 (flags = 0x41)
0  -O                                                                        (1 = 100.0%)
1  ... 

Histogram: Manifest.HasProperty.short_name recorded 1 samples, mean = 1.0 (flags = 0x41)
0  O                                                                         (0 = 0.0%)
1  -O                                                                        (1 = 100.0%) {0.0%}
2  O                                                                         (0 = 0.0%) {100.0%}

Histogram: Manifest.HasProperty.start_url recorded 1 samples, mean = 1.0 (flags = 0x41)
0  O                                                                         (0 = 0.0%)
1  -O                                                                        (1 = 100.0%) {0.0%}
2  O                                                                         (0 = 0.0%) {100.0%}

Histogram: Manifest.ParseIdResult recorded 1 samples, mean = 1.0 (flags = 0x41)
0  O                                                                         (0 = 0.0%)
1  -O                                                                        (1 = 100.0%) {0.0%}
2  ... 

Histogram: Media.GPU.VideoDecoderType recorded 1 samples, mean = 11.0 (flags = 0x41)
0   ... 
11  -O                                                                        (1 = 100.0%) {0.0%}
12  ... 

Histogram: Media.MediaHistory.DatabaseExists recorded 1 samples, mean = 0.0 (flags = 0x41)
0  -O                                                                        (1 = 100.0%)
1  ... 

Histogram: MediaRouter.Cast.Discovery.ConnectedDevicesCount recorded 1 samples, mean = 0.0 (flags = 0x41)
0  -O                                                                        (1 = 100.0%)
1  ... 

Histogram: MediaRouter.Cast.Discovery.KnownDevicesCount recorded 1 samples, mean = 0.0 (flags = 0x41)
0  -O                                                                        (1 = 100.0%)
1  ... 

Histogram: MediaRouter.Dial.AvailableDevicesCount recorded 1 samples, mean = 0.0 (flags = 0x41)
0  -O                                                                        (1 = 100.0%)
1  ... 

Histogram: MediaRouter.Dial.KnownDevicesCount recorded 1 samples, mean = 0.0 (flags = 0x41)
0  -O                                                                        (1 = 100.0%)
1  ... 

Histogram: Memory.Discardable.FreelistSize.Foreground recorded 4 samples, mean = 0.0 (flags = 0x41)
0  ----O                                                                     (4 = 100.0%)
1  ... 

Histogram: Memory.Discardable.LargeAllocationFromFreelist recorded 1 samples, mean = 0.0 (flags = 0x41)
0  -O                                                                        (1 = 100.0%)
1  ... 

Histogram: Memory.Discardable.Size.Foreground recorded 4 samples, mean = 0.0 (flags = 0x41)
0  ----O                                                                     (4 = 100.0%)
1  ... 

Histogram: Memory.Discardable.VirtualSize.Foreground recorded 4 samples, mean = 0.0 (flags = 0x41)
0  ----O                                                                     (4 = 100.0%)
1  ... 

Histogram: Memory.DiscardableAllocationSize recorded 1 samples, mean = 4309.0 (flags = 0x41)
0     ... 
3542  -O                                                                        (1 = 100.0%) {0.0%}
4818  ... 

Histogram: Memory.Experimental.AvailableMemoryMB recorded 37 samples, mean = 4520.1 (flags = 0x41)
0     ... 
3276  ----O                                                                     (4 = 10.8%) {0.0%}
3617  ----------O                                                               (10 = 27.0%) {10.8%}
3994  -O                                                                        (1 = 2.7%) {37.8%}
4410  O                                                                         (0 = 0.0%) {40.5%}
4869  ----------------------O                                                   (22 = 59.5%) {40.5%}
5376  ... 

Histogram: Memory.Experimental.AvailableMemoryPercent recorded 37 samples, mean = 37.0 (flags = 0x41)
0   ... 
28  -O                                                                        (1 = 2.7%) {0.0%}
29  ---O                                                                      (3 = 8.1%) {2.7%}
30  ------O                                                                   (6 = 16.2%) {10.8%}
31  ---O                                                                      (3 = 8.1%) {27.0%}
32  -O                                                                        (1 = 2.7%) {35.1%}
33  -O                                                                        (1 = 2.7%) {37.8%}
34  ... 
40  -O                                                                        (1 = 2.7%) {40.5%}
41  -------O                                                                  (7 = 18.9%) {43.2%}
42  ------------O                                                             (12 = 32.4%) {62.2%}
43  --O                                                                       (2 = 5.4%) {94.6%}
44  ... 

Histogram: Memory.Experimental.Renderer.HighestPrivateMemoryFootprint.0to2min recorded 1 samples, mean = 78.0 (flags = 0x41)
0   ... 
75  -O                                                                        (1 = 100.0%) {0.0%}
84  ... 

Histogram: Memory.Experimental.Renderer.HighestPrivateMemoryFootprint.2to4min recorded 1 samples, mean = 62.0 (flags = 0x41)
0   ... 
60  -O                                                                        (1 = 100.0%) {0.0%}
67  ... 

Histogram: Memory.Experimental.Renderer.HighestPrivateMemoryFootprint.4to8min recorded 1 samples, mean = 64.0 (flags = 0x41)
0   ... 
60  -O                                                                        (1 = 100.0%) {0.0%}
67  ... 

Histogram: Memory.Experimental.Renderer.HighestPrivateMemoryFootprint.8to16min recorded 1 samples, mean = 64.0 (flags = 0x41)
0   ... 
60  -O                                                                        (1 = 100.0%) {0.0%}
67  ... 

Histogram: Memory.GPU.PeakMemoryAllocationSource2.PageLoad.SharedContextState recorded 1 samples, mean = 0.0 (flags = 0x41)
0  -O                                                                        (1 = 100.0%)
1  ... 

Histogram: Memory.GPU.PeakMemoryAllocationSource2.PageLoad.SharedImageStub recorded 1 samples, mean = 0.0 (flags = 0x41)
0  -O                                                                        (1 = 100.0%)
1  ... 

Histogram: Memory.GPU.PeakMemoryAllocationSource2.PageLoad.Skia recorded 1 samples, mean = 0.0 (flags = 0x41)
0  -O                                                                        (1 = 100.0%)
1  ... 

Histogram: Memory.GPU.PeakMemoryUsage2.PageLoad recorded 1 samples, mean = 0.0 (flags = 0x41)
0  -O                                                                        (1 = 100.0%)
1  ... 

Histogram: Memory.ParkableImage.OnDiskSize.5min recorded 1 samples, mean = 392.0 (flags = 0x41)
0    ... 
365  -O                                                                        (1 = 100.0%) {0.0%}
457  ... 

Histogram: Memory.ParkableImage.TotalReadTime.5min recorded 1 samples, mean = 0.0 (flags = 0x41)
0  -O                                                                        (1 = 100.0%)
1  ... 

Histogram: Memory.ParkableImage.TotalSize.5min recorded 1 samples, mean = 392.0 (flags = 0x41)
0    ... 
365  -O                                                                        (1 = 100.0%) {0.0%}
457  ... 

Histogram: Memory.ParkableImage.TotalWriteTime.5min recorded 1 samples, mean = 0.0 (flags = 0x41)
0  -O                                                                        (1 = 100.0%)
1  ... 

Histogram: Memory.ParkableImage.UnparkedSize.5min recorded 1 samples, mean = 0.0 (flags = 0x41)
0  -O                                                                        (1 = 100.0%)
1  ... 

Histogram: Memory.ParkableImage.Write.Latency recorded 1 samples, mean = 510.0 (flags = 0x41)
0    O                                                                         (0 = 0.0%)
500  -O                                                                        (1 = 100.0%) {0.0%}
540  ... 

Histogram: Memory.ParkableImage.Write.Size recorded 1 samples, mean = 392.0 (flags = 0x41)
0    ... 
378  -O                                                                        (1 = 100.0%) {0.0%}
449  ... 

Histogram: Memory.ParkableString.Compression.Latency recorded 17 samples, mean = 21113.1 (flags = 0x41)
0       ... 
631     -O                                                                        (1 = 5.9%) {0.0%}
682     -O                                                                        (1 = 5.9%) {5.9%}
737     ... 
860     -O                                                                        (1 = 5.9%) {11.8%}
929     O                                                                         (0 = 0.0%) {17.6%}
1004    -O                                                                        (1 = 5.9%) {17.6%}
1085    ... 
2547    -O                                                                        (1 = 5.9%) {23.5%}
2752    O                                                                         (0 = 0.0%) {29.4%}
2974    -O                                                                        (1 = 5.9%) {29.4%}
3214    ... 
3753    -O                                                                        (1 = 5.9%) {35.3%}
4056    ... 
4737    -O                                                                        (1 = 5.9%) {41.2%}
5119    ... 
8810    -O                                                                        (1 = 5.9%) {47.1%}
9521    -O                                                                        (1 = 5.9%) {52.9%}
10289   -O                                                                        (1 = 5.9%) {58.8%}
11119   O                                                                         (0 = 0.0%) {64.7%}
12016   -O                                                                        (1 = 5.9%) {64.7%}
12985   --O                                                                       (2 = 11.8%) {70.6%}
14032   ... 
35595   -O                                                                        (1 = 5.9%) {82.4%}
38466   ... 
48545   -O                                                                        (1 = 5.9%) {88.2%}
52461   ... 
181489  -O                                                                        (1 = 5.9%) {94.1%}
196128  ... 

Histogram: Memory.ParkableString.Compression.SizeKb recorded 17 samples, mean = 322.4 (flags = 0x41)
0     ... 
12    -O                                                                        (1 = 5.9%) {0.0%}
14    ... 
20    --O                                                                       (2 = 11.8%) {5.9%}
23    ... 
29    -O                                                                        (1 = 5.9%) {17.6%}
33    ... 
75    --O                                                                       (2 = 11.8%) {23.5%}
84    -O                                                                        (1 = 5.9%) {35.3%}
95    -O                                                                        (1 = 5.9%) {41.2%}
107   ... 
135   -O                                                                        (1 = 5.9%) {47.1%}
152   O                                                                         (0 = 0.0%) {52.9%}
171   ---O                                                                      (3 = 17.6%) {52.9%}
192   -O                                                                        (1 = 5.9%) {70.6%}
216   ... 
273   -O                                                                        (1 = 5.9%) {76.5%}
307   ... 
554   -O                                                                        (1 = 5.9%) {82.4%}
623   ... 
888   -O                                                                        (1 = 5.9%) {88.2%}
1000  -O                                                                        (1 = 5.9%) {94.1%}

Histogram: Memory.ParkableString.Decompression.Latency recorded 2 samples, mean = 558.5 (flags = 0x41)
0    -O                                                                        (1 = 50.0%)
500  ... 
631  -O                                                                        (1 = 50.0%) {50.0%}
682  ... 

Histogram: Memory.ParkableString.Decompression.ThroughputMBps recorded 2 samples, mean = 348.0 (flags = 0x41)
0    ... 
243  -O                                                                        (1 = 50.0%) {0.0%}
273  ... 
437  -O                                                                        (1 = 50.0%) {50.0%}
492  ... 

Histogram: Memory.ParkableString.DiskReadTime.5min recorded 1 samples, mean = 0.0 (flags = 0x41)
0  -O                                                                        (1 = 100.0%)
1  ... 

Histogram: Memory.ParkableString.DiskWriteTime.5min recorded 1 samples, mean = 6.0 (flags = 0x41)
0  ... 
6  -O                                                                        (1 = 100.0%) {0.0%}
7  ... 

Histogram: Memory.ParkableString.OnDiskSizeKb.5min recorded 1 samples, mean = 988.0 (flags = 0x41)
0    ... 
896  -O                                                                        (1 = 100.0%) {0.0%}
1122 ... 

Histogram: Memory.ParkableString.Read.Latency recorded 2 samples, mean = 96.0 (flags = 0x41)
0  --O                                                                       (2 = 100.0%)
500... 

Histogram: Memory.ParkableString.TotalParkingThreadTime.5min recorded 1 samples, mean = 254.0 (flags = 0x41)
0    ... 
226  -O                                                                        (1 = 100.0%) {0.0%}
268  ... 

Histogram: Memory.ParkableString.TotalUnparkingTime.5min recorded 1 samples, mean = 0.0 (flags = 0x41)
0  -O                                                                        (1 = 100.0%)
1  ... 

Histogram: Memory.PartitionAlloc.MemoryReclaim recorded 4442 samples, mean = 538.1 (flags = 0x41)
0      ... 
65     ---O                                                                      (35 = 0.8%) {0.0%}
86     --------------------------O                                               (305 = 6.9%) {0.8%}
113    -----------------------------------------------O                          (551 = 12.4%) {7.7%}
149    --------------------------------------O                                   (451 = 10.2%) {20.1%}
196    ----------------------------O                                             (331 = 7.5%) {30.2%}
258    ---------------------------------O                                        (383 = 8.6%) {37.7%}
340    -------------------------------O                                          (363 = 8.2%) {46.3%}
448    ------------------------------------O                                     (426 = 9.6%) {54.5%}
590    ------------------------------------------------------------------------O (846 = 19.0%) {64.0%}
777    ----------------------------O                                             (325 = 7.3%) {83.1%}
1023   -----------------O                                                        (200 = 4.5%) {90.4%}
1347   ------O                                                                   (72 = 1.6%) {94.9%}
1774   ------O                                                                   (71 = 1.6%) {96.5%}
2336   ---O                                                                      (41 = 0.9%) {98.1%}
3077   --O                                                                       (19 = 0.4%) {99.1%}
4053   -O                                                                        (14 = 0.3%) {99.5%}
5338   O                                                                         (3 = 0.1%) {99.8%}
7031   O                                                                         (5 = 0.1%) {99.9%}
9260   O                                                                         (0 = 0.0%) {100.0%}
12196  O                                                                         (1 = 0.0%) {100.0%}
16063  ... 

Histogram: Memory.PartitionAlloc.PartitionRoot.ExtrasSize recorded 1 samples, mean = 4.0 (flags = 0x41)
0  ... 
4  -O                                                                        (1 = 100.0%) {0.0%}
5  ... 

Histogram: Memory.PartitionAlloc.PeriodicPurge recorded 499 samples, mean = 59.7 (flags = 0x41)
0     ... 
7     --O                                                                       (4 = 0.8%) {0.0%}
9     ---------O                                                                (15 = 3.0%) {0.8%}
12    -------------O                                                            (23 = 4.6%) {3.8%}
16    ---------------O                                                          (27 = 5.4%) {8.4%}
21    -----------------------------------------O                                (73 = 14.6%) {13.8%}
28    ------------------------------------------------------------------------O (127 = 25.5%) {28.5%}
37    -------------------------------------------------O                        (86 = 17.2%) {53.9%}
49    ----------------------------O                                             (49 = 9.8%) {71.1%}
65    --------------O                                                           (24 = 4.8%) {81.0%}
86    -------O                                                                  (12 = 2.4%) {85.8%}
113   ----------O                                                               (18 = 3.6%) {88.2%}
149   --------O                                                                 (14 = 2.8%) {91.8%}
196   --------O                                                                 (14 = 2.8%) {94.6%}
258   --O                                                                       (4 = 0.8%) {97.4%}
340   ---O                                                                      (5 = 1.0%) {98.2%}
448   --O                                                                       (3 = 0.6%) {99.2%}
590   ... 
1023  -O                                                                        (1 = 0.2%) {99.8%}
1347  ... 

Histogram: Memory.PressureLevel2 recorded 4522 samples, mean = 0.0 (flags = 0x41)
0  ------------------------------------------------------------------------O (4522 = 100.0%)
1  ... 

Histogram: Mojo.Channel.WriteReceiveMessageProcessType recorded 6 samples, mean = 4.0 (flags = 0x41)
0  -O                                                                        (1 = 16.7%)
1  O                                                                         (0 = 0.0%) {16.7%}
2  ---O                                                                      (3 = 50.0%) {16.7%}
3  ... 
9  --O                                                                       (2 = 33.3%) {66.7%}
10 ... 

Histogram: NQE.ContentObserver.NetworkQualityMeaningfullyChanged recorded 5 samples, mean = 0.6 (flags = 0x40)
0  --O                                                                       (2 = 40.0%)
1  ---O                                                                      (3 = 60.0%) {40.0%}
2  O                                                                         (0 = 0.0%) {100.0%}

Histogram: NQE.RTT.Error.Absolute recorded 9 samples, mean = 73.7 (flags = 0x41)
0    ... 
6    -O                                                                        (1 = 11.1%) {0.0%}
7    ... 
17   -O                                                                        (1 = 11.1%) {11.1%}
20   ... 
29   -O                                                                        (1 = 11.1%) {22.2%}
34   -O                                                                        (1 = 11.1%) {33.3%}
40   O                                                                         (0 = 0.0%) {44.4%}
48   -O                                                                        (1 = 11.1%) {44.4%}
57   ... 
81   --O                                                                       (2 = 22.2%) {55.6%}
96   O                                                                         (0 = 0.0%) {77.8%}
114  -O                                                                        (1 = 11.1%) {77.8%}
135  ... 
190  -O                                                                        (1 = 11.1%) {88.9%}
226  ... 

Histogram: NQE.RTT.Error.IsZero recorded 9 samples, mean = 0.0 (flags = 0x41)
0  ---------O                                                                (9 = 100.0%)
1  ... 

Histogram: NQE.RTT.Error.Negative recorded 7 samples, mean = 58.6 (flags = 0x41)
0    ... 
6    -O                                                                        (1 = 14.3%) {0.0%}
7    ... 
17   -O                                                                        (1 = 14.3%) {14.3%}
20   ... 
34   -O                                                                        (1 = 14.3%) {28.6%}
40   O                                                                         (0 = 0.0%) {42.9%}
48   -O                                                                        (1 = 14.3%) {42.9%}
57   ... 
81   --O                                                                       (2 = 28.6%) {57.1%}
96   O                                                                         (0 = 0.0%) {85.7%}
114  -O                                                                        (1 = 14.3%) {85.7%}
135  ... 

Histogram: NQE.RTT.Error.Positive recorded 2 samples, mean = 126.5 (flags = 0x41)
0    ... 
29   -O                                                                        (1 = 50.0%) {0.0%}
34   ... 
190  -O                                                                        (1 = 50.0%) {50.0%}
226  ... 

Histogram: NQE.RenderThreadNotified recorded 5 samples, mean = 1.0 (flags = 0x40)
0  O                                                                         (0 = 0.0%)
1  -----O                                                                    (5 = 100.0%) {0.0%}
2  O                                                                         (0 = 0.0%) {100.0%}

Histogram: Navigation.BeginNavigationImpl.MainFrame recorded 2 samples, mean = 0.0 (flags = 0x41)
0  --O                                                                       (2 = 100.0%)
1  ... 

Histogram: Navigation.BrowserInitiatedSessionHistoryCount recorded 1 samples, mean = 0.0 (flags = 0x41)
0  -O                                                                        (1 = 100.0%)
1  ... 

Histogram: Navigation.CommitRenderFrame recorded 1 samples, mean = 73.0 (flags = 0x41)
0   ... 
68  -O                                                                        (1 = 100.0%) {0.0%}
81  ... 

Histogram: Navigation.CommitToCompositorCreation recorded 1 samples, mean = 146.0 (flags = 0x41)
0    ... 
131  -O                                                                        (1 = 100.0%) {0.0%}
170  ... 

Histogram: Navigation.CompositorRequestedBeforeCommit2 recorded 1 samples, mean = 0.0 (flags = 0x41)
0  -O                                                                        (1 = 100.0%)
1  ... 

Histogram: Navigation.CompositorRequestedBeforeSwapRFH2 recorded 1 samples, mean = 0.0 (flags = 0x41)
0  -O                                                                        (1 = 100.0%)
1  ... 

Histogram: Navigation.CreateSpeculativeRFH recorded 1 samples, mean = 6.0 (flags = 0x41)
0  ... 
6  -O                                                                        (1 = 100.0%) {0.0%}
7  ... 

Histogram: Navigation.DidCommitSameDocumentNavigation.Duration recorded 1 samples, mean = 1.0 (flags = 0x41)
0  O                                                                         (0 = 0.0%)
1  -O                                                                        (1 = 100.0%) {0.0%}
2  ... 

Histogram: Navigation.DidStartLoading.MainFrame recorded 3 samples, mean = 0.0 (flags = 0x41)
0  ---O                                                                      (3 = 100.0%)
1  ... 

Histogram: Navigation.DidStartLoading.Subframe recorded 2 samples, mean = 0.0 (flags = 0x41)
0  --O                                                                       (2 = 100.0%)
1  ... 

Histogram: Navigation.EarlyRenderFrameHostSwapType recorded 6 samples, mean = 0.0 (flags = 0x41)
0  ------O                                                                   (6 = 100.0%)
1  ... 

Histogram: Navigation.EngagementTime.HTTPS recorded 1 samples, mean = 4504015.0 (flags = 0x41)
0        ... 
3600000  -O                                                                        (1 = 100.0%) {0.0%}

Histogram: Navigation.GetFrameHostForNavigation recorded 4 samples, mean = 4.0 (flags = 0x41)
0  --O                                                                       (2 = 50.0%)
1  ... 
7  -O                                                                        (1 = 25.0%) {50.0%}
8  -O                                                                        (1 = 25.0%) {75.0%}
10 ... 

Histogram: Navigation.GetFrameHostForNavigationTime.InDidCreateNavigationRequest.IsHTTPOrHTTPS recorded 3 samples, mean = 3430.7 (flags = 0x41)
0     ... 
146   -O                                                                        (1 = 33.3%) {0.0%}
203   -O                                                                        (1 = 33.3%) {33.3%}
282   ... 
7439  -O                                                                        (1 = 33.3%) {66.7%}
10321 ... 

Histogram: Navigation.IsGuest recorded 1 samples, mean = 0.0 (flags = 0x41)
0  -O                                                                        (1 = 100.0%)
1  ... 

Histogram: Navigation.IsLockedProcess recorded 1 samples, mean = 1.0 (flags = 0x41)
0  O                                                                         (0 = 0.0%)
1  -O                                                                        (1 = 100.0%) {0.0%}
2  O                                                                         (0 = 0.0%) {100.0%}

Histogram: Navigation.IsLockedProcess.HTTPOrHTTPS recorded 1 samples, mean = 1.0 (flags = 0x41)
0  O                                                                         (0 = 0.0%)
1  -O                                                                        (1 = 100.0%) {0.0%}
2  O                                                                         (0 = 0.0%) {100.0%}

Histogram: Navigation.IsProcessBackgrounded.OnCommit recorded 1 samples, mean = 0.0 (flags = 0x41)
0  -O                                                                        (1 = 100.0%)
1  ... 

Histogram: Navigation.IsProcessBackgrounded.OnDOMContentLoaded recorded 1 samples, mean = 0.0 (flags = 0x41)
0  -O                                                                        (1 = 100.0%)
1  ... 

Histogram: Navigation.IsSameBrowsingInstance recorded 1 samples, mean = 0.0 (flags = 0x41)
0  -O                                                                        (1 = 100.0%)
1  ... 

Histogram: Navigation.IsSameSiteInstance recorded 1 samples, mean = 0.0 (flags = 0x41)
0  -O                                                                        (1 = 100.0%)
1  ... 

Histogram: Navigation.IsSameSiteInstance.MainFrame recorded 1 samples, mean = 0.0 (flags = 0x41)
0  -O                                                                        (1 = 100.0%)
1  ... 

Histogram: Navigation.LoaderCreateToRequestStart.MainFrame recorded 1 samples, mean = 0.0 (flags = 0x41)
0  -O                                                                        (1 = 100.0%)
1  ... 

Histogram: Navigation.MainFrame.FrameCount recorded 1 samples, mean = 2.0 (flags = 0x41)
0  ... 
2  -O                                                                        (1 = 100.0%) {0.0%}
3  ... 

Histogram: Navigation.MainFrame.MaxFrameCount recorded 3 samples, mean = 2.0 (flags = 0x41)
0  O                                                                         (0 = 0.0%)
1  -O                                                                        (1 = 33.3%) {0.0%}
2  -O                                                                        (1 = 33.3%) {33.3%}
3  -O                                                                        (1 = 33.3%) {66.7%}
4  ... 

Histogram: Navigation.MainFrame.NewNavigation.IgnoreRestore.IsHTTPOrHTTPS.BeginNavigationToLoaderStart.Time2 recorded 1 samples, mean = 2.0 (flags = 0x41)
0  ... 
2  -O                                                                        (1 = 100.0%) {0.0%}
3  ... 

Histogram: Navigation.MainFrame.NewNavigation.IgnoreRestore.IsHTTPOrHTTPS.FetchStart.Time2 recorded 1 samples, mean = 81.0 (flags = 0x41)
0   ... 
81  -O                                                                        (1 = 100.0%) {0.0%}
96  ... 

Histogram: Navigation.MainFrame.NewNavigation.IgnoreRestore.IsHTTPOrHTTPS.LoaderStartToFetchStart.Time2 recorded 1 samples, mean = 1806.0 (flags = 0x41)
0     ... 
1782  -O                                                                        (1 = 100.0%) {0.0%}
2117  ... 

Histogram: Navigation.MainFrame.NewNavigation.IgnoreRestore.IsHTTPOrHTTPS.LoaderStartToReceiveResponse.Time2 recorded 1 samples, mean = 2494.0 (flags = 0x41)
0     ... 
2117  -O                                                                        (1 = 100.0%) {0.0%}
2516  ... 

Histogram: Navigation.MainFrame.NewNavigation.IgnoreRestore.IsHTTPOrHTTPS.NavigationStartToBeginNavigation.Time2 recorded 1 samples, mean = 18509.0 (flags = 0x41)
0      ... 
10000  -O                                                                        (1 = 100.0%) {0.0%}

Histogram: Navigation.MainFrame.NewNavigation.IgnoreRestore.IsHTTPOrHTTPS.ReceiveHeaders.Time2 recorded 1 samples, mean = 594.0 (flags = 0x41)
0    ... 
533  -O                                                                        (1 = 100.0%) {0.0%}
633  ... 

Histogram: Navigation.MainFrame.NewNavigation.IgnoreRestore.IsHTTPOrHTTPS.ReceiveHeadersToReceiveResponse.Time2 recorded 1 samples, mean = 11.0 (flags = 0x41)
0   ... 
10  -O                                                                        (1 = 100.0%) {0.0%}
12  ... 

Histogram: Navigation.MainFrame.NewNavigation.IgnoreRestore.IsHTTPOrHTTPS.ReceiveResponseToCommitNavigation.Time2 recorded 1 samples, mean = 13.0 (flags = 0x41)
0   ... 
12  -O                                                                        (1 = 100.0%) {0.0%}
14  ... 

Histogram: Navigation.MainFrame.RendererInitiated.InitiatorFramePresentAtStart recorded 1 samples, mean = 0.0 (flags = 0x41)
0  -O                                                                        (1 = 100.0%)
1  ... 

Histogram: Navigation.MainFrame.SiteEngagementLevel recorded 1 samples, mean = 2.0 (flags = 0x41)
0  ... 
2  -O                                                                        (1 = 100.0%) {0.0%}
3  ... 

Histogram: Navigation.MainFrame.ThirdPartyCookieBlockingEnabled recorded 2 samples, mean = 0.0 (flags = 0x41)
0  --O                                                                       (2 = 100.0%)
1  ... 

Histogram: Navigation.MainFrameHasRTLDomain2 recorded 2 samples, mean = 0.0 (flags = 0x41)
0  --O                                                                       (2 = 100.0%)
1  ... 

Histogram: Navigation.MainFrameHasRTLDomainDifferentPage2 recorded 1 samples, mean = 0.0 (flags = 0x41)
0  -O                                                                        (1 = 100.0%)
1  ... 

Histogram: Navigation.MainFrameProfileType2 recorded 2 samples, mean = 0.0 (flags = 0x41)
0  --O                                                                       (2 = 100.0%)
1  ... 

Histogram: Navigation.MainFrameScheme2 recorded 2 samples, mean = 2.0 (flags = 0x41)
0  ... 
2  --O                                                                       (2 = 100.0%) {0.0%}
3  ... 

Histogram: Navigation.MainFrameSchemeDifferentPage2 recorded 1 samples, mean = 2.0 (flags = 0x41)
0  ... 
2  -O                                                                        (1 = 100.0%) {0.0%}
3  ... 

Histogram: Navigation.OnBeforeUnloadOverheadTime recorded 2 samples, mean = 9259.5 (flags = 0x41)
0      ... 
10     -O                                                                        (1 = 50.0%) {0.0%}
12     ... 
10000  -O                                                                        (1 = 50.0%) {50.0%}

Histogram: Navigation.OnBeforeUnloadTotalTime recorded 2 samples, mean = 0.0 (flags = 0x41)
0  --O                                                                       (2 = 100.0%)
1  ... 

Histogram: Navigation.OriginAgentCluster.Result recorded 1 samples, mean = 9.0 (flags = 0x41)
0  ... 
9  -O                                                                        (1 = 100.0%) {0.0%}
10 O                                                                         (0 = 0.0%) {100.0%}

Histogram: Navigation.PendingCommit.DidBlockGetFrameHostForNavigation.Regular recorded 1 samples, mean = 0.0 (flags = 0x41)
0  -O                                                                        (1 = 100.0%)
1  ... 

Histogram: Navigation.PendingCommit.Duration.Regular recorded 1 samples, mean = 63.0 (flags = 0x41)
0   ... 
57  -O                                                                        (1 = 100.0%) {0.0%}
68  ... 

Histogram: Navigation.Preconnect.PreresolveJobQueueLength recorded 16 samples, mean = 0.5 (flags = 0x41)
0  --------O                                                                 (8 = 50.0%)
1  --------O                                                                 (8 = 50.0%) {50.0%}
2  ... 

Histogram: Navigation.Preconnect.PreresolveJobQueueingTime recorded 8 samples, mean = 0.0 (flags = 0x41)
0  --------O                                                                 (8 = 100.0%)
1  ... 

Histogram: Navigation.Preconnect.ProxyLookupCallbackQueueingTime recorded 8 samples, mean = 65.4 (flags = 0x41)
0    -O                                                                        (1 = 12.5%)
1    ... 
4    -O                                                                        (1 = 12.5%) {12.5%}
5    ... 
10   -O                                                                        (1 = 12.5%) {25.0%}
12   ... 
17   -O                                                                        (1 = 12.5%) {37.5%}
20   -O                                                                        (1 = 12.5%) {50.0%}
24   ... 
135  ---O                                                                      (3 = 37.5%) {62.5%}
160  ... 

Histogram: Navigation.Preconnect.ProxyLookupLatency recorded 8 samples, mean = 2606.1 (flags = 0x41)
0      ... 
2      -O                                                                        (1 = 12.5%) {0.0%}
3      O                                                                         (0 = 0.0%) {12.5%}
4      -O                                                                        (1 = 12.5%) {12.5%}
5      ... 
17     --O                                                                       (2 = 25.0%) {25.0%}
20     -O                                                                        (1 = 12.5%) {50.0%}
24     ... 
160    -O                                                                        (1 = 12.5%) {62.5%}
190    ... 
894    -O                                                                        (1 = 12.5%) {75.0%}
1062   ... 
10000  -O                                                                        (1 = 12.5%) {87.5%}

Histogram: Navigation.Preconnect.ResolveHostCallbackQueueingTime recorded 8 samples, mean = 10.5 (flags = 0x41)
0   O                                                                         (0 = 0.0%)
1   --O                                                                       (2 = 25.0%) {0.0%}
2   ... 
4   --O                                                                       (2 = 25.0%) {25.0%}
5   ... 
10  -O                                                                        (1 = 12.5%) {50.0%}
12  O                                                                         (0 = 0.0%) {62.5%}
14  -O                                                                        (1 = 12.5%) {62.5%}
17  -O                                                                        (1 = 12.5%) {75.0%}
20  ... 
29  -O                                                                        (1 = 12.5%) {87.5%}
34  ... 

Histogram: Navigation.Preconnect.ResolveHostLatency recorded 8 samples, mean = 39.5 (flags = 0x41)
0    ... 
2    --O                                                                       (2 = 25.0%) {0.0%}
3    ... 
14   -O                                                                        (1 = 12.5%) {25.0%}
17   --O                                                                       (2 = 25.0%) {37.5%}
20   ... 
40   -O                                                                        (1 = 12.5%) {62.5%}
48   O                                                                         (0 = 0.0%) {75.0%}
57   -O                                                                        (1 = 12.5%) {75.0%}
68   ... 
135  -O                                                                        (1 = 12.5%) {87.5%}
160  ... 

Histogram: Navigation.ProcessNavigationThrottlesTime.WillStartRequest.MainFrame recorded 2 samples, mean = 1.0 (flags = 0x41)
0  O                                                                         (0 = 0.0%)
1  --O                                                                       (2 = 100.0%) {0.0%}
2  ... 

Histogram: Navigation.QueueTime.OnReceiveRedirect.MainFrame recorded 1 samples, mean = 7.0 (flags = 0x41)
0  ... 
7  -O                                                                        (1 = 100.0%) {0.0%}
8  ... 

Histogram: Navigation.QueueTime.OnReceiveResponse.MainFrame recorded 1 samples, mean = 3.0 (flags = 0x41)
0  ... 
3  -O                                                                        (1 = 100.0%) {0.0%}
4  ... 

Histogram: Navigation.ReadyToCommitUntilCommit2 recorded 1 samples, mean = 63.0 (flags = 0x41)
0   ... 
52  -O                                                                        (1 = 100.0%) {0.0%}
66  ... 

Histogram: Navigation.ReadyToCommitUntilCommit2.ForegroundProcessPriority recorded 1 samples, mean = 63.0 (flags = 0x41)
0   ... 
52  -O                                                                        (1 = 100.0%) {0.0%}
66  ... 

Histogram: Navigation.ReadyToCommitUntilCommit2.NewNavigation recorded 1 samples, mean = 63.0 (flags = 0x41)
0   ... 
52  -O                                                                        (1 = 100.0%) {0.0%}
66  ... 

Histogram: Navigation.RegisterNavigationThrottlesTime.MainFrame recorded 2 samples, mean = 0.5 (flags = 0x41)
0  -O                                                                        (1 = 50.0%)
1  -O                                                                        (1 = 50.0%) {50.0%}
2  ... 

Histogram: Navigation.RenderFrameDelete recorded 1 samples, mean = 1.0 (flags = 0x41)
0  O                                                                         (0 = 0.0%)
1  -O                                                                        (1 = 100.0%) {0.0%}
2  ... 

Histogram: Navigation.RenderFrameHostConstructor recorded 4 samples, mean = 0.0 (flags = 0x41)
0  ----O                                                                     (4 = 100.0%)
1  ... 

Histogram: Navigation.RenderFrameHostDestructor recorded 4 samples, mean = 1.5 (flags = 0x41)
0  -O                                                                        (1 = 25.0%)
1  --O                                                                       (2 = 50.0%) {25.0%}
2  ... 
4  -O                                                                        (1 = 25.0%) {75.0%}
5  ... 

Histogram: Navigation.RenderViewHostConstructor recorded 2 samples, mean = 0.0 (flags = 0x41)
0  --O                                                                       (2 = 100.0%)
1  ... 

Histogram: Navigation.RenderViewHostDestructor recorded 2 samples, mean = 1.0 (flags = 0x41)
0  -O                                                                        (1 = 50.0%)
1  O                                                                         (0 = 0.0%) {50.0%}
2  -O                                                                        (1 = 50.0%) {50.0%}
3  ... 

Histogram: Navigation.RenderWidgetHostConstructor recorded 2 samples, mean = 0.0 (flags = 0x41)
0  --O                                                                       (2 = 100.0%)
1  ... 

Histogram: Navigation.RenderWidgetHostDestructor recorded 2 samples, mean = 0.0 (flags = 0x41)
0  --O                                                                       (2 = 100.0%)
1  ... 

Histogram: Navigation.RendererCommitDelay.MainFrame recorded 1 samples, mean = 31.0 (flags = 0x41)
0   ... 
29  -O                                                                        (1 = 100.0%) {0.0%}
34  ... 

Histogram: Navigation.RendererCommitQueueTime.MainFrame recorded 1 samples, mean = 29.0 (flags = 0x41)
0   ... 
29  -O                                                                        (1 = 100.0%) {0.0%}
34  ... 

Histogram: Navigation.RendererDidNavigateTime.MainFrame recorded 1 samples, mean = 0.0 (flags = 0x41)
0  -O                                                                        (1 = 100.0%)
1  ... 

Histogram: Navigation.RendererDidNavigateTime.Subframe recorded 2 samples, mean = 1.0 (flags = 0x41)
0  -O                                                                        (1 = 50.0%)
1  O                                                                         (0 = 0.0%) {50.0%}
2  -O                                                                        (1 = 50.0%) {50.0%}
3  ... 

Histogram: Navigation.RequiresDedicatedProcess recorded 1 samples, mean = 1.0 (flags = 0x41)
0  O                                                                         (0 = 0.0%)
1  -O                                                                        (1 = 100.0%) {0.0%}
2  O                                                                         (0 = 0.0%) {100.0%}

Histogram: Navigation.RequiresDedicatedProcess.HTTPOrHTTPS recorded 1 samples, mean = 1.0 (flags = 0x41)
0  O                                                                         (0 = 0.0%)
1  -O                                                                        (1 = 100.0%) {0.0%}
2  O                                                                         (0 = 0.0%) {100.0%}

Histogram: Navigation.SameDocumentNavigationWithScreenshot recorded 1 samples, mean = 0.0 (flags = 0x41)
0  -O                                                                        (1 = 100.0%)
1  ... 

Histogram: Navigation.SendCommitNavigationTime.MainFrame recorded 1 samples, mean = 0.0 (flags = 0x41)
0  -O                                                                        (1 = 100.0%)
1  ... 

Histogram: Navigation.StartToCommit recorded 3 samples, mean = 7027.7 (flags = 0x41)
0      O                                                                         (0 = 0.0%)
1      -O                                                                        (1 = 33.3%) {0.0%}
2      -O                                                                        (1 = 33.3%) {33.3%}
3      ... 
20852  -O                                                                        (1 = 33.3%) {66.7%}
26495  ... 

Histogram: Navigation.StartToCommit.CrossProcess recorded 1 samples, mean = 21080.0 (flags = 0x41)
0      ... 
20852  -O                                                                        (1 = 100.0%) {0.0%}
26495  ... 

Histogram: Navigation.StartToCommit.CrossProcess.ForegroundProcessPriority recorded 1 samples, mean = 21080.0 (flags = 0x41)
0      ... 
20852  -O                                                                        (1 = 100.0%) {0.0%}
26495  ... 

Histogram: Navigation.StartToCommit.CrossProcess.MainFrame recorded 1 samples, mean = 21080.0 (flags = 0x41)
0      ... 
20852  -O                                                                        (1 = 100.0%) {0.0%}
26495  ... 

Histogram: Navigation.StartToCommit.CrossProcess.MainFrame.ForegroundProcessPriority recorded 1 samples, mean = 21080.0 (flags = 0x41)
0      ... 
20852  -O                                                                        (1 = 100.0%) {0.0%}
26495  ... 

Histogram: Navigation.StartToCommit.CrossProcess.MainFrame.NewNavigation recorded 1 samples, mean = 21080.0 (flags = 0x41)
0      ... 
20852  -O                                                                        (1 = 100.0%) {0.0%}
26495  ... 

Histogram: Navigation.StartToCommit.CrossProcess.NewNavigation recorded 1 samples, mean = 21080.0 (flags = 0x41)
0      ... 
20852  -O                                                                        (1 = 100.0%) {0.0%}
26495  ... 

Histogram: Navigation.StartToCommit.ForegroundProcessPriority recorded 3 samples, mean = 7027.7 (flags = 0x41)
0      O                                                                         (0 = 0.0%)
1      -O                                                                        (1 = 33.3%) {0.0%}
2      -O                                                                        (1 = 33.3%) {33.3%}
3      ... 
20852  -O                                                                        (1 = 33.3%) {66.7%}
26495  ... 

Histogram: Navigation.StartToCommit.MainFrame recorded 1 samples, mean = 21080.0 (flags = 0x41)
0      ... 
20852  -O                                                                        (1 = 100.0%) {0.0%}
26495  ... 

Histogram: Navigation.StartToCommit.MainFrame.ForegroundProcessPriority recorded 1 samples, mean = 21080.0 (flags = 0x41)
0      ... 
20852  -O                                                                        (1 = 100.0%) {0.0%}
26495  ... 

Histogram: Navigation.StartToCommit.MainFrame.NewNavigation recorded 1 samples, mean = 21080.0 (flags = 0x41)
0      ... 
20852  -O                                                                        (1 = 100.0%) {0.0%}
26495  ... 

Histogram: Navigation.StartToCommit.NewNavigation recorded 3 samples, mean = 7027.7 (flags = 0x41)
0      O                                                                         (0 = 0.0%)
1      -O                                                                        (1 = 33.3%) {0.0%}
2      -O                                                                        (1 = 33.3%) {33.3%}
3      ... 
20852  -O                                                                        (1 = 33.3%) {66.7%}
26495  ... 

Histogram: Navigation.StartToCommit.SameProcess recorded 2 samples, mean = 1.5 (flags = 0x41)
0  O                                                                         (0 = 0.0%)
1  -O                                                                        (1 = 50.0%) {0.0%}
2  -O                                                                        (1 = 50.0%) {50.0%}
3  ... 

Histogram: Navigation.StartToCommit.SameProcess.ForegroundProcessPriority recorded 2 samples, mean = 1.5 (flags = 0x41)
0  O                                                                         (0 = 0.0%)
1  -O                                                                        (1 = 50.0%) {0.0%}
2  -O                                                                        (1 = 50.0%) {50.0%}
3  ... 

Histogram: Navigation.StartToCommit.SameProcess.NewNavigation recorded 2 samples, mean = 1.5 (flags = 0x41)
0  O                                                                         (0 = 0.0%)
1  -O                                                                        (1 = 50.0%) {0.0%}
2  -O                                                                        (1 = 50.0%) {50.0%}
3  ... 

Histogram: Navigation.StartToCommit.SameProcess.Subframe recorded 2 samples, mean = 1.5 (flags = 0x41)
0  O                                                                         (0 = 0.0%)
1  -O                                                                        (1 = 50.0%) {0.0%}
2  -O                                                                        (1 = 50.0%) {50.0%}
3  ... 

Histogram: Navigation.StartToCommit.SameProcess.Subframe.ForegroundProcessPriority recorded 2 samples, mean = 1.5 (flags = 0x41)
0  O                                                                         (0 = 0.0%)
1  -O                                                                        (1 = 50.0%) {0.0%}
2  -O                                                                        (1 = 50.0%) {50.0%}
3  ... 

Histogram: Navigation.StartToCommit.SameProcess.Subframe.NewNavigation recorded 2 samples, mean = 1.5 (flags = 0x41)
0  O                                                                         (0 = 0.0%)
1  -O                                                                        (1 = 50.0%) {0.0%}
2  -O                                                                        (1 = 50.0%) {50.0%}
3  ... 

Histogram: Navigation.StartToCommit.Subframe recorded 2 samples, mean = 1.5 (flags = 0x41)
0  O                                                                         (0 = 0.0%)
1  -O                                                                        (1 = 50.0%) {0.0%}
2  -O                                                                        (1 = 50.0%) {50.0%}
3  ... 

Histogram: Navigation.StartToCommit.Subframe.ForegroundProcessPriority recorded 2 samples, mean = 1.5 (flags = 0x41)
0  O                                                                         (0 = 0.0%)
1  -O                                                                        (1 = 50.0%) {0.0%}
2  -O                                                                        (1 = 50.0%) {50.0%}
3  ... 

Histogram: Navigation.StartToCommit.Subframe.NewNavigation recorded 2 samples, mean = 1.5 (flags = 0x41)
0  O                                                                         (0 = 0.0%)
1  -O                                                                        (1 = 50.0%) {0.0%}
2  -O                                                                        (1 = 50.0%) {50.0%}
3  ... 

Histogram: Navigation.SuddenTerminationDisabler.AllOrigins recorded 1 samples, mean = 13.0 (flags = 0x41)
0   ... 
13  -O                                                                        (1 = 100.0%) {0.0%}
14  ... 

Histogram: Navigation.SuddenTerminationDisabler.SameOrigin recorded 1 samples, mean = 13.0 (flags = 0x41)
0   ... 
13  -O                                                                        (1 = 100.0%) {0.0%}
14  ... 

Histogram: Navigation.SwapRFHToCompositorCreation recorded 1 samples, mean = 88.0 (flags = 0x41)
0   ... 
78  -O                                                                        (1 = 100.0%) {0.0%}
101 ... 

Histogram: Navigation.ThrottleCount recorded 2 samples, mean = 20.0 (flags = 0x41)
0   ... 
20  --O                                                                       (2 = 100.0%) {0.0%}
21  ... 

Histogram: Navigation.ThrottleEventDurationTime.WillProcessResponse recorded 1 samples, mean = 0.0 (flags = 0x41)
0  -O                                                                        (1 = 100.0%)
1  ... 

Histogram: Navigation.ThrottleEventDurationTime.WillRedirectRequest recorded 1 samples, mean = 0.0 (flags = 0x41)
0  -O                                                                        (1 = 100.0%)
1  ... 

Histogram: Navigation.ThrottleEventDurationTime.WillStartRequest recorded 2 samples, mean = 0.5 (flags = 0x41)
0  -O                                                                        (1 = 50.0%)
1  -O                                                                        (1 = 50.0%) {50.0%}
2  ... 

Histogram: Navigation.ThrottleEventExecutionTime.WillProcessResponse recorded 1 samples, mean = 0.0 (flags = 0x41)
0  -O                                                                        (1 = 100.0%)
1  ... 

Histogram: Navigation.ThrottleEventExecutionTime.WillRedirectRequest recorded 1 samples, mean = 0.0 (flags = 0x41)
0  -O                                                                        (1 = 100.0%)
1  ... 

Histogram: Navigation.ThrottleEventExecutionTime.WillStartRequest recorded 2 samples, mean = 0.5 (flags = 0x41)
0  -O                                                                        (1 = 50.0%)
1  -O                                                                        (1 = 50.0%) {50.0%}
2  ... 

Histogram: Navigation.ThrottleExecutionTime.WillProcessResponse recorded 20 samples, mean = 0.0 (flags = 0x41)
0  --------------------O                                                     (20 = 100.0%)
1  ... 

Histogram: Navigation.ThrottleExecutionTime.WillRedirectRequest recorded 20 samples, mean = 0.0 (flags = 0x41)
0  --------------------O                                                     (20 = 100.0%)
1  ... 

Histogram: Navigation.ThrottleExecutionTime.WillStartRequest recorded 40 samples, mean = 0.0 (flags = 0x41)
0  ----------------------------------------O                                 (40 = 100.0%)
1  ... 

Histogram: Navigation.ThrottleTotalDeferCount recorded 5 samples, mean = 0.0 (flags = 0x41)
0  -----O                                                                    (5 = 100.0%)
1  ... 

Histogram: Navigation.ThrottleTotalDeferCount.Request recorded 5 samples, mean = 0.0 (flags = 0x41)
0  -----O                                                                    (5 = 100.0%)
1  ... 

Histogram: Navigation.ThrottleTotalDeferTime recorded 5 samples, mean = 0.0 (flags = 0x41)
0  -----O                                                                    (5 = 100.0%)
1  ... 

Histogram: Navigation.ThrottleTotalDeferTime.Request recorded 5 samples, mean = 0.0 (flags = 0x41)
0  -----O                                                                    (5 = 100.0%)
1  ... 

Histogram: Navigation.Throttles.PolicyBlocklist.DeferDurationTime recorded 2 samples, mean = 0.0 (flags = 0x41)
0  --O                                                                       (2 = 100.0%)
1  ... 

Histogram: Navigation.Throttles.PolicyBlocklist.RequestThrottleAction recorded 2 samples, mean = 2.5 (flags = 0x41)
0  O                                                                         (0 = 0.0%)
1  -O                                                                        (1 = 50.0%) {0.0%}
2  ... 
4  -O                                                                        (1 = 50.0%) {50.0%}
5  ... 

Histogram: Navigation.Throttles.PolicyBlocklist.RequestToResponseTime recorded 1 samples, mean = 0.0 (flags = 0x41)
0  -O                                                                        (1 = 100.0%)
1  ... 

Histogram: Navigation.TimeToReadyToCommit2 recorded 1 samples, mean = 21016.0 (flags = 0x41)
0      ... 
20852  -O                                                                        (1 = 100.0%) {0.0%}
26495  ... 

Histogram: Navigation.TimeToReadyToCommit2.CrossProcess recorded 1 samples, mean = 21016.0 (flags = 0x41)
0      ... 
20852  -O                                                                        (1 = 100.0%) {0.0%}
26495  ... 

Histogram: Navigation.TimeToReadyToCommit2.CrossProcess.NewNavigation recorded 1 samples, mean = 21016.0 (flags = 0x41)
0      ... 
20852  -O                                                                        (1 = 100.0%) {0.0%}
26495  ... 

Histogram: Navigation.TimeToReadyToCommit2.MainFrame recorded 1 samples, mean = 21016.0 (flags = 0x41)
0      ... 
20852  -O                                                                        (1 = 100.0%) {0.0%}
26495  ... 

Histogram: Navigation.TimeToReadyToCommit2.MainFrame.NewNavigation recorded 1 samples, mean = 21016.0 (flags = 0x41)
0      ... 
20852  -O                                                                        (1 = 100.0%) {0.0%}
26495  ... 

Histogram: Navigation.TimeToReadyToCommit2.NewNavigation recorded 1 samples, mean = 21016.0 (flags = 0x41)
0      ... 
20852  -O                                                                        (1 = 100.0%) {0.0%}
26495  ... 

Histogram: Navigation.TpcdMitigations.MetadataInstallationResult recorded 1 samples, mean = 0.0 (flags = 0x41)
0  -O                                                                        (1 = 100.0%)
1  ... 

Histogram: Navigation.Unload recorded 1 samples, mean = 0.0 (flags = 0x41)
0  -O                                                                        (1 = 100.0%)
1  ... 

Histogram: Navigation.UserAgentStringType recorded 4 samples, mean = 1.0 (flags = 0x41)
0  O                                                                         (0 = 0.0%)
1  ----O                                                                     (4 = 100.0%) {0.0%}
2  ... 

Histogram: Navigation.WillStartRequestToLoaderStart.MainFrame recorded 2 samples, mean = 1.5 (flags = 0x41)
0  O                                                                         (0 = 0.0%)
1  -O                                                                        (1 = 50.0%) {0.0%}
2  -O                                                                        (1 = 50.0%) {50.0%}
3  ... 

Histogram: NavigationPredictor.SearchEnginePreconnector.IsBrowserAppLikelyInForeground recorded 75 samples, mean = 0.0 (flags = 0x41)
0  ------------------------------------------------------------------------O (72 = 96.0%)
1  ---O                                                                      (3 = 4.0%) {96.0%}
2  O                                                                         (0 = 0.0%) {100.0%}

Histogram: NavigationSuggestion.GetDomainInfoDelayBeforeAllowingNavigation recorded 1 samples, mean = 0.0 (flags = 0x41)
0  -O                                                                        (1 = 100.0%)
1  ... 

Histogram: NavigationSuggestion.IsLookalikeUrlDelayBeforeAllowingNavigation recorded 1 samples, mean = 0.0 (flags = 0x41)
0  -O                                                                        (1 = 100.0%)
1  ... 

Histogram: NavigationSuggestion.PerformChecksDelayBeforeAllowingNavigation recorded 1 samples, mean = 0.0 (flags = 0x41)
0  -O                                                                        (1 = 100.0%)
1  ... 

Histogram: Net.AlternateProtocolBrokenLocation recorded 11 samples, mean = 2.0 (flags = 0x41)
0  ... 
2  -----------O                                                              (11 = 100.0%) {0.0%}
3  ... 

Histogram: Net.AlternateProtocolUsage recorded 28 samples, mean = 3.1 (flags = 0x41)
0  --O                                                                       (2 = 7.1%)
1  ---O                                                                      (3 = 10.7%) {7.1%}
2  -------------O                                                            (13 = 46.4%) {17.9%}
3  ---O                                                                      (3 = 10.7%) {64.3%}
4  ... 
7  -------O                                                                  (7 = 25.0%) {75.0%}
8  O                                                                         (0 = 0.0%) {100.0%}

Histogram: Net.AlternateProtocolUsageGoogle recorded 13 samples, mean = 2.8 (flags = 0x41)
0  --O                                                                       (2 = 15.4%)
1  ---O                                                                      (3 = 23.1%) {15.4%}
2  --O                                                                       (2 = 15.4%) {38.5%}
3  ---O                                                                      (3 = 23.1%) {53.8%}
4  ... 
7  ---O                                                                      (3 = 23.1%) {76.9%}
8  O                                                                         (0 = 0.0%) {100.0%}

Histogram: Net.AlternateServiceFailed recorded 11 samples (flags = 0x41)
356  -----------O                                                              (11 = 100.0%)

Histogram: Net.AlternativeServiceTypeForRequest recorded 35 samples, mean = 0.5 (flags = 0x41)
0  ----------------O                                                         (16 = 45.7%)
1  -------------------O                                                      (19 = 54.3%) {45.7%}
2  ... 

Histogram: Net.CertVerifier.PathBuilderIterationCount recorded 17 samples, mean = 2.0 (flags = 0x41)
0  ... 
2  -----------------O                                                        (17 = 100.0%) {0.0%}
3  ... 

Histogram: Net.CertVerifier_First_Job_Latency recorded 2 samples, mean = 68.5 (flags = 0x41)
0    ... 
26   -O                                                                        (1 = 50.0%) {0.0%}
29   ... 
100  -O                                                                        (1 = 50.0%) {50.0%}
113  ... 

Histogram: Net.CertVerifier_Job_Latency recorded 17 samples, mean = 33.5 (flags = 0x41)
0    ... 
14   -O                                                                        (1 = 5.9%) {0.0%}
16   O                                                                         (0 = 0.0%) {5.9%}
18   -O                                                                        (1 = 5.9%) {5.9%}
20   -O                                                                        (1 = 5.9%) {11.8%}
23   ----O                                                                     (4 = 23.5%) {17.6%}
26   -O                                                                        (1 = 5.9%) {41.2%}
29   ----O                                                                     (4 = 23.5%) {47.1%}
33   -O                                                                        (1 = 5.9%) {70.6%}
37   --O                                                                       (2 = 11.8%) {76.5%}
42   -O                                                                        (1 = 5.9%) {88.2%}
48   ... 
100  -O                                                                        (1 = 5.9%) {94.1%}
113  ... 

Histogram: Net.Certificate.TrustAnchor.Request recorded 25 samples (flags = 0x41)
210  ----O                                                                     (4 = 16.0%)
483  ------O                                                                   (6 = 24.0%)
486  ---------------O                                                          (15 = 60.0%)

Histogram: Net.Certificate.TrustAnchor.Verify recorded 17 samples (flags = 0x41)
210  --O                                                                       (2 = 11.8%)
483  --------O                                                                 (8 = 47.1%)
486  -------O                                                                  (7 = 41.2%)

Histogram: Net.ConnectionInfo.MainFrame recorded 1 samples, mean = 4.0 (flags = 0x41)
0  ... 
4  -O                                                                        (1 = 100.0%) {0.0%}
5  ... 

Histogram: Net.ConnectionInfo.SubResource recorded 12 samples, mean = 10.0 (flags = 0x41)
0   ... 
4   ----------O                                                               (10 = 83.3%) {0.0%}
5   ... 
40  --O                                                                       (2 = 16.7%) {83.3%}
41  ... 

Histogram: Net.ContentEncodingType recorded 57 samples, mean = 0.9 (flags = 0x41)
0  ----------------O                                                         (16 = 28.1%)
1  --------------------------------O                                         (32 = 56.1%) {28.1%}
2  ---------O                                                                (9 = 15.8%) {84.2%}
3  ... 

Histogram: Net.Cors.AccessCheckResult recorded 6 samples, mean = 0.0 (flags = 0x41)
0  ------O                                                                   (6 = 100.0%)
1  ... 

Histogram: Net.CountOfBrokenAlternativeServices recorded 1 samples, mean = 0.0 (flags = 0x41)
0  -O                                                                        (1 = 100.0%)
1  ... 

Histogram: Net.CountOfQuicServerInfos recorded 1 samples, mean = 0.0 (flags = 0x41)
0  -O                                                                        (1 = 100.0%)
1  ... 

Histogram: Net.CountOfRecentlyBrokenAlternativeServices recorded 1 samples, mean = 2.0 (flags = 0x41)
0  ... 
2  -O                                                                        (1 = 100.0%) {0.0%}
3  ... 

Histogram: Net.DNS.DnsConfig.DnsClientCapability recorded 42 samples, mean = 1.0 (flags = 0x41)
0  O                                                                         (0 = 0.0%)
1  ------------------------------------------O                               (42 = 100.0%) {0.0%}
2  ... 

Histogram: Net.DNS.DnsConfig.SecureDnsMode recorded 1 samples, mean = 4.0 (flags = 0x41)
0  ... 
4  -O                                                                        (1 = 100.0%) {0.0%}
5  ... 

Histogram: Net.DNS.DnsConfig.Windows.Compatibility recorded 2 samples, mean = 0.0 (flags = 0x41)
0  --O                                                                       (2 = 100.0%)
1  ... 

Histogram: Net.DNS.DnsConfig.Windows.ReadSystemSettings0 recorded 2 samples, mean = 0.0 (flags = 0x41)
0  --O                                                                       (2 = 100.0%)
1  ... 

Histogram: Net.DNS.DnsHosts.Count recorded 1 samples, mean = 0.0 (flags = 0x41)
0  -O                                                                        (1 = 100.0%)
1  ... 

Histogram: Net.DNS.DnsHosts.EstimateMemoryUsage recorded 1 samples, mean = 0.0 (flags = 0x41)
0  -O                                                                        (1 = 100.0%)
1000... 

Histogram: Net.DNS.DnsHosts.FileSize recorded 1 samples, mean = 824.0 (flags = 0x41)
0    ... 
737  -O                                                                        (1 = 100.0%) {0.0%}
1065 ... 

Histogram: Net.DNS.DnsTask.SuccessTime recorded 12 samples, mean = 28.1 (flags = 0x41)
0    ... 
6    --O                                                                       (2 = 16.7%) {0.0%}
7    -O                                                                        (1 = 8.3%) {16.7%}
8    O                                                                         (0 = 0.0%) {25.0%}
9    -O                                                                        (1 = 8.3%) {25.0%}
10   ---O                                                                      (3 = 25.0%) {33.3%}
12   -O                                                                        (1 = 8.3%) {58.3%}
14   ... 
32   -O                                                                        (1 = 8.3%) {66.7%}
37   -O                                                                        (1 = 8.3%) {75.0%}
43   -O                                                                        (1 = 8.3%) {83.3%}
50   ... 
137  -O                                                                        (1 = 8.3%) {91.7%}
158  ... 

Histogram: Net.DNS.DnsTask.SvcbHttpsTransactionError recorded 11 samples, mean = 0.0 (flags = 0x41)
0  -----------O                                                              (11 = 100.0%)
1  ... 

Histogram: Net.DNS.DnsTransaction.AttemptType recorded 28 samples, mean = 0.0 (flags = 0x41)
0  ----------------------------O                                             (28 = 100.0%)
1  ... 

Histogram: Net.DNS.DnsTransaction.Insecure.Other.FailureTime recorded 4 samples, mean = 10.0 (flags = 0x41)
0   ... 
4   --O                                                                       (2 = 50.0%) {0.0%}
5   ... 
10  -O                                                                        (1 = 25.0%) {50.0%}
13  ... 
20  -O                                                                        (1 = 25.0%) {75.0%}
25  ... 

Histogram: Net.DNS.DnsTransaction.Insecure.Other.SuccessTime recorded 23 samples, mean = 25.6 (flags = 0x41)
0    ... 
5    -----O                                                                    (5 = 21.7%) {0.0%}
6    ----O                                                                     (4 = 17.4%) {21.7%}
8    -O                                                                        (1 = 4.3%) {39.1%}
10   -------O                                                                  (7 = 30.4%) {43.5%}
13   ... 
32   -O                                                                        (1 = 4.3%) {73.9%}
41   ---O                                                                      (3 = 13.0%) {78.3%}
52   ... 
136  --O                                                                       (2 = 8.7%) {91.3%}
173  ... 

Histogram: Net.DNS.H3SupportedGoogleHost.TaskTypeMetadataAvailability2 recorded 1 samples, mean = 3.0 (flags = 0x41)
0  ... 
3  -O                                                                        (1 = 100.0%) {0.0%}
4  ... 

Histogram: Net.DNS.HTTPSSVC.RecordHttps.Insecure.ExpectNoerror.DnsRcode recorded 12 samples, mean = 2.8 (flags = 0x41)
0  -O                                                                        (1 = 8.3%)
1  ... 
3  -----------O                                                              (11 = 91.7%) {8.3%}
4  ... 

Histogram: Net.DNS.HTTPSSVC.RecordHttps.Insecure.ExpectNoerror.Parsable recorded 3 samples, mean = 1.0 (flags = 0x41)
0  O                                                                         (0 = 0.0%)
1  ---O                                                                      (3 = 100.0%) {0.0%}
2  O                                                                         (0 = 0.0%) {100.0%}

Histogram: Net.DNS.HTTPSSVC.RecordHttps.Insecure.ExpectNoerror.ResolveTimeAddress recorded 12 samples, mean = 26.6 (flags = 0x41)
0    ... 
5    -O                                                                        (1 = 8.3%) {0.0%}
6    ---O                                                                      (3 = 25.0%) {8.3%}
8    O                                                                         (0 = 0.0%) {33.3%}
10   ----O                                                                     (4 = 33.3%) {33.3%}
13   ... 
20   -O                                                                        (1 = 8.3%) {66.7%}
25   ... 
41   --O                                                                       (2 = 16.7%) {75.0%}
52   ... 
136  -O                                                                        (1 = 8.3%) {91.7%}
173  ... 

Histogram: Net.DNS.HTTPSSVC.RecordHttps.Insecure.ExpectNoerror.ResolveTimeExperimental recorded 12 samples, mean = 27.7 (flags = 0x41)
0    ... 
5    -O                                                                        (1 = 8.3%) {0.0%}
6    --O                                                                       (2 = 16.7%) {8.3%}
8    -O                                                                        (1 = 8.3%) {25.0%}
10   ----O                                                                     (4 = 33.3%) {33.3%}
13   ... 
32   -O                                                                        (1 = 8.3%) {66.7%}
41   --O                                                                       (2 = 16.7%) {75.0%}
52   ... 
136  -O                                                                        (1 = 8.3%) {91.7%}
173  ... 

Histogram: Net.DNS.HTTPSSVC.RecordHttps.Insecure.ExpectNoerror.ResolveTimeRatio recorded 12 samples, mean = 10.5 (flags = 0x41)
0   ... 
9   ---------O                                                                (9 = 75.0%) {0.0%}
10  -O                                                                        (1 = 8.3%) {75.0%}
11  ... 
16  -O                                                                        (1 = 8.3%) {83.3%}
17  ... 
19  -O                                                                        (1 = 8.3%) {91.7%}
20  O                                                                         (0 = 0.0%) {100.0%}

Histogram: Net.DNS.JobQueueTime.PerTransaction recorded 24 samples, mean = 0.0 (flags = 0x41)
0  ------------------------O                                                 (24 = 100.0%)
1  ... 

Histogram: Net.DNS.JobQueueTime.Success recorded 12 samples, mean = 0.0 (flags = 0x41)
0  ------------O                                                             (12 = 100.0%)
1  ... 

Histogram: Net.DNS.Request.TotalTime recorded 156 samples, mean = 2.0 (flags = 0x41)
0    ------------------------------------------------------------------------O (149 = 95.5%)
10   O                                                                         (1 = 0.6%) {95.5%}
12   -O                                                                        (2 = 1.3%) {96.2%}
15   ... 
33   O                                                                         (1 = 0.6%) {97.4%}
41   -O                                                                        (2 = 1.3%) {98.1%}
50   ... 
113  O                                                                         (1 = 0.6%) {99.4%}
139  ... 

Histogram: Net.DNS.Request.TotalTimeAsync recorded 20 samples, mean = 15.3 (flags = 0x41)
0    -------------O                                                            (13 = 65.0%)
10   -O                                                                        (1 = 5.0%) {65.0%}
12   --O                                                                       (2 = 10.0%) {70.0%}
15   ... 
33   -O                                                                        (1 = 5.0%) {80.0%}
41   --O                                                                       (2 = 10.0%) {85.0%}
50   ... 
113  -O                                                                        (1 = 5.0%) {95.0%}
139  ... 

Histogram: Net.DNS.ResolveCategory recorded 21 samples, mean = 0.5 (flags = 0x41)
0  -----------O                                                              (11 = 52.4%)
1  ---------O                                                                (9 = 42.9%) {52.4%}
2  -O                                                                        (1 = 4.8%) {95.2%}
3  ... 

Histogram: Net.DNS.ResolveError.Fast recorded 9 samples (flags = 0x41)
105  ---------O                                                                (9 = 100.0%)

Histogram: Net.DNS.ResolveFailureTime recorded 9 samples, mean = 0.6 (flags = 0x41)
0  -----O                                                                    (5 = 55.6%)
1  ---O                                                                      (3 = 33.3%) {55.6%}
2  -O                                                                        (1 = 11.1%) {88.9%}
3  ... 

Histogram: Net.DNS.ResolveSuccessTime recorded 11 samples, mean = 29.6 (flags = 0x41)
0    ... 
6    --O                                                                       (2 = 18.2%) {0.0%}
7    -O                                                                        (1 = 9.1%) {18.2%}
8    O                                                                         (0 = 0.0%) {27.3%}
9    -O                                                                        (1 = 9.1%) {27.3%}
10   --O                                                                       (2 = 18.2%) {36.4%}
12   -O                                                                        (1 = 9.1%) {54.5%}
14   ... 
32   -O                                                                        (1 = 9.1%) {63.6%}
37   -O                                                                        (1 = 9.1%) {72.7%}
43   -O                                                                        (1 = 9.1%) {81.8%}
50   ... 
137  -O                                                                        (1 = 9.1%) {90.9%}
158  ... 

Histogram: Net.DNS.SystemTask.FailureTime recorded 9 samples, mean = 0.6 (flags = 0x41)
0  -----O                                                                    (5 = 55.6%)
1  ---O                                                                      (3 = 33.3%) {55.6%}
2  -O                                                                        (1 = 11.1%) {88.9%}
3  ... 

Histogram: Net.DNS.UpgradeConfig.HasPublicInsecureNameserver recorded 1 samples, mean = 1.0 (flags = 0x41)
0  O                                                                         (0 = 0.0%)
1  -O                                                                        (1 = 100.0%) {0.0%}
2  O                                                                         (0 = 0.0%) {100.0%}

Histogram: Net.DNS.UpgradeConfig.Ineligible.DohSpecified recorded 1 samples, mean = 0.0 (flags = 0x41)
0  -O                                                                        (1 = 100.0%)
1  ... 

Histogram: Net.DNS.UpgradeConfig.Ineligible.UnhandledOptions recorded 1 samples, mean = 0.0 (flags = 0x41)
0  -O                                                                        (1 = 100.0%)
1  ... 

Histogram: Net.DNS.UpgradeConfig.InsecureUpgradeSucceeded recorded 1 samples, mean = 0.0 (flags = 0x41)
0  -O                                                                        (1 = 100.0%)
1  ... 

Histogram: Net.DNS_Resolution_And_TCP_Connection_Latency2 recorded 10 samples, mean = 56.8 (flags = 0x41)
0   ... 
42  --O                                                                       (2 = 20.0%) {0.0%}
48  ---O                                                                      (3 = 30.0%) {20.0%}
54  ---O                                                                      (3 = 30.0%) {50.0%}
61  -O                                                                        (1 = 10.0%) {80.0%}
69  ... 
88  -O                                                                        (1 = 10.0%) {90.0%}
100 ... 

Histogram: Net.ErrorCodesForMainFrame4 recorded 2 samples (flags = 0x41)
0  -O                                                                        (1 = 50.0%)
3  -O                                                                        (1 = 50.0%)

Histogram: Net.ErrorCodesForSubresources3 recorded 46 samples (flags = 0x41)
0  ----------------------------------------------O                           (46 = 100.0%)

Histogram: Net.HttpJob.BytesReceived2 recorded 25 samples, mean = 5416.2 (flags = 0x41)
0      ... 
165    ---O                                                                      (3 = 12.0%) {0.0%}
237    -----O                                                                    (5 = 20.0%) {12.0%}
340    ------O                                                                   (6 = 24.0%) {32.0%}
488    ---O                                                                      (3 = 12.0%) {56.0%}
700    O                                                                         (0 = 0.0%) {68.0%}
1004   -O                                                                        (1 = 4.0%) {68.0%}
1440   O                                                                         (0 = 0.0%) {72.0%}
2065   -O                                                                        (1 = 4.0%) {72.0%}
2961   ---O                                                                      (3 = 12.0%) {76.0%}
4246   ... 
8732   -O                                                                        (1 = 4.0%) {88.0%}
12523  O                                                                         (0 = 0.0%) {92.0%}
17959  -O                                                                        (1 = 4.0%) {92.0%}
25755  ... 
75961  -O                                                                        (1 = 4.0%) {96.0%}
108935 ... 

Histogram: Net.HttpJob.BytesSent2 recorded 25 samples, mean = 1512.5 (flags = 0x41)
0      ... 
13     -O                                                                        (1 = 4.0%) {0.0%}
19     ... 
39     -O                                                                        (1 = 4.0%) {4.0%}
56     -O                                                                        (1 = 4.0%) {8.0%}
80     -O                                                                        (1 = 4.0%) {12.0%}
115    --O                                                                       (2 = 8.0%) {16.0%}
165    -O                                                                        (1 = 4.0%) {24.0%}
237    --O                                                                       (2 = 8.0%) {28.0%}
340    ---O                                                                      (3 = 12.0%) {36.0%}
488    ----O                                                                     (4 = 16.0%) {48.0%}
700    ---O                                                                      (3 = 12.0%) {64.0%}
1004   ---O                                                                      (3 = 12.0%) {76.0%}
1440   -O                                                                        (1 = 4.0%) {88.0%}
2065   ... 
6089   -O                                                                        (1 = 4.0%) {92.0%}
8732   O                                                                         (0 = 0.0%) {96.0%}
12523  -O                                                                        (1 = 4.0%) {96.0%}
17959  ... 

Histogram: Net.HttpJob.MainJobWaitTimeWithAvailableSpdySession recorded 8 samples, mean = 0.0 (flags = 0x41)
0  --------O                                                                 (8 = 100.0%)
1  ... 

Histogram: Net.HttpJob.MainJobWaitTimeWithoutAvailableSpdySession recorded 13 samples, mean = 138.2 (flags = 0x41)
0    ---O                                                                      (3 = 23.1%)
1    ... 
57   -O                                                                        (1 = 7.7%) {23.1%}
68   --O                                                                       (2 = 15.4%) {30.8%}
81   ... 
114  --O                                                                       (2 = 15.4%) {46.2%}
135  -O                                                                        (1 = 7.7%) {61.5%}
160  ... 
268  ----O                                                                     (4 = 30.8%) {69.2%}
318  ... 

Histogram: Net.HttpJob.PrefilterBytesRead recorded 59 samples, mean = 29955.2 (flags = 0x41)
0       -----O                                                                    (5 = 8.5%)
1       ... 
19      --O                                                                       (2 = 3.4%) {8.5%}
27      O                                                                         (0 = 0.0%) {11.9%}
39      -O                                                                        (1 = 1.7%) {11.9%}
56      -O                                                                        (1 = 1.7%) {13.6%}
80      ... 
165     ------O                                                                   (6 = 10.2%) {15.3%}
237     ---O                                                                      (3 = 5.1%) {25.4%}
340     -O                                                                        (1 = 1.7%) {30.5%}
488     -----O                                                                    (5 = 8.5%) {32.2%}
700     ---O                                                                      (3 = 5.1%) {40.7%}
1004    -O                                                                        (1 = 1.7%) {45.8%}
1440    --O                                                                       (2 = 3.4%) {47.5%}
2065    -O                                                                        (1 = 1.7%) {50.8%}
2961    ---O                                                                      (3 = 5.1%) {52.5%}
4246    --O                                                                       (2 = 3.4%) {57.6%}
6089    --O                                                                       (2 = 3.4%) {61.0%}
8732    --O                                                                       (2 = 3.4%) {64.4%}
12523   -O                                                                        (1 = 1.7%) {67.8%}
17959   ----O                                                                     (4 = 6.8%) {69.5%}
25755   --O                                                                       (2 = 3.4%) {76.3%}
36935   ----O                                                                     (4 = 6.8%) {79.7%}
52968   O                                                                         (0 = 0.0%) {86.4%}
75961   -----O                                                                    (5 = 8.5%) {86.4%}
108935  -O                                                                        (1 = 1.7%) {94.9%}
156223  O                                                                         (0 = 0.0%) {96.6%}
224038  -O                                                                        (1 = 1.7%) {96.6%}
321291  -O                                                                        (1 = 1.7%) {98.3%}
460760  ... 

Histogram: Net.HttpJob.PrefilterBytesRead.Cache recorded 38 samples, mean = 43480.3 (flags = 0x41)
0       ... 
165     -O                                                                        (1 = 2.6%) {0.0%}
237     O                                                                         (0 = 0.0%) {2.6%}
340     -O                                                                        (1 = 2.6%) {2.6%}
488     -----O                                                                    (5 = 13.2%) {5.3%}
700     ---O                                                                      (3 = 7.9%) {18.4%}
1004    -O                                                                        (1 = 2.6%) {26.3%}
1440    -O                                                                        (1 = 2.6%) {28.9%}
2065    -O                                                                        (1 = 2.6%) {31.6%}
2961    ---O                                                                      (3 = 7.9%) {34.2%}
4246    --O                                                                       (2 = 5.3%) {42.1%}
6089    --O                                                                       (2 = 5.3%) {47.4%}
8732    -O                                                                        (1 = 2.6%) {52.6%}
12523   O                                                                         (0 = 0.0%) {55.3%}
17959   ----O                                                                     (4 = 10.5%) {55.3%}
25755   --O                                                                       (2 = 5.3%) {65.8%}
36935   ----O                                                                     (4 = 10.5%) {71.1%}
52968   O                                                                         (0 = 0.0%) {81.6%}
75961   ----O                                                                     (4 = 10.5%) {81.6%}
108935  -O                                                                        (1 = 2.6%) {92.1%}
156223  O                                                                         (0 = 0.0%) {94.7%}
224038  -O                                                                        (1 = 2.6%) {94.7%}
321291  -O                                                                        (1 = 2.6%) {97.4%}
460760  ... 

Histogram: Net.HttpJob.PrefilterBytesRead.Net recorded 21 samples, mean = 5481.1 (flags = 0x41)
0      -----O                                                                    (5 = 23.8%)
1      ... 
19     --O                                                                       (2 = 9.5%) {23.8%}
27     O                                                                         (0 = 0.0%) {33.3%}
39     -O                                                                        (1 = 4.8%) {33.3%}
56     -O                                                                        (1 = 4.8%) {38.1%}
80     ... 
165    -----O                                                                    (5 = 23.8%) {42.9%}
237    ---O                                                                      (3 = 14.3%) {66.7%}
340    ... 
1440   -O                                                                        (1 = 4.8%) {81.0%}
2065   ... 
8732   -O                                                                        (1 = 4.8%) {85.7%}
12523  -O                                                                        (1 = 4.8%) {90.5%}
17959  ... 
75961  -O                                                                        (1 = 4.8%) {95.2%}
108935 ... 

Histogram: Net.HttpJob.ProxyTypeSuccess recorded 25 samples, mean = 1.0 (flags = 0x41)
0  O                                                                         (0 = 0.0%)
1  -------------------------O                                                (25 = 100.0%) {0.0%}
2  ... 

Histogram: Net.HttpJob.TotalTime recorded 59 samples, mean = 178.9 (flags = 0x41)
0    ... 
2    -O                                                                        (1 = 1.7%) {0.0%}
3    ... 
20   -O                                                                        (1 = 1.7%) {1.7%}
24   O                                                                         (0 = 0.0%) {3.4%}
29   -------O                                                                  (7 = 11.9%) {3.4%}
34   ... 
48   -----O                                                                    (5 = 8.5%) {15.3%}
57   -O                                                                        (1 = 1.7%) {23.7%}
68   -------O                                                                  (7 = 11.9%) {25.4%}
81   -----O                                                                    (5 = 8.5%) {37.3%}
96   ... 
135  ---O                                                                      (3 = 5.1%) {45.8%}
160  ---O                                                                      (3 = 5.1%) {50.8%}
190  ----------O                                                               (10 = 16.9%) {55.9%}
226  ---O                                                                      (3 = 5.1%) {72.9%}
268  -O                                                                        (1 = 1.7%) {78.0%}
318  ----O                                                                     (4 = 6.8%) {79.7%}
378  ----O                                                                     (4 = 6.8%) {86.4%}
449  ----O                                                                     (4 = 6.8%) {93.2%}
533  ... 

Histogram: Net.HttpJob.TotalTime.Secure.Quic recorded 5 samples, mean = 242.6 (flags = 0x41)
0    ... 
66   -O                                                                        (1 = 20.0%) {0.0%}
84   -O                                                                        (1 = 20.0%) {20.0%}
107  ... 
280  -O                                                                        (1 = 20.0%) {40.0%}
356  --O                                                                       (2 = 40.0%) {60.0%}
452  ... 

Histogram: Net.HttpJob.TotalTime.TLS13.Google recorded 5 samples, mean = 296.4 (flags = 0x41)
0    ... 
68   -O                                                                        (1 = 20.0%) {0.0%}
81   ... 
226  --O                                                                       (2 = 40.0%) {20.0%}
268  ... 
378  -O                                                                        (1 = 20.0%) {60.0%}
449  -O                                                                        (1 = 20.0%) {80.0%}
533  ... 

Histogram: Net.HttpJob.TotalTimeCached recorded 38 samples, mean = 156.3 (flags = 0x41)
0    ... 
2    -O                                                                        (1 = 2.6%) {0.0%}
3    ... 
20   -O                                                                        (1 = 2.6%) {2.6%}
24   O                                                                         (0 = 0.0%) {5.3%}
29   -------O                                                                  (7 = 18.4%) {5.3%}
34   ... 
48   -----O                                                                    (5 = 13.2%) {23.7%}
57   -O                                                                        (1 = 2.6%) {36.8%}
68   ---O                                                                      (3 = 7.9%) {39.5%}
81   -O                                                                        (1 = 2.6%) {47.4%}
96   ... 
135  --O                                                                       (2 = 5.3%) {50.0%}
160  -O                                                                        (1 = 2.6%) {55.3%}
190  ---------O                                                                (9 = 23.7%) {57.9%}
226  -O                                                                        (1 = 2.6%) {81.6%}
268  O                                                                         (0 = 0.0%) {84.2%}
318  ---O                                                                      (3 = 7.9%) {84.2%}
378  -O                                                                        (1 = 2.6%) {92.1%}
449  --O                                                                       (2 = 5.3%) {94.7%}
533  ... 

Histogram: Net.HttpJob.TotalTimeNotCached recorded 21 samples, mean = 219.8 (flags = 0x41)
0    ... 
68   ----O                                                                     (4 = 19.0%) {0.0%}
81   ----O                                                                     (4 = 19.0%) {19.0%}
96   ... 
135  -O                                                                        (1 = 4.8%) {38.1%}
160  --O                                                                       (2 = 9.5%) {42.9%}
190  -O                                                                        (1 = 4.8%) {52.4%}
226  --O                                                                       (2 = 9.5%) {57.1%}
268  -O                                                                        (1 = 4.8%) {66.7%}
318  -O                                                                        (1 = 4.8%) {71.4%}
378  ---O                                                                      (3 = 14.3%) {76.2%}
449  --O                                                                       (2 = 9.5%) {90.5%}
533  ... 

Histogram: Net.HttpJob.TotalTimeNotCached.Secure.Quic recorded 5 samples, mean = 242.6 (flags = 0x41)
0    ... 
66   -O                                                                        (1 = 20.0%) {0.0%}
84   -O                                                                        (1 = 20.0%) {20.0%}
107  ... 
280  -O                                                                        (1 = 20.0%) {40.0%}
356  --O                                                                       (2 = 40.0%) {60.0%}
452  ... 

Histogram: Net.HttpJob.TotalTimeSuccess recorded 59 samples, mean = 178.9 (flags = 0x41)
0    ... 
2    -O                                                                        (1 = 1.7%) {0.0%}
3    ... 
20   -O                                                                        (1 = 1.7%) {1.7%}
24   O                                                                         (0 = 0.0%) {3.4%}
29   -------O                                                                  (7 = 11.9%) {3.4%}
34   ... 
48   -----O                                                                    (5 = 8.5%) {15.3%}
57   -O                                                                        (1 = 1.7%) {23.7%}
68   -------O                                                                  (7 = 11.9%) {25.4%}
81   -----O                                                                    (5 = 8.5%) {37.3%}
96   ... 
135  ---O                                                                      (3 = 5.1%) {45.8%}
160  ---O                                                                      (3 = 5.1%) {50.8%}
190  ----------O                                                               (10 = 16.9%) {55.9%}
226  ---O                                                                      (3 = 5.1%) {72.9%}
268  -O                                                                        (1 = 1.7%) {78.0%}
318  ----O                                                                     (4 = 6.8%) {79.7%}
378  ----O                                                                     (4 = 6.8%) {86.4%}
449  ----O                                                                     (4 = 6.8%) {93.2%}
533  ... 

Histogram: Net.HttpJob.TotalTimeSuccess.Priority1 recorded 10 samples, mean = 269.5 (flags = 0x41)
0    ... 
68   -O                                                                        (1 = 10.0%) {0.0%}
81   --O                                                                       (2 = 20.0%) {10.0%}
96   ... 
226  --O                                                                       (2 = 20.0%) {30.0%}
268  -O                                                                        (1 = 10.0%) {50.0%}
318  -O                                                                        (1 = 10.0%) {60.0%}
378  --O                                                                       (2 = 20.0%) {70.0%}
449  -O                                                                        (1 = 10.0%) {90.0%}
533  ... 

Histogram: Net.HttpJob.TotalTimeSuccess.Priority2 recorded 28 samples, mean = 148.1 (flags = 0x41)
0    ... 
2    -O                                                                        (1 = 3.6%) {0.0%}
3    ... 
20   -O                                                                        (1 = 3.6%) {3.6%}
24   O                                                                         (0 = 0.0%) {7.1%}
29   -O                                                                        (1 = 3.6%) {7.1%}
34   ... 
48   -----O                                                                    (5 = 17.9%) {10.7%}
57   -O                                                                        (1 = 3.6%) {28.6%}
68   -----O                                                                    (5 = 17.9%) {32.1%}
81   ---O                                                                      (3 = 10.7%) {50.0%}
96   ... 
160  -O                                                                        (1 = 3.6%) {60.7%}
190  -----O                                                                    (5 = 17.9%) {64.3%}
226  -O                                                                        (1 = 3.6%) {82.1%}
268  O                                                                         (0 = 0.0%) {85.7%}
318  -O                                                                        (1 = 3.6%) {85.7%}
378  -O                                                                        (1 = 3.6%) {89.3%}
449  --O                                                                       (2 = 7.1%) {92.9%}
533  ... 

Histogram: Net.HttpJob.TotalTimeSuccess.Priority3 recorded 1 samples, mean = 446.0 (flags = 0x41)
0    ... 
378  -O                                                                        (1 = 100.0%) {0.0%}
449  ... 

Histogram: Net.HttpJob.TotalTimeSuccess.Priority4 recorded 6 samples, mean = 191.2 (flags = 0x41)
0    ... 
68   -O                                                                        (1 = 16.7%) {0.0%}
81   ... 
135  -O                                                                        (1 = 16.7%) {16.7%}
160  -O                                                                        (1 = 16.7%) {33.3%}
190  --O                                                                       (2 = 33.3%) {50.0%}
226  ... 
318  -O                                                                        (1 = 16.7%) {83.3%}
378  ... 

Histogram: Net.HttpJob.TotalTimeSuccess.Priority5 recorded 14 samples, mean = 151.6 (flags = 0x41)
0    ... 
29   ------O                                                                   (6 = 42.9%) {0.0%}
34   ... 
135  --O                                                                       (2 = 14.3%) {42.9%}
160  -O                                                                        (1 = 7.1%) {57.1%}
190  ---O                                                                      (3 = 21.4%) {64.3%}
226  ... 
318  -O                                                                        (1 = 7.1%) {85.7%}
378  O                                                                         (0 = 0.0%) {92.9%}
449  -O                                                                        (1 = 7.1%) {92.9%}
533  ... 

Histogram: Net.HttpRequestSSLUpgradeDecision recorded 2 samples, mean = 5.0 (flags = 0x41)
0  ... 
5  --O                                                                       (2 = 100.0%) {0.0%}
6  O                                                                         (0 = 0.0%) {100.0%}

Histogram: Net.HttpRequestStsState recorded 2 samples, mean = 2.0 (flags = 0x41)
0  ... 
2  --O                                                                       (2 = 100.0%) {0.0%}
3  ... 

Histogram: Net.HttpResponseCode recorded 74 samples, mean = 222.3 (flags = 0x41)
0    ... 
200  ----------------------------------------------------------O               (58 = 78.4%) {0.0%}
201  ... 
204  ----O                                                                     (4 = 5.4%) {78.4%}
205  ... 
302  --O                                                                       (2 = 2.7%) {83.8%}
303  O                                                                         (0 = 0.0%) {86.5%}
304  ----O                                                                     (4 = 5.4%) {86.5%}
305  ... 
308  --O                                                                       (2 = 2.7%) {91.9%}
309  ... 
400  ----O                                                                     (4 = 5.4%) {94.6%}
401  ... 

Histogram: Net.HttpTimeToFirstByte recorded 59 samples, mean = 138.1 (flags = 0x41)
0     --O                                                                       (2 = 3.4%)
10    O                                                                         (0 = 0.0%) {3.4%}
12    -O                                                                        (1 = 1.7%) {3.4%}
15    ... 
22    --O                                                                       (2 = 3.4%) {5.1%}
27    ---------------O                                                          (15 = 25.4%) {8.5%}
33    -----O                                                                    (5 = 8.5%) {33.9%}
41    ----O                                                                     (4 = 6.8%) {42.4%}
50    -----O                                                                    (5 = 8.5%) {49.2%}
61    ---O                                                                      (3 = 5.1%) {57.6%}
75    -----O                                                                    (5 = 8.5%) {62.7%}
92    ... 
139   --O                                                                       (2 = 3.4%) {71.2%}
171   --O                                                                       (2 = 3.4%) {74.6%}
210   --O                                                                       (2 = 3.4%) {78.0%}
258   -O                                                                        (1 = 1.7%) {81.4%}
317   -----O                                                                    (5 = 8.5%) {83.1%}
389   ---O                                                                      (3 = 5.1%) {91.5%}
477   -O                                                                        (1 = 1.7%) {96.6%}
585   ... 
1081  -O                                                                        (1 = 1.7%) {98.3%}
1326  ... 

Histogram: Net.HttpTimeToFirstByte.TLS13.Google recorded 5 samples, mean = 478.0 (flags = 0x41)
0     ... 
66    -O                                                                        (1 = 20.0%) {0.0%}
84    ... 
220   --O                                                                       (2 = 40.0%) {20.0%}
280   ... 
452   -O                                                                        (1 = 20.0%) {60.0%}
574   ... 
1177  -O                                                                        (1 = 20.0%) {80.0%}
1496  ... 

Histogram: Net.NetworkChangeNotifier.NewConnectionCost recorded 2 samples, mean = 1.0 (flags = 0x41)
0  O                                                                         (0 = 0.0%)
1  --O                                                                       (2 = 100.0%) {0.0%}
2  ... 

Histogram: Net.NumQuicSessionsAtShutdown recorded 3 samples, mean = 0.0 (flags = 0x41)
0  ---O                                                                      (3 = 100.0%)
1  ... 

Histogram: Net.OnTransferSizeUpdated.Experimental.OverridenBy recorded 19 samples, mean = 10.8 (flags = 0x41)
0   O                                                                         (0 = 0.0%)
1   -----------O                                                              (11 = 57.9%) {0.0%}
2   ... 
11  -O                                                                        (1 = 5.3%) {57.9%}
12  ... 
26  ------O                                                                   (6 = 31.6%) {63.2%}
27  O                                                                         (0 = 0.0%) {94.7%}
28  -O                                                                        (1 = 5.3%) {94.7%}
29  ... 

Histogram: Net.QuicActiveSessionCount.CertVerifierChanged recorded 12 samples, mean = 0.4 (flags = 0x41)
0  --------O                                                                 (8 = 66.7%)
1  ---O                                                                      (3 = 25.0%) {66.7%}
2  -O                                                                        (1 = 8.3%) {91.7%}
3  ... 

Histogram: Net.QuicActiveSessions recorded 8 samples, mean = 0.1 (flags = 0x41)
0  -------O                                                                  (7 = 87.5%)
1  -O                                                                        (1 = 12.5%) {87.5%}
2  ... 

Histogram: Net.QuicChromiumClientStream.HandleOnCloseConnectionError recorded 5 samples (flags = 0x41)
0  -----O                                                                    (5 = 100.0%)

Histogram: Net.QuicChromiumClientStream.HandleOnCloseNetError recorded 5 samples (flags = 0x41)
100  -----O                                                                    (5 = 100.0%)

Histogram: Net.QuicChromiumClientStream.HandleOnCloseStreamError recorded 5 samples (flags = 0x41)
0  -----O                                                                    (5 = 100.0%)

Histogram: Net.QuicChromiumClientStream.HeaderDecodingDelay recorded 5 samples, mean = 0.0 (flags = 0x41)
0  -----O                                                                    (5 = 100.0%)
1  ... 

Histogram: Net.QuicChromiumClientStream.HeaderDecodingDelayGoogle recorded 5 samples, mean = 0.0 (flags = 0x41)
0  -----O                                                                    (5 = 100.0%)
1  ... 

Histogram: Net.QuicConnection.WritePacketStatus recorded 123 samples, mean = 0.0 (flags = 0x41)
0  ------------------------------------------------------------------------O (123 = 100.0%)
1  ... 

Histogram: Net.QuicCryptoClientConfig.PopulatedFromCanonicalConfig recorded 8 samples, mean = 0.0 (flags = 0x41)
0  --------O                                                                 (8 = 100.0%)
1  ... 

Histogram: Net.QuicDroppedPacketReason recorded 6 samples, mean = 6.0 (flags = 0x41)
0  ... 
6  ------O                                                                   (6 = 100.0%) {0.0%}
7  O                                                                         (0 = 0.0%) {100.0%}

Histogram: Net.QuicHandshakeNotConfirmedNumPacketsReceived recorded 3 samples, mean = 9.3 (flags = 0x41)
0  ... 
9  ---O                                                                      (3 = 100.0%) {0.0%}
12 ... 

Histogram: Net.QuicHandshakeState recorded 32 samples, mean = 1.1 (flags = 0x41)
0  ------------O                                                             (12 = 37.5%)
1  --------O                                                                 (8 = 25.0%) {37.5%}
2  --------O                                                                 (8 = 25.0%) {62.5%}
3  ----O                                                                     (4 = 12.5%) {87.5%}
4  O                                                                         (0 = 0.0%) {100.0%}

Histogram: Net.QuicHttpStream.ProcessResponseHeaderSuccess recorded 5 samples, mean = 1.0 (flags = 0x41)
0  O                                                                         (0 = 0.0%)
1  -----O                                                                    (5 = 100.0%) {0.0%}
2  O                                                                         (0 = 0.0%) {100.0%}

Histogram: Net.QuicSession.AbortedPendingStreamRequests recorded 12 samples, mean = 0.0 (flags = 0x41)
0  ------------O                                                             (12 = 100.0%)
1  ... 

Histogram: Net.QuicSession.AcceptChForOrigin recorded 5 samples, mean = 0.6 (flags = 0x41)
0  --O                                                                       (2 = 40.0%)
1  ---O                                                                      (3 = 60.0%) {40.0%}
2  O                                                                         (0 = 0.0%) {100.0%}

Histogram: Net.QuicSession.AcceptChFrameReceivedViaAlps recorded 8 samples, mean = 1.0 (flags = 0x41)
0  O                                                                         (0 = 0.0%)
1  --------O                                                                 (8 = 100.0%) {0.0%}
2  ... 

Histogram: Net.QuicSession.AsyncRead recorded 217 samples, mean = 0.7 (flags = 0x41)
0  ----------------------------O                                             (60 = 27.6%)
1  ------------------------------------------------------------------------O (157 = 72.4%) {27.6%}
2  O                                                                         (0 = 0.0%) {100.0%}

Histogram: Net.QuicSession.BlockedFrames.Received recorded 12 samples, mean = 0.0 (flags = 0x41)
0  ------------O                                                             (12 = 100.0%)
1  ... 

Histogram: Net.QuicSession.BlockedFrames.Sent recorded 12 samples, mean = 0.0 (flags = 0x41)
0  ------------O                                                             (12 = 100.0%)
1  ... 

Histogram: Net.QuicSession.CertVerificationResult recorded 9 samples (flags = 0x41)
0  ---------O                                                                (9 = 100.0%)

Histogram: Net.QuicSession.ClientSideMtu recorded 8 samples (flags = 0x41)
1250  --------O                                                                 (8 = 100.0%)

Histogram: Net.QuicSession.CloseAllSessionsError recorded 3 samples (flags = 0x41)
3  ---O                                                                      (3 = 100.0%)

Histogram: Net.QuicSession.ClosedDuringInitializeSession recorded 12 samples, mean = 0.0 (flags = 0x41)
0  ------------O                                                             (12 = 100.0%)
1  ... 

Histogram: Net.QuicSession.CoalesceStreamFrameStatus recorded 48 samples, mean = 0.3 (flags = 0x41)
0  -----------------------------------O                                      (35 = 72.9%)
1  -------------O                                                            (13 = 27.1%) {72.9%}
2  O                                                                         (0 = 0.0%) {100.0%}

Histogram: Net.QuicSession.ConnectAfterBroken recorded 1 samples, mean = 0.0 (flags = 0x41)
0  -O                                                                        (1 = 100.0%)
1  ... 

Histogram: Net.QuicSession.ConnectRandomPortForHTTPS recorded 8 samples, mean = 0.0 (flags = 0x41)
0  --------O                                                                 (8 = 100.0%)
1  ... 

Histogram: Net.QuicSession.ConnectRandomPortRequiringConfirmationForHTTPS recorded 2 samples, mean = 0.0 (flags = 0x41)
0  --O                                                                       (2 = 100.0%)
1  ... 

Histogram: Net.QuicSession.ConnectionClose.HandshakeFailureUnknown.QuicError recorded 4 samples (flags = 0x41)
25  ----O                                                                     (4 = 100.0%)

Histogram: Net.QuicSession.ConnectionClose.HandshakeNotConfirmed.Reason recorded 4 samples, mean = 0.0 (flags = 0x41)
0  ----O                                                                     (4 = 100.0%)
1  ... 

Histogram: Net.QuicSession.ConnectionClose.NumOpenStreams.HandshakeTimedOut recorded 4 samples, mean = 0.0 (flags = 0x41)
0  ----O                                                                     (4 = 100.0%)
1  ... 

Histogram: Net.QuicSession.ConnectionClose.NumOpenStreams.TimedOut recorded 12 samples, mean = 0.0 (flags = 0x41)
0  ------------O                                                             (12 = 100.0%)
1  ... 

Histogram: Net.QuicSession.ConnectionClose.NumTotalStreams.HandshakeTimedOut recorded 4 samples, mean = 0.0 (flags = 0x41)
0  ----O                                                                     (4 = 100.0%)
1  ... 

Histogram: Net.QuicSession.ConnectionCloseErrorCodeClient recorded 12 samples (flags = 0x41)
25  ------------O                                                             (12 = 100.0%)

Histogram: Net.QuicSession.ConnectionCloseErrorCodeClient.HandshakeConfirmed recorded 8 samples (flags = 0x41)
25  --------O                                                                 (8 = 100.0%)

Histogram: Net.QuicSession.ConnectionCloseErrorCodeClient.HandshakeNotConfirmed recorded 4 samples (flags = 0x41)
25  ----O                                                                     (4 = 100.0%)

Histogram: Net.QuicSession.ConnectionCloseErrorCodeClientGoogle recorded 8 samples (flags = 0x41)
25  --------O                                                                 (8 = 100.0%)

Histogram: Net.QuicSession.ConnectionCloseErrorCodeClientGoogle.HandshakeConfirmed recorded 8 samples (flags = 0x41)
25  --------O                                                                 (8 = 100.0%)

Histogram: Net.QuicSession.ConnectionDuration recorded 8 samples, mean = 31035.4 (flags = 0x41)
0      ... 
27425  ------O                                                                   (6 = 75.0%) {0.0%}
31655  -O                                                                        (1 = 12.5%) {75.0%}
36538  -O                                                                        (1 = 12.5%) {87.5%}
42174  ... 

Histogram: Net.QuicSession.ConnectionIpPooled recorded 8 samples, mean = 0.0 (flags = 0x41)
0  --------O                                                                 (8 = 100.0%)
1  ... 

Histogram: Net.QuicSession.ConnectionTypeFromSelf recorded 12 samples, mean = 1.0 (flags = 0x41)
0  O                                                                         (0 = 0.0%)
1  ------------O                                                             (12 = 100.0%) {0.0%}
2  O                                                                         (0 = 0.0%) {100.0%}

Histogram: Net.QuicSession.CryptoRetransmitCount.HandshakeConfirmed recorded 8 samples, mean = 0.1 (flags = 0x41)
0  -------O                                                                  (7 = 87.5%)
1  -O                                                                        (1 = 12.5%) {87.5%}
2  ... 

Histogram: Net.QuicSession.CryptoRetransmitCount.HandshakeNotConfirmed recorded 4 samples, mean = 3.8 (flags = 0x41)
0  ... 
3  -O                                                                        (1 = 25.0%) {0.0%}
4  ---O                                                                      (3 = 75.0%) {25.0%}
5  ... 

Histogram: Net.QuicSession.DuplicatePacketsReceived recorded 12 samples, mean = 0.0 (flags = 0x41)
0  ------------O                                                             (12 = 100.0%)
1  ... 

Histogram: Net.QuicSession.EcnMarksObserved recorded 12 samples, mean = 1.0 (flags = 0x41)
0  O                                                                         (0 = 0.0%)
1  ------------O                                                             (12 = 100.0%) {0.0%}
2  ... 

Histogram: Net.QuicSession.EncryptionEstablishedTime recorded 8 samples, mean = 161.4 (flags = 0x41)
0    ... 
29   -O                                                                        (1 = 12.5%) {0.0%}
34   -O                                                                        (1 = 12.5%) {12.5%}
40   --O                                                                       (2 = 25.0%) {25.0%}
48   ... 
190  -O                                                                        (1 = 12.5%) {50.0%}
226  -O                                                                        (1 = 12.5%) {62.5%}
268  O                                                                         (0 = 0.0%) {75.0%}
318  --O                                                                       (2 = 25.0%) {75.0%}
378  ... 

Histogram: Net.QuicSession.FinchConfigIsValid recorded 3 samples, mean = 1.0 (flags = 0x41)
0  O                                                                         (0 = 0.0%)
1  ---O                                                                      (3 = 100.0%) {0.0%}
2  O                                                                         (0 = 0.0%) {100.0%}

Histogram: Net.QuicSession.FindMatchingIpSessionResult recorded 22 samples, mean = 2.0 (flags = 0x41)
0  ... 
2  ----------------------O                                                   (22 = 100.0%) {0.0%}
3  O                                                                         (0 = 0.0%) {100.0%}

Histogram: Net.QuicSession.FindMatchingIpSessionResultGoogle recorded 16 samples, mean = 2.0 (flags = 0x41)
0  ... 
2  ----------------O                                                         (16 = 100.0%) {0.0%}
3  O                                                                         (0 = 0.0%) {100.0%}

Histogram: Net.QuicSession.HandshakeConfirmedTime recorded 8 samples, mean = 291.5 (flags = 0x41)
0    ... 
190  -O                                                                        (1 = 12.5%) {0.0%}
226  -O                                                                        (1 = 12.5%) {12.5%}
268  ----O                                                                     (4 = 50.0%) {25.0%}
318  --O                                                                       (2 = 25.0%) {75.0%}
378  ... 

Histogram: Net.QuicSession.HeaderCompressionRatioQpackReceived recorded 5 samples, mean = 14.0 (flags = 0x41)
0   ... 
3   --O                                                                       (2 = 40.0%) {0.0%}
4   --O                                                                       (2 = 40.0%) {40.0%}
5   ... 
56  -O                                                                        (1 = 20.0%) {80.0%}
57  ... 

Histogram: Net.QuicSession.HeaderCompressionRatioQpackSent recorded 5 samples, mean = 56.6 (flags = 0x41)
0   ... 
4   -O                                                                        (1 = 20.0%) {0.0%}
5   ... 
65  --O                                                                       (2 = 40.0%) {20.0%}
66  ... 
74  -O                                                                        (1 = 20.0%) {60.0%}
75  -O                                                                        (1 = 20.0%) {80.0%}
76  ... 

Histogram: Net.QuicSession.HostResolution.HandshakeConfirmedTime recorded 8 samples, mean = 293.5 (flags = 0x41)
0    ... 
190  -O                                                                        (1 = 12.5%) {0.0%}
226  -O                                                                        (1 = 12.5%) {12.5%}
268  ----O                                                                     (4 = 50.0%) {25.0%}
318  --O                                                                       (2 = 25.0%) {75.0%}
378  ... 

Histogram: Net.QuicSession.IncorrectConnectionIDsReceived recorded 12 samples, mean = 6.0 (flags = 0x41)
0  ----O                                                                     (4 = 33.3%)
1  ... 
9  --------O                                                                 (8 = 66.7%) {33.3%}
12 ... 

Histogram: Net.QuicSession.InitialRttEsitmateSource recorded 12 samples, mean = 0.7 (flags = 0x41)
0  ----O                                                                     (4 = 33.3%)
1  --------O                                                                 (8 = 66.7%) {33.3%}
2  ... 

Histogram: Net.QuicSession.KeyUpdate.PerConnection2 recorded 8 samples, mean = 0.0 (flags = 0x41)
0  --------O                                                                 (8 = 100.0%)
1  ... 

Histogram: Net.QuicSession.KeyUpdate.PotentialPeerKeyUpdateAttemptCount recorded 8 samples, mean = 0.0 (flags = 0x41)
0  --------O                                                                 (8 = 100.0%)
1  ... 

Histogram: Net.QuicSession.MaxConsecutiveRtoWithForwardProgress recorded 8 samples, mean = 0.4 (flags = 0x41)
0  -----O                                                                    (5 = 62.5%)
1  ---O                                                                      (3 = 37.5%) {62.5%}
2  ... 

Histogram: Net.QuicSession.MinRTT recorded 12 samples, mean = 58.1 (flags = 0x41)
0   ... 
34  -O                                                                        (1 = 8.3%) {0.0%}
40  --O                                                                       (2 = 16.7%) {8.3%}
48  -----O                                                                    (5 = 41.7%) {25.0%}
57  -O                                                                        (1 = 8.3%) {66.7%}
68  --O                                                                       (2 = 16.7%) {75.0%}
81  O                                                                         (0 = 0.0%) {91.7%}
96  -O                                                                        (1 = 8.3%) {91.7%}
114 ... 

Histogram: Net.QuicSession.MtuProbesSent recorded 8 samples, mean = 0.0 (flags = 0x41)
0  --------O                                                                 (8 = 100.0%)
1  ... 

Histogram: Net.QuicSession.NumDefaultPathDegrading recorded 12 samples, mean = 0.0 (flags = 0x41)
0  ------------O                                                             (12 = 100.0%)
1  ... 

Histogram: Net.QuicSession.NumMigrations recorded 8 samples, mean = 0.0 (flags = 0x41)
0  --------O                                                                 (8 = 100.0%)
1  ... 

Histogram: Net.QuicSession.NumOpenStreams recorded 5 samples, mean = 1.0 (flags = 0x41)
0  O                                                                         (0 = 0.0%)
1  -----O                                                                    (5 = 100.0%) {0.0%}
2  ... 

Histogram: Net.QuicSession.NumPingsSent recorded 8 samples, mean = 0.0 (flags = 0x41)
0  --------O                                                                 (8 = 100.0%)
1  ... 

Histogram: Net.QuicSession.NumQueuedPacketsBeforeWrite recorded 232 samples, mean = 0.0 (flags = 0x41)
0  ------------------------------------------------------------------------O (232 = 100.0%)
1  ... 

Histogram: Net.QuicSession.NumTotalStreams recorded 12 samples, mean = 0.4 (flags = 0x41)
0  --------O                                                                 (8 = 66.7%)
1  ---O                                                                      (3 = 25.0%) {66.7%}
2  -O                                                                        (1 = 8.3%) {91.7%}
3  ... 

Histogram: Net.QuicSession.OutOfOrderLargePacketsReceived recorded 12 samples, mean = 0.0 (flags = 0x41)
0  ------------O                                                             (12 = 100.0%)
1  ... 

Histogram: Net.QuicSession.OutOfOrderPacketsReceived recorded 12 samples, mean = 0.0 (flags = 0x41)
0  ------------O                                                             (12 = 100.0%)
1  ... 

Histogram: Net.QuicSession.PacketWriteTime.Synchronous recorded 120 samples, mean = 0.0 (flags = 0x41)
0  ------------------------------------------------------------------------O (116 = 96.7%)
1  --O                                                                       (3 = 2.5%) {96.7%}
2  -O                                                                        (1 = 0.8%) {99.2%}
3  ... 

Histogram: Net.QuicSession.PacketsBeforeEcnTransition recorded 12 samples, mean = 0.0 (flags = 0x41)
0  ------------O                                                             (12 = 100.0%)
1  ... 

Histogram: Net.QuicSession.PreferAesGcm recorded 2 samples, mean = 1.0 (flags = 0x41)
0  O                                                                         (0 = 0.0%)
1  --O                                                                       (2 = 100.0%) {0.0%}
2  O                                                                         (0 = 0.0%) {100.0%}

Histogram: Net.QuicSession.Qpack.HeaderListCountWhenBlockedStreamLimited recorded 1 samples, mean = 1.0 (flags = 0x41)
0  O                                                                         (0 = 0.0%)
1  -O                                                                        (1 = 100.0%) {0.0%}
2  ... 

Histogram: Net.QuicSession.Qpack.HeaderListCountWhenInsertionNotBlocked recorded 5 samples, mean = 1.2 (flags = 0x41)
0  O                                                                         (0 = 0.0%)
1  ----O                                                                     (4 = 80.0%) {0.0%}
2  -O                                                                        (1 = 20.0%) {80.0%}
3  ... 

Histogram: Net.QuicSession.Qpack.HeaderListCountWhenNotBlockedStreamLimited recorded 4 samples, mean = 1.2 (flags = 0x41)
0  O                                                                         (0 = 0.0%)
1  ---O                                                                      (3 = 75.0%) {0.0%}
2  -O                                                                        (1 = 25.0%) {75.0%}
3  ... 

Histogram: Net.QuicSession.QuicVersion recorded 12 samples (flags = 0x41)
80  ------------O                                                             (12 = 100.0%)

Histogram: Net.QuicSession.ReceivedSettings.BlockedStreams recorded 8 samples, mean = 100.0 (flags = 0x41)
0   ... 
95  --------O                                                                 (8 = 100.0%) {0.0%}
107 ... 

Histogram: Net.QuicSession.ReceivedSettings.CountPlusOne recorded 8 samples, mean = 7.0 (flags = 0x41)
0  ... 
7  --------O                                                                 (8 = 100.0%) {0.0%}
8  ... 

Histogram: Net.QuicSession.ReceivedSettings.MaxHeaderListSize2 recorded 8 samples, mean = 65536.0 (flags = 0x41)
0      ... 
63662  --------O                                                                 (8 = 100.0%) {0.0%}
83848  ... 

Histogram: Net.QuicSession.ReceivedSettings.MaxTableCapacity2 recorded 8 samples, mean = 65536.0 (flags = 0x41)
0      ... 
63662  --------O                                                                 (8 = 100.0%) {0.0%}
83848  ... 

Histogram: Net.QuicSession.ReceivedSettings.ReservedCountPlusOne recorded 8 samples, mean = 2.0 (flags = 0x41)
0  ... 
2  --------O                                                                 (8 = 100.0%) {0.0%}
3  ... 

Histogram: Net.QuicSession.SendPacketSize.0RTT recorded 5 samples, mean = 176.2 (flags = 0x41)
0    ... 
68   -O                                                                        (1 = 20.0%) {0.0%}
77   ---O                                                                      (3 = 60.0%) {20.0%}
87   ... 
524  -O                                                                        (1 = 20.0%) {80.0%}
595  ... 

Histogram: Net.QuicSession.SendPacketSize.ForwardSecure recorded 40 samples, mean = 185.8 (flags = 0x41)
0     ... 
28    -----------O                                                              (11 = 27.5%) {0.0%}
32    -------------O                                                            (13 = 32.5%) {27.5%}
36    -O                                                                        (1 = 2.5%) {60.0%}
41    ... 
60    -O                                                                        (1 = 2.5%) {62.5%}
68    ------O                                                                   (6 = 15.0%) {65.0%}
77    ... 
214   -O                                                                        (1 = 2.5%) {80.0%}
243   ... 
461   --O                                                                       (2 = 5.0%) {82.5%}
524   -O                                                                        (1 = 2.5%) {87.5%}
595   -O                                                                        (1 = 2.5%) {90.0%}
676   ... 
1126  ---O                                                                      (3 = 7.5%) {92.5%}
1279  ... 

Histogram: Net.QuicSession.SendPacketSize.Handshake recorded 16 samples, mean = 60.6 (flags = 0x41)
0   ... 
36  --------O                                                                 (8 = 50.0%) {0.0%}
41  ... 
77  -------O                                                                  (7 = 43.8%) {50.0%}
87  -O                                                                        (1 = 6.2%) {93.8%}
99  ... 

Histogram: Net.QuicSession.SendPacketSize.Initial recorded 62 samples, mean = 837.0 (flags = 0x41)
0     ... 
36    ---O                                                                      (3 = 4.8%) {0.0%}
41    ---O                                                                      (3 = 4.8%) {4.8%}
47    ... 
99    --O                                                                       (2 = 3.2%) {9.7%}
113   O                                                                         (0 = 0.0%) {12.9%}
128   -----O                                                                    (5 = 8.1%) {12.9%}
145   ... 
461   -O                                                                        (1 = 1.6%) {21.0%}
524   ----------O                                                               (10 = 16.1%) {22.6%}
595   ----O                                                                     (4 = 6.5%) {38.7%}
676   ... 
1126  ----------------------------------O                                       (34 = 54.8%) {45.2%}
1279  ... 

Histogram: Net.QuicSession.ServerSideMtu recorded 8 samples (flags = 0x41)
1250  --------O                                                                 (8 = 100.0%)

Histogram: Net.QuicSession.SmoothedRTT recorded 12 samples, mean = 106.6 (flags = 0x41)
0    ... 
40   --O                                                                       (2 = 16.7%) {0.0%}
48   ... 
68   -O                                                                        (1 = 8.3%) {16.7%}
81   -O                                                                        (1 = 8.3%) {25.0%}
96   ---O                                                                      (3 = 25.0%) {33.3%}
114  -O                                                                        (1 = 8.3%) {58.3%}
135  ---O                                                                      (3 = 25.0%) {66.7%}
160  -O                                                                        (1 = 8.3%) {91.7%}
190  ... 

Histogram: Net.QuicSession.StreamFrameDuplicatedShortConnection recorded 4 samples, mean = 0.0 (flags = 0x41)
0  ----O                                                                     (4 = 100.0%)
1  ... 

Histogram: Net.QuicSession.TimeFromResolveHostToConfirmConnection recorded 12 samples, mean = 1451.7 (flags = 0x41)
0     ... 
29    -O                                                                        (1 = 8.3%) {0.0%}
34    O                                                                         (0 = 0.0%) {8.3%}
40    --O                                                                       (2 = 16.7%) {8.3%}
48    -O                                                                        (1 = 8.3%) {25.0%}
57    ... 
190   -O                                                                        (1 = 8.3%) {33.3%}
226   -O                                                                        (1 = 8.3%) {41.7%}
268   O                                                                         (0 = 0.0%) {50.0%}
318   --O                                                                       (2 = 16.7%) {50.0%}
378   ... 
3553  ----O                                                                     (4 = 33.3%) {66.7%}
4222  ... 

Histogram: Net.QuicSession.TooManyOpenStreams recorded 5 samples, mean = 0.0 (flags = 0x41)
0  -----O                                                                    (5 = 100.0%)
1  ... 

Histogram: Net.QuicSession.TooSmallInitialSentPacket recorded 31 samples, mean = 775.9 (flags = 0x41)
0     ... 
12    -O                                                                        (1 = 3.2%) {0.0%}
14    O                                                                         (0 = 0.0%) {3.2%}
16    -O                                                                        (1 = 3.2%) {3.2%}
18    ... 
42    -O                                                                        (1 = 3.2%) {6.5%}
48    ... 
505   ---O                                                                      (3 = 9.7%) {9.7%}
571   ----O                                                                     (4 = 12.9%) {19.4%}
646   --------O                                                                 (8 = 25.8%) {32.3%}
731   ... 
1060  -------------O                                                            (13 = 41.9%) {58.1%}
1200  O                                                                         (0 = 0.0%) {100.0%}

Histogram: Net.QuicSession.UndecryptablePacketsReceived recorded 12 samples, mean = 0.5 (flags = 0x41)
0  ---------O                                                                (9 = 75.0%)
1  O                                                                         (0 = 0.0%) {75.0%}
2  ---O                                                                      (3 = 25.0%) {75.0%}
3  ... 

Histogram: Net.QuicSession.UndecryptablePacketsReceivedWithDecrypter recorded 12 samples, mean = 0.0 (flags = 0x41)
0  ------------O                                                             (12 = 100.0%)
1  ... 

Histogram: Net.QuicSession.VerifyProofTime recorded 9 samples, mean = 25.8 (flags = 0x41)
0   --O                                                                       (2 = 22.2%)
1   ... 
20  -O                                                                        (1 = 11.1%) {22.2%}
24  -O                                                                        (1 = 11.1%) {33.3%}
29  --O                                                                       (2 = 22.2%) {44.4%}
34  -O                                                                        (1 = 11.1%) {66.7%}
40  --O                                                                       (2 = 22.2%) {77.8%}
48  ... 

Histogram: Net.QuicSession.VerifyProofTime.google recorded 3 samples, mean = 32.7 (flags = 0x41)
0   ... 
20  -O                                                                        (1 = 33.3%) {0.0%}
24  O                                                                         (0 = 0.0%) {33.3%}
29  -O                                                                        (1 = 33.3%) {33.3%}
34  O                                                                         (0 = 0.0%) {66.7%}
40  -O                                                                        (1 = 33.3%) {66.7%}
48  ... 

Histogram: Net.QuicSession.ZeroRttReason recorded 8 samples, mean = 4.0 (flags = 0x41)
0  ... 
2  ---O                                                                      (3 = 37.5%) {0.0%}
3  ... 
5  ----O                                                                     (4 = 50.0%) {37.5%}
6  -O                                                                        (1 = 12.5%) {87.5%}
7  ... 

Histogram: Net.QuicSession.ZeroRttReasonGoogle recorded 8 samples, mean = 4.0 (flags = 0x41)
0  ... 
2  ---O                                                                      (3 = 37.5%) {0.0%}
3  ... 
5  ----O                                                                     (4 = 50.0%) {37.5%}
6  -O                                                                        (1 = 12.5%) {87.5%}
7  ... 

Histogram: Net.QuicSession.ZeroRttState recorded 8 samples, mean = 1.1 (flags = 0x41)
0  ---O                                                                      (3 = 37.5%)
1  -O                                                                        (1 = 12.5%) {37.5%}
2  ----O                                                                     (4 = 50.0%) {50.0%}
3  O                                                                         (0 = 0.0%) {100.0%}

Histogram: Net.QuicStreamFactory.DoConnectFailureLocation recorded 4 samples, mean = 5.0 (flags = 0x41)
0  ... 
5  ----O                                                                     (4 = 100.0%) {0.0%}
6  O                                                                         (0 = 0.0%) {100.0%}

Histogram: Net.RestrictedCookieManager.SiteForCookiesOK recorded 1 samples, mean = 1.0 (flags = 0x41)
0  O                                                                         (0 = 0.0%)
1  -O                                                                        (1 = 100.0%) {0.0%}
2  O                                                                         (0 = 0.0%) {100.0%}

Histogram: Net.RestrictedCookieManager.TopFrameOriginOK recorded 1 samples, mean = 1.0 (flags = 0x41)
0  O                                                                         (0 = 0.0%)
1  -O                                                                        (1 = 100.0%) {0.0%}
2  O                                                                         (0 = 0.0%) {100.0%}

Histogram: Net.SSLHandshakeDetails recorded 10 samples, mean = 6.0 (flags = 0x41)
0  ... 
6  ----------O                                                               (10 = 100.0%) {0.0%}
7  ... 

Histogram: Net.SSLNegotiatedAlpnProtocol recorded 10 samples, mean = 2.0 (flags = 0x41)
0  ... 
2  ----------O                                                               (10 = 100.0%) {0.0%}
3  ... 

Histogram: Net.SSLRenegotiationInfoSupported recorded 10 samples, mean = 1.0 (flags = 0x41)
0  O                                                                         (0 = 0.0%)
1  ----------O                                                               (10 = 100.0%) {0.0%}
2  O                                                                         (0 = 0.0%) {100.0%}

Histogram: Net.SSLSignatureAlgorithm recorded 10 samples (flags = 0x41)
1027  --------O                                                                 (8 = 80.0%)
2052  --O                                                                       (2 = 20.0%)

Histogram: Net.SSLVersion recorded 10 samples, mean = 6.0 (flags = 0x41)
0  ... 
6  ----------O                                                               (10 = 100.0%) {0.0%}
7  ... 

Histogram: Net.SSL_CipherSuite recorded 10 samples (flags = 0x41)
4865  -------O                                                                  (7 = 70.0%)
4866  ---O                                                                      (3 = 30.0%)

Histogram: Net.SSL_Connection_Error recorded 10 samples (flags = 0x41)
0  ----------O                                                               (10 = 100.0%)

Histogram: Net.SSL_Connection_Latency_2 recorded 10 samples, mean = 101.5 (flags = 0x41)
0    ... 
75   ---O                                                                      (3 = 30.0%) {0.0%}
83   -O                                                                        (1 = 10.0%) {30.0%}
92   --O                                                                       (2 = 20.0%) {40.0%}
101  --O                                                                       (2 = 20.0%) {60.0%}
111  O                                                                         (0 = 0.0%) {80.0%}
122  -O                                                                        (1 = 10.0%) {80.0%}
135  ... 
164  -O                                                                        (1 = 10.0%) {90.0%}
181  ... 

Histogram: Net.SSL_KeyExchange.ECDHE recorded 10 samples (flags = 0x41)
29     ------O                                                                   (6 = 60.0%)
25497  ----O                                                                     (4 = 40.0%)

Histogram: Net.SharedDictionaryStorageOnDisk.IsMetadataReadyOnFirstUse recorded 1 samples, mean = 1.0 (flags = 0x41)
0  O                                                                         (0 = 0.0%)
1  -O                                                                        (1 = 100.0%) {0.0%}
2  O                                                                         (0 = 0.0%) {100.0%}

Histogram: Net.SharedDictionaryStorageOnDisk.MetadataReadTime.Empty recorded 1 samples, mean = 3.0 (flags = 0x41)
0  ... 
3  -O                                                                        (1 = 100.0%) {0.0%}
4  ... 

Histogram: Net.SharedDictionaryStore.DeleteExpiredDictionaries.Error recorded 2 samples, mean = 0.0 (flags = 0x41)
0  --O                                                                       (2 = 100.0%)
1  ... 

Histogram: Net.SharedDictionaryStore.GetDictionaries.Error recorded 1 samples, mean = 0.0 (flags = 0x41)
0  -O                                                                        (1 = 100.0%)
1  ... 

Histogram: Net.SharedDictionaryStore.ProcessEviction.Error recorded 1 samples, mean = 0.0 (flags = 0x41)
0  -O                                                                        (1 = 100.0%)
1  ... 

Histogram: Net.SpdyFrameStreamAndSessionFlowControlState recorded 6 samples, mean = 0.0 (flags = 0x41)
0  ------O                                                                   (6 = 100.0%)
1  ... 

Histogram: Net.SpdyHeadersCompressionPercentage recorded 20 samples, mean = 64.2 (flags = 0x41)
0   ... 
34  --O                                                                       (2 = 10.0%) {0.0%}
35  -O                                                                        (1 = 5.0%) {10.0%}
36  -O                                                                        (1 = 5.0%) {15.0%}
37  ... 
40  -O                                                                        (1 = 5.0%) {20.0%}
41  -O                                                                        (1 = 5.0%) {25.0%}
42  --O                                                                       (2 = 10.0%) {30.0%}
43  O                                                                         (0 = 0.0%) {40.0%}
44  -O                                                                        (1 = 5.0%) {40.0%}
45  -O                                                                        (1 = 5.0%) {45.0%}
46  ... 
77  -O                                                                        (1 = 5.0%) {50.0%}
78  ... 
81  -O                                                                        (1 = 5.0%) {55.0%}
82  ... 
85  -O                                                                        (1 = 5.0%) {60.0%}
86  O                                                                         (0 = 0.0%) {65.0%}
87  --O                                                                       (2 = 10.0%) {65.0%}
88  ... 
93  --O                                                                       (2 = 10.0%) {75.0%}
94  -O                                                                        (1 = 5.0%) {85.0%}
95  -O                                                                        (1 = 5.0%) {90.0%}
96  ... 
98  -O                                                                        (1 = 5.0%) {95.0%}
99  ... 

Histogram: Net.SpdyResponseCode recorded 20 samples (flags = 0x41)
200  ----------O                                                               (10 = 50.0%)
204  --O                                                                       (2 = 10.0%)
302  -O                                                                        (1 = 5.0%)
304  ----O                                                                     (4 = 20.0%)
308  -O                                                                        (1 = 5.0%)
400  --O                                                                       (2 = 10.0%)

Histogram: Net.SpdySession.AcceptChForOrigin recorded 20 samples, mean = 0.2 (flags = 0x41)
0  ---------------O                                                          (15 = 75.0%)
1  -----O                                                                    (5 = 25.0%) {75.0%}
2  O                                                                         (0 = 0.0%) {100.0%}

Histogram: Net.SpdySession.AlpsAcceptChEntries recorded 4 samples, mean = 1.0 (flags = 0x41)
0  O                                                                         (0 = 0.0%)
1  ----O                                                                     (4 = 100.0%) {0.0%}
2  ... 

Histogram: Net.SpdySession.AlpsDecoderStatus recorded 4 samples, mean = 0.0 (flags = 0x41)
0  ----O                                                                     (4 = 100.0%)
1  ... 

Histogram: Net.SpdySession.AlpsDecoderStatus.Bypassed recorded 4 samples, mean = 0.0 (flags = 0x41)
0  ----O                                                                     (4 = 100.0%)
1  ... 

Histogram: Net.SpdySession.AlpsSettingParameterCount recorded 4 samples, mean = 0.0 (flags = 0x41)
0  ----O                                                                     (4 = 100.0%)
1  ... 

Histogram: Net.SpdySession.ClosedOnError recorded 10 samples (flags = 0x41)
0  ----------O                                                               (10 = 100.0%)

Histogram: Net.SpdySession.CreateStreamWithSocketConnected recorded 20 samples, mean = 1.0 (flags = 0x41)
0  O                                                                         (0 = 0.0%)
1  --------------------O                                                     (20 = 100.0%) {0.0%}
2  O                                                                         (0 = 0.0%) {100.0%}

Histogram: Net.SpdySession.GoAwayReceived recorded 1 samples (flags = 0x41)
0  -O                                                                        (1 = 100.0%)

Histogram: Net.SpdySession.OnSettings.ActiveStreamCount2 recorded 10 samples, mean = 0.9 (flags = 0x41)
0  -O                                                                        (1 = 10.0%)
1  ---------O                                                                (9 = 90.0%) {10.0%}
2  ... 

Histogram: Net.SpdySession.OnSettings.CreatedAndActiveStreamCount2 recorded 10 samples, mean = 0.9 (flags = 0x41)
0  -O                                                                        (1 = 10.0%)
1  ---------O                                                                (9 = 90.0%) {10.0%}
2  ... 

Histogram: Net.SpdySession.OnSettings.CreatedStreamCount2 recorded 10 samples, mean = 0.0 (flags = 0x41)
0  ----------O                                                               (10 = 100.0%)
1  ... 

Histogram: Net.SpdySession.OnSettings.PendingStreamCount2 recorded 10 samples, mean = 0.0 (flags = 0x41)
0  ----------O                                                               (10 = 100.0%)
1  ... 

Histogram: Net.SpdySession.ServerSupportsWebSocket recorded 10 samples, mean = 0.0 (flags = 0x41)
0  ----------O                                                               (10 = 100.0%)
1  ... 

Histogram: Net.SpdySessionGet recorded 20 samples, mean = 2.0 (flags = 0x41)
0  O                                                                         (0 = 0.0%)
1  ----------O                                                               (10 = 50.0%) {0.0%}
2  O                                                                         (0 = 0.0%) {50.0%}
3  ----------O                                                               (10 = 50.0%) {50.0%}
4  O                                                                         (0 = 0.0%) {100.0%}

Histogram: Net.SpdyStreamsAbandonedPerSession recorded 10 samples, mean = 0.0 (flags = 0x41)
0  ----------O                                                               (10 = 100.0%)
1  ... 

Histogram: Net.SpdyStreamsPerSession recorded 10 samples, mean = 2.0 (flags = 0x41)
0  O                                                                         (0 = 0.0%)
1  -------O                                                                  (7 = 70.0%) {0.0%}
2  -O                                                                        (1 = 10.0%) {70.0%}
3  -O                                                                        (1 = 10.0%) {80.0%}
4  ... 
8  -O                                                                        (1 = 10.0%) {90.0%}
9  ... 

Histogram: Net.TCP_Connection_Latency recorded 10 samples, mean = 56.6 (flags = 0x41)
0   ... 
42  --O                                                                       (2 = 20.0%) {0.0%}
48  ---O                                                                      (3 = 30.0%) {20.0%}
54  ---O                                                                      (3 = 30.0%) {50.0%}
61  -O                                                                        (1 = 10.0%) {80.0%}
69  ... 
88  -O                                                                        (1 = 10.0%) {90.0%}
100 ... 

Histogram: Net.TcpConnectAttempt.Latency.Error recorded 1 samples, mean = 45.0 (flags = 0x41)
0   ... 
41  -O                                                                        (1 = 100.0%) {0.0%}
50  ... 

Histogram: Net.TcpConnectAttempt.Latency.Success recorded 10 samples, mean = 56.6 (flags = 0x41)
0   ... 
41  ----O                                                                     (4 = 40.0%) {0.0%}
50  ----O                                                                     (4 = 40.0%) {40.0%}
61  -O                                                                        (1 = 10.0%) {80.0%}
75  -O                                                                        (1 = 10.0%) {90.0%}
92  ... 

Histogram: Net.UDPSocketWinClose recorded 94 samples, mean = 0.0 (flags = 0x41)
0  ------------------------------------------------------------------------O (93 = 98.9%)
1  -O                                                                        (1 = 1.1%) {98.9%}
2  ... 

Histogram: Net.URLLoaderThrottle.OnReceiveResponseTime recorded 47 samples, mean = 1.1 (flags = 0x41)
0   ----------------------------------O                                       (34 = 72.3%)
1   ---O                                                                      (3 = 6.4%) {72.3%}
2   ---O                                                                      (3 = 6.4%) {78.7%}
3   -O                                                                        (1 = 2.1%) {85.1%}
4   --O                                                                       (2 = 4.3%) {87.2%}
5   -O                                                                        (1 = 2.1%) {91.5%}
6   -O                                                                        (1 = 2.1%) {93.6%}
7   O                                                                         (0 = 0.0%) {95.7%}
8   -O                                                                        (1 = 2.1%) {95.7%}
10  O                                                                         (0 = 0.0%) {97.9%}
12  -O                                                                        (1 = 2.1%) {97.9%}
14  ... 

Histogram: Net.URLLoaderThrottleExecutionTime.BeforeWillProcessResponse recorded 238 samples, mean = 0.0 (flags = 0x41)
0  ------------------------------------------------------------------------O (238 = 100.0%)
1  ... 

Histogram: Net.URLLoaderThrottleExecutionTime.WillProcessResponse recorded 238 samples, mean = 0.0 (flags = 0x41)
0  ------------------------------------------------------------------------O (238 = 100.0%)
1  ... 

Histogram: Net.URLLoaderThrottleExecutionTime.WillRedirectRequest recorded 16 samples, mean = 0.0 (flags = 0x41)
0  ----------------O                                                         (16 = 100.0%)
1  ... 

Histogram: Net.URLLoaderThrottleExecutionTime.WillStartRequest recorded 238 samples, mean = 0.0 (flags = 0x41)
0  ------------------------------------------------------------------------O (238 = 100.0%)
1  ... 

Histogram: Net.URLRequest.ReferrerHasInformativePath.CrossOrigin recorded 51 samples, mean = 0.0 (flags = 0x41)
0  ---------------------------------------------------O                      (51 = 100.0%)
1  ... 

Histogram: Net.URLRequest.ReferrerHasInformativePath.SameOrigin recorded 8 samples, mean = 1.0 (flags = 0x41)
0  O                                                                         (0 = 0.0%)
1  --------O                                                                 (8 = 100.0%) {0.0%}
2  O                                                                         (0 = 0.0%) {100.0%}

Histogram: Net.URLRequest.ReferrerPolicyForRequest.CrossOrigin recorded 51 samples, mean = 1.4 (flags = 0x41)
0  O                                                                         (0 = 0.0%)
1  -----------------------------------------O                                (41 = 80.4%) {0.0%}
2  O                                                                         (0 = 0.0%) {80.4%}
3  ----------O                                                               (10 = 19.6%) {80.4%}
4  ... 

Histogram: Net.URLRequest.ReferrerPolicyForRequest.SameOrigin recorded 8 samples, mean = 1.0 (flags = 0x41)
0  O                                                                         (0 = 0.0%)
1  --------O                                                                 (8 = 100.0%) {0.0%}
2  ... 

Histogram: Network.Mdns.Googlecast recorded 3 samples, mean = 0.0 (flags = 0x41)
0  ---O                                                                      (3 = 100.0%)
1  ... 

Histogram: NetworkService.DeletedOldCacheData recorded 1 samples, mean = 0.0 (flags = 0x41)
0  -O                                                                        (1 = 100.0%)
1  ... 

Histogram: NetworkService.GrantSandboxResult recorded 3 samples, mean = 9.0 (flags = 0x41)
0   ... 
7   -O                                                                        (1 = 33.3%) {0.0%}
8   ... 
10  --O                                                                       (2 = 66.7%) {33.3%}
11  ... 

Histogram: NetworkService.NetworkLoaderCompletionTime2.DiskCache recorded 38 samples, mean = 163.6 (flags = 0x41)
0    ... 
7    -O                                                                        (1 = 2.6%) {0.0%}
8    ... 
34   --------O                                                                 (8 = 21.1%) {2.6%}
40   O                                                                         (0 = 0.0%) {23.7%}
48   -O                                                                        (1 = 2.6%) {23.7%}
57   -----O                                                                    (5 = 13.2%) {26.3%}
68   --O                                                                       (2 = 5.3%) {39.5%}
81   --O                                                                       (2 = 5.3%) {44.7%}
96   ... 
135  --O                                                                       (2 = 5.3%) {50.0%}
160  -O                                                                        (1 = 2.6%) {55.3%}
190  --------O                                                                 (8 = 21.1%) {57.9%}
226  --O                                                                       (2 = 5.3%) {78.9%}
268  O                                                                         (0 = 0.0%) {84.2%}
318  --O                                                                       (2 = 5.3%) {84.2%}
378  -O                                                                        (1 = 2.6%) {89.5%}
449  ---O                                                                      (3 = 7.9%) {92.1%}
533  ... 

Histogram: NetworkService.NetworkLoaderCompletionTime2.Network recorded 19 samples, mean = 266.0 (flags = 0x41)
0     ... 
68    ---O                                                                      (3 = 15.8%) {0.0%}
81    ----O                                                                     (4 = 21.1%) {15.8%}
96    ... 
135   -O                                                                        (1 = 5.3%) {36.8%}
160   --O                                                                       (2 = 10.5%) {42.1%}
190   -O                                                                        (1 = 5.3%) {52.6%}
226   --O                                                                       (2 = 10.5%) {57.9%}
268   -O                                                                        (1 = 5.3%) {68.4%}
318   O                                                                         (0 = 0.0%) {73.7%}
378   ---O                                                                      (3 = 15.8%) {73.7%}
449   -O                                                                        (1 = 5.3%) {89.5%}
533   ... 
1262  -O                                                                        (1 = 5.3%) {94.7%}
1500  ... 

Histogram: NetworkService.TimeToGrantCacheAccess recorded 1 samples, mean = 812.0 (flags = 0x41)
0    ... 
752  -O                                                                        (1 = 100.0%) {0.0%}
894  ... 

Histogram: NetworkService.TimeToGrantDataAccess recorded 2 samples, mean = 38.0 (flags = 0x41)
0   O                                                                         (0 = 0.0%)
1   -O                                                                        (1 = 50.0%) {0.0%}
2   ... 
68  -O                                                                        (1 = 50.0%) {50.0%}
81  ... 

Histogram: NetworkService.TimeToGrantSharedDictionaryAccess recorded 1 samples, mean = 44.0 (flags = 0x41)
0   ... 
40  -O                                                                        (1 = 100.0%) {0.0%}
48  ... 

Histogram: NetworkedProfile.Check recorded 1 samples, mean = 4.0 (flags = 0x41)
0  ... 
4  -O                                                                        (1 = 100.0%) {0.0%}
5  ... 

Histogram: NewTabPage.MostVisited.DeciScore.0.Local recorded 1 samples, mean = 99.0 (flags = 0x41)
0   ... 
86  -O                                                                        (1 = 100.0%) {0.0%}
113 ... 

Histogram: NewTabPage.MostVisited.DeciScore.1.Local recorded 1 samples, mean = 69.0 (flags = 0x41)
0   ... 
65  -O                                                                        (1 = 100.0%) {0.0%}
86  ... 

Histogram: NewTabPage.MostVisited.DeciScore.2.Local recorded 1 samples, mean = 30.0 (flags = 0x41)
0   ... 
28  -O                                                                        (1 = 100.0%) {0.0%}
37  ... 

Histogram: Notifications.UsingSystemNotificationCenter recorded 1 samples, mean = 0.0 (flags = 0x41)
0  -O                                                                        (1 = 100.0%)
1  ... 

Histogram: Notifications.Windows.GetDisplayedStatus recorded 1 samples, mean = 0.0 (flags = 0x41)
0  -O                                                                        (1 = 100.0%)
1  ... 

Histogram: Notifications.Windows.GetSettingStatusStartup recorded 1 samples, mean = 1.0 (flags = 0x41)
0  O                                                                         (0 = 0.0%)
1  -O                                                                        (1 = 100.0%) {0.0%}
2  O                                                                         (0 = 0.0%) {100.0%}

Histogram: Notifications.Windows.HistoryStatus recorded 1 samples, mean = 0.0 (flags = 0x41)
0  -O                                                                        (1 = 100.0%)
1  ... 

Histogram: Notifications.Windows.SetReadyCallbackStatus2 recorded 1 samples, mean = 3.0 (flags = 0x41)
0  ... 
3  -O                                                                        (1 = 100.0%) {0.0%}
4  ... 

Histogram: Notifications.Windows.StartMenuShortcutStatus recorded 1 samples, mean = 2.0 (flags = 0x41)
0  ... 
2  -O                                                                        (1 = 100.0%) {0.0%}
3  ... 

Histogram: OSCrypt.AppBoundEncryption.SupportLevel recorded 1 samples, mean = 4.0 (flags = 0x41)
0  ... 
4  -O                                                                        (1 = 100.0%) {0.0%}
5  ... 

Histogram: OSCrypt.AppBoundProvider.KeyRetrieval.Status recorded 1 samples, mean = 1.0 (flags = 0x41)
0  O                                                                         (0 = 0.0%)
1  -O                                                                        (1 = 100.0%) {0.0%}
2  ... 

Histogram: OSCrypt.AsyncInitialization.Result recorded 1 samples, mean = 1.0 (flags = 0x41)
0  O                                                                         (0 = 0.0%)
1  -O                                                                        (1 = 100.0%) {0.0%}
2  O                                                                         (0 = 0.0%) {100.0%}

Histogram: OSCrypt.AsyncInitialization.Time recorded 1 samples, mean = 0.0 (flags = 0x41)
0  -O                                                                        (1 = 100.0%)
1  ... 

Histogram: OSCrypt.DPAPIProvider.Status recorded 1 samples, mean = 0.0 (flags = 0x41)
0  -O                                                                        (1 = 100.0%)
1  ... 

Histogram: OSCrypt.Win.Decrypt.Result recorded 1 samples, mean = 1.0 (flags = 0x41)
0  O                                                                         (0 = 0.0%)
1  -O                                                                        (1 = 100.0%) {0.0%}
2  O                                                                         (0 = 0.0%) {100.0%}

Histogram: OSCrypt.Win.Decrypt.Time recorded 1 samples, mean = 0.0 (flags = 0x41)
0  -O                                                                        (1 = 100.0%)
1  ... 

Histogram: Omnibox.TemplateUrl.RlzPresent recorded 86 samples, mean = 0.0 (flags = 0x41)
0  ------------------------------------------------------------------------O (86 = 100.0%)
1  ... 

Histogram: Omnibox.TemplateUrl.SearchClientPresent recorded 86 samples, mean = 0.0 (flags = 0x41)
0  ------------------------------------------------------------------------O (86 = 100.0%)
1  ... 

Histogram: OptimizationGuide.ApplyDecision.AboutThisSite recorded 1 samples, mean = 8.0 (flags = 0x41)
0  ... 
8  -O                                                                        (1 = 100.0%) {0.0%}
9  ... 

Histogram: OptimizationGuide.ApplyDecision.HistoryClusters recorded 4 samples, mean = 3.0 (flags = 0x41)
0  ... 
3  ----O                                                                     (4 = 100.0%) {0.0%}
4  ... 

Histogram: OptimizationGuide.ApplyDecision.V8CompileHints recorded 1 samples, mean = 8.0 (flags = 0x41)
0  ... 
8  -O                                                                        (1 = 100.0%) {0.0%}
9  ... 

Histogram: OptimizationGuide.HintCacheLevelDBStore.Status recorded 3 samples, mean = 1.3 (flags = 0x41)
0  -O                                                                        (1 = 33.3%)
1  -O                                                                        (1 = 33.3%) {33.3%}
2  O                                                                         (0 = 0.0%) {66.7%}
3  -O                                                                        (1 = 33.3%) {66.7%}
4  O                                                                         (0 = 0.0%) {100.0%}

Histogram: OptimizationGuide.HintsManager.HintCacheInitialized recorded 1 samples, mean = 1.0 (flags = 0x40)
0  O                                                                         (0 = 0.0%)
1  -O                                                                        (1 = 100.0%) {0.0%}
2  O                                                                         (0 = 0.0%) {100.0%}

Histogram: OptimizationGuide.LoadedHint.Result recorded 4 samples, mean = 0.0 (flags = 0x40)
0  ----O                                                                     (4 = 100.0%)
1  ... 

Histogram: OptimizationGuide.ModelExecution.FeatureCurrentlyEnabledResult.Compose recorded 1 samples, mean = 1.0 (flags = 0x41)
0  O                                                                         (0 = 0.0%)
1  -O                                                                        (1 = 100.0%) {0.0%}
2  ... 

Histogram: OptimizationGuide.ModelExecution.FeatureCurrentlyEnabledResult.HistorySearch recorded 2 samples, mean = 3.0 (flags = 0x41)
0  ... 
3  --O                                                                       (2 = 100.0%) {0.0%}
4  ... 

Histogram: OptimizationGuide.ModelExecution.FeatureCurrentlyEnabledResult.TabOrganization recorded 1 samples, mean = 3.0 (flags = 0x41)
0  ... 
3  -O                                                                        (1 = 100.0%) {0.0%}
4  ... 

Histogram: OptimizationGuide.ModelExecution.FeatureCurrentlyEnabledResult.WallpaperSearch recorded 1 samples, mean = 1.0 (flags = 0x41)
0  O                                                                         (0 = 0.0%)
1  -O                                                                        (1 = 100.0%) {0.0%}
2  ... 

Histogram: OptimizationGuide.ModelExecution.FeatureEnabledAtStartup.Compose recorded 1 samples, mean = 0.0 (flags = 0x41)
0  -O                                                                        (1 = 100.0%)
1  ... 

Histogram: OptimizationGuide.ModelExecution.FeatureEnabledAtStartup.HistorySearch recorded 1 samples, mean = 0.0 (flags = 0x41)
0  -O                                                                        (1 = 100.0%)
1  ... 

Histogram: OptimizationGuide.ModelExecution.FeatureEnabledAtStartup.TabOrganization recorded 1 samples, mean = 0.0 (flags = 0x41)
0  -O                                                                        (1 = 100.0%)
1  ... 

Histogram: OptimizationGuide.ModelExecution.FeatureEnabledAtStartup.WallpaperSearch recorded 1 samples, mean = 0.0 (flags = 0x41)
0  -O                                                                        (1 = 100.0%)
1  ... 

Histogram: OptimizationGuide.ModelExecution.OnDeviceModelInstallCriteria.AtRegistration.All recorded 1 samples, mean = 0.0 (flags = 0x41)
0  -O                                                                        (1 = 100.0%)
1  ... 

Histogram: OptimizationGuide.ModelExecution.OnDeviceModelInstallCriteria.AtRegistration.DeviceCapability recorded 1 samples, mean = 0.0 (flags = 0x41)
0  -O                                                                        (1 = 100.0%)
1  ... 

Histogram: OptimizationGuide.ModelExecution.OnDeviceModelInstallCriteria.AtRegistration.DiskSpace recorded 1 samples, mean = 1.0 (flags = 0x41)
0  O                                                                         (0 = 0.0%)
1  -O                                                                        (1 = 100.0%) {0.0%}
2  O                                                                         (0 = 0.0%) {100.0%}

Histogram: OptimizationGuide.ModelExecution.OnDeviceModelInstallCriteria.AtRegistration.EnabledByEnterprisePolicy recorded 1 samples, mean = 1.0 (flags = 0x41)
0  O                                                                         (0 = 0.0%)
1  -O                                                                        (1 = 100.0%) {0.0%}
2  O                                                                         (0 = 0.0%) {100.0%}

Histogram: OptimizationGuide.ModelExecution.OnDeviceModelInstallCriteria.AtRegistration.EnabledByFeature recorded 1 samples, mean = 0.0 (flags = 0x41)
0  -O                                                                        (1 = 100.0%)
1  ... 

Histogram: OptimizationGuide.ModelExecution.OnDeviceModelInstallCriteria.AtRegistration.FeatureUse recorded 1 samples, mean = 0.0 (flags = 0x41)
0  -O                                                                        (1 = 100.0%)
1  ... 

Histogram: OptimizationGuide.ModelExecutor.ExecutionStatus.PageVisibility recorded 4 samples, mean = 3.0 (flags = 0x41)
0  ... 
3  ----O                                                                     (4 = 100.0%) {0.0%}
4  ... 

Histogram: OptimizationGuide.ModelExecutor.ModelAvailableToLoad.PageVisibility recorded 4 samples, mean = 0.0 (flags = 0x41)
0  ----O                                                                     (4 = 100.0%)
1  ... 

Histogram: OptimizationGuide.ModelExecutor.TaskExecutionLatency.PageVisibility recorded 4 samples, mean = 17.0 (flags = 0x41)
0   ... 
16  ----O                                                                     (4 = 100.0%) {0.0%}
20  ... 

Histogram: OptimizationGuide.ModelExecutor.TaskSchedulingLatency.PageVisibility recorded 4 samples, mean = 1.0 (flags = 0x41)
0  O                                                                         (0 = 0.0%)
1  ----O                                                                     (4 = 100.0%) {0.0%}
2  ... 

Histogram: OptimizationGuide.ModelHandler.HandlerCreated.GeolocationPermissions recorded 1 samples, mean = 1.0 (flags = 0x41)
0  O                                                                         (0 = 0.0%)
1  -O                                                                        (1 = 100.0%) {0.0%}
2  O                                                                         (0 = 0.0%) {100.0%}

Histogram: OptimizationGuide.ModelHandler.HandlerCreated.NewTabPageHistoryClustersModuleRanking recorded 1 samples, mean = 1.0 (flags = 0x41)
0  O                                                                         (0 = 0.0%)
1  -O                                                                        (1 = 100.0%) {0.0%}
2  O                                                                         (0 = 0.0%) {100.0%}

Histogram: OptimizationGuide.ModelHandler.HandlerCreated.NotificationPermissions recorded 1 samples, mean = 1.0 (flags = 0x41)
0  O                                                                         (0 = 0.0%)
1  -O                                                                        (1 = 100.0%) {0.0%}
2  O                                                                         (0 = 0.0%) {100.0%}

Histogram: OptimizationGuide.ModelHandler.HandlerCreated.OmniboxUrlScoring recorded 1 samples, mean = 1.0 (flags = 0x41)
0  O                                                                         (0 = 0.0%)
1  -O                                                                        (1 = 100.0%) {0.0%}
2  O                                                                         (0 = 0.0%) {100.0%}

Histogram: OptimizationGuide.ModelHandler.HandlerCreated.PageTopicsV2 recorded 1 samples, mean = 1.0 (flags = 0x41)
0  O                                                                         (0 = 0.0%)
1  -O                                                                        (1 = 100.0%) {0.0%}
2  O                                                                         (0 = 0.0%) {100.0%}

Histogram: OptimizationGuide.ModelHandler.HandlerCreated.PageVisibility recorded 1 samples, mean = 1.0 (flags = 0x41)
0  O                                                                         (0 = 0.0%)
1  -O                                                                        (1 = 100.0%) {0.0%}
2  O                                                                         (0 = 0.0%) {100.0%}

Histogram: OptimizationGuide.OptimizationFilterStatus.HistoryClusters recorded 2 samples, mean = 0.5 (flags = 0x41)
0  -O                                                                        (1 = 50.0%)
1  -O                                                                        (1 = 50.0%) {50.0%}
2  ... 

Histogram: OptimizationGuide.OptimizationFilterStatus.ShoppingPagePredictor recorded 2 samples, mean = 0.5 (flags = 0x41)
0  -O                                                                        (1 = 50.0%)
1  -O                                                                        (1 = 50.0%) {50.0%}
2  ... 

Histogram: OptimizationGuide.OptimizationHintsComponent.MajorVersion2 recorded 1 samples (flags = 0x41)
620  -O                                                                        (1 = 100.0%)

Histogram: OptimizationGuide.PageContentAnnotations.AnnotateVisitResultCached recorded 4 samples, mean = 0.0 (flags = 0x41)
0  ----O                                                                     (4 = 100.0%)
1  ... 

Histogram: OptimizationGuide.PageContentAnnotations.BatchRequestedSize.ContentVisibility recorded 1 samples, mean = 4.0 (flags = 0x41)
0  ... 
4  -O                                                                        (1 = 100.0%) {0.0%}
5  ... 

Histogram: OptimizationGuide.PageContentAnnotations.BatchSuccess.ContentVisibility recorded 1 samples, mean = 0.0 (flags = 0x41)
0  -O                                                                        (1 = 100.0%)
1  ... 

Histogram: OptimizationGuide.PageContentAnnotations.JobExecutionTime.ContentVisibility recorded 1 samples, mean = 17.0 (flags = 0x41)
0   ... 
16  -O                                                                        (1 = 100.0%) {0.0%}
20  ... 

Histogram: OptimizationGuide.PageContentAnnotations.JobScheduleTime.ContentVisibility recorded 1 samples, mean = 0.0 (flags = 0x41)
0  -O                                                                        (1 = 100.0%)
1  ... 

Histogram: OptimizationGuide.PageContentAnnotationsService.ContentAnnotated recorded 4 samples, mean = 0.0 (flags = 0x41)
0  ----O                                                                     (4 = 100.0%)
1  ... 

Histogram: OptimizationGuide.PredictionManager.DownloadServiceAvailabilityBlockedFetch recorded 2 samples, mean = 0.5 (flags = 0x41)
0  -O                                                                        (1 = 50.0%)
1  -O                                                                        (1 = 50.0%) {50.0%}
2  O                                                                         (0 = 0.0%) {100.0%}

Histogram: OptimizationGuide.PredictionManager.FirstModelFetchSinceServiceInit recorded 1 samples, mean = 19435.0 (flags = 0x41)
0      ... 
16411  -O                                                                        (1 = 100.0%) {0.0%}
20852  ... 

Histogram: OptimizationGuide.PredictionManager.ModelAvailableAtRegistration.ClientSidePhishing recorded 1 samples, mean = 0.0 (flags = 0x41)
0  -O                                                                        (1 = 100.0%)
1  ... 

Histogram: OptimizationGuide.PredictionManager.ModelAvailableAtRegistration.GeolocationPermissions recorded 1 samples, mean = 0.0 (flags = 0x41)
0  -O                                                                        (1 = 100.0%)
1  ... 

Histogram: OptimizationGuide.PredictionManager.ModelAvailableAtRegistration.LanguageDetection recorded 2 samples, mean = 0.0 (flags = 0x41)
0  --O                                                                       (2 = 100.0%)
1  ... 

Histogram: OptimizationGuide.PredictionManager.ModelAvailableAtRegistration.NewTabPageHistoryClustersModuleRanking recorded 1 samples, mean = 0.0 (flags = 0x41)
0  -O                                                                        (1 = 100.0%)
1  ... 

Histogram: OptimizationGuide.PredictionManager.ModelAvailableAtRegistration.NotificationPermissions recorded 1 samples, mean = 0.0 (flags = 0x41)
0  -O                                                                        (1 = 100.0%)
1  ... 

Histogram: OptimizationGuide.PredictionManager.ModelAvailableAtRegistration.OmniboxUrlScoring recorded 1 samples, mean = 0.0 (flags = 0x41)
0  -O                                                                        (1 = 100.0%)
1  ... 

Histogram: OptimizationGuide.PredictionManager.ModelAvailableAtRegistration.PageTopicsV2 recorded 1 samples, mean = 0.0 (flags = 0x41)
0  -O                                                                        (1 = 100.0%)
1  ... 

Histogram: OptimizationGuide.PredictionManager.ModelAvailableAtRegistration.PageVisibility recorded 1 samples, mean = 0.0 (flags = 0x41)
0  -O                                                                        (1 = 100.0%)
1  ... 

Histogram: OptimizationGuide.PredictionManager.ModelAvailableAtRegistration.TextSafety recorded 1 samples, mean = 0.0 (flags = 0x41)
0  -O                                                                        (1 = 100.0%)
1  ... 

Histogram: OptimizationGuide.PredictionManager.ModelAvailableAtRegistration.VisualSearchClassification recorded 1 samples, mean = 0.0 (flags = 0x41)
0  -O                                                                        (1 = 100.0%)
1  ... 

Histogram: OptimizationGuide.PredictionManager.ModelDeliveryEvents.ClientSidePhishing recorded 3 samples, mean = 6.0 (flags = 0x41)
0  ... 
3  -O                                                                        (1 = 33.3%) {0.0%}
4  ... 
7  -O                                                                        (1 = 33.3%) {33.3%}
8  -O                                                                        (1 = 33.3%) {66.7%}
9  ... 

Histogram: OptimizationGuide.PredictionManager.ModelDeliveryEvents.GeolocationPermissions recorded 3 samples, mean = 6.0 (flags = 0x41)
0  ... 
3  -O                                                                        (1 = 33.3%) {0.0%}
4  ... 
7  -O                                                                        (1 = 33.3%) {33.3%}
8  -O                                                                        (1 = 33.3%) {66.7%}
9  ... 

Histogram: OptimizationGuide.PredictionManager.ModelDeliveryEvents.LanguageDetection recorded 3 samples, mean = 6.0 (flags = 0x41)
0  ... 
3  -O                                                                        (1 = 33.3%) {0.0%}
4  ... 
7  -O                                                                        (1 = 33.3%) {33.3%}
8  -O                                                                        (1 = 33.3%) {66.7%}
9  ... 

Histogram: OptimizationGuide.PredictionManager.ModelDeliveryEvents.NewTabPageHistoryClustersModuleRanking recorded 3 samples, mean = 6.0 (flags = 0x41)
0  ... 
3  -O                                                                        (1 = 33.3%) {0.0%}
4  ... 
7  -O                                                                        (1 = 33.3%) {33.3%}
8  -O                                                                        (1 = 33.3%) {66.7%}
9  ... 

Histogram: OptimizationGuide.PredictionManager.ModelDeliveryEvents.NotificationPermissions recorded 3 samples, mean = 6.0 (flags = 0x41)
0  ... 
3  -O                                                                        (1 = 33.3%) {0.0%}
4  ... 
7  -O                                                                        (1 = 33.3%) {33.3%}
8  -O                                                                        (1 = 33.3%) {66.7%}
9  ... 

Histogram: OptimizationGuide.PredictionManager.ModelDeliveryEvents.OmniboxUrlScoring recorded 3 samples, mean = 6.0 (flags = 0x41)
0  ... 
3  -O                                                                        (1 = 33.3%) {0.0%}
4  ... 
7  -O                                                                        (1 = 33.3%) {33.3%}
8  -O                                                                        (1 = 33.3%) {66.7%}
9  ... 

Histogram: OptimizationGuide.PredictionManager.ModelDeliveryEvents.PageTopicsV2 recorded 3 samples, mean = 6.0 (flags = 0x41)
0  ... 
3  -O                                                                        (1 = 33.3%) {0.0%}
4  ... 
7  -O                                                                        (1 = 33.3%) {33.3%}
8  -O                                                                        (1 = 33.3%) {66.7%}
9  ... 

Histogram: OptimizationGuide.PredictionManager.ModelDeliveryEvents.PageVisibility recorded 3 samples, mean = 6.0 (flags = 0x41)
0  ... 
3  -O                                                                        (1 = 33.3%) {0.0%}
4  ... 
7  -O                                                                        (1 = 33.3%) {33.3%}
8  -O                                                                        (1 = 33.3%) {66.7%}
9  ... 

Histogram: OptimizationGuide.PredictionManager.ModelDeliveryEvents.TextSafety recorded 3 samples, mean = 6.0 (flags = 0x41)
0  ... 
3  -O                                                                        (1 = 33.3%) {0.0%}
4  ... 
7  -O                                                                        (1 = 33.3%) {33.3%}
8  -O                                                                        (1 = 33.3%) {66.7%}
9  ... 

Histogram: OptimizationGuide.PredictionManager.ModelDeliveryEvents.VisualSearchClassification recorded 3 samples, mean = 6.0 (flags = 0x41)
0  ... 
3  -O                                                                        (1 = 33.3%) {0.0%}
4  ... 
7  -O                                                                        (1 = 33.3%) {33.3%}
8  -O                                                                        (1 = 33.3%) {66.7%}
9  ... 

Histogram: OptimizationGuide.PredictionManager.RegistrationTimeSinceServiceInit.ClientSidePhishing recorded 1 samples, mean = 0.0 (flags = 0x41)
0  -O                                                                        (1 = 100.0%)
1  ... 

Histogram: OptimizationGuide.PredictionManager.RegistrationTimeSinceServiceInit.GeolocationPermissions recorded 1 samples, mean = 0.0 (flags = 0x41)
0  -O                                                                        (1 = 100.0%)
1  ... 

Histogram: OptimizationGuide.PredictionManager.RegistrationTimeSinceServiceInit.LanguageDetection recorded 2 samples, mean = 6.0 (flags = 0x41)
0   -O                                                                        (1 = 50.0%)
1   ... 
10  -O                                                                        (1 = 50.0%) {50.0%}
13  ... 

Histogram: OptimizationGuide.PredictionManager.RegistrationTimeSinceServiceInit.NewTabPageHistoryClustersModuleRanking recorded 1 samples, mean = 0.0 (flags = 0x41)
0  -O                                                                        (1 = 100.0%)
1  ... 

Histogram: OptimizationGuide.PredictionManager.RegistrationTimeSinceServiceInit.NotificationPermissions recorded 1 samples, mean = 0.0 (flags = 0x41)
0  -O                                                                        (1 = 100.0%)
1  ... 

Histogram: OptimizationGuide.PredictionManager.RegistrationTimeSinceServiceInit.OmniboxUrlScoring recorded 1 samples, mean = 0.0 (flags = 0x41)
0  -O                                                                        (1 = 100.0%)
1  ... 

Histogram: OptimizationGuide.PredictionManager.RegistrationTimeSinceServiceInit.PageTopicsV2 recorded 1 samples, mean = 0.0 (flags = 0x41)
0  -O                                                                        (1 = 100.0%)
1  ... 

Histogram: OptimizationGuide.PredictionManager.RegistrationTimeSinceServiceInit.PageVisibility recorded 1 samples, mean = 0.0 (flags = 0x41)
0  -O                                                                        (1 = 100.0%)
1  ... 

Histogram: OptimizationGuide.PredictionManager.RegistrationTimeSinceServiceInit.TextSafety recorded 1 samples, mean = 0.0 (flags = 0x41)
0  -O                                                                        (1 = 100.0%)
1  ... 

Histogram: OptimizationGuide.PredictionManager.RegistrationTimeSinceServiceInit.VisualSearchClassification recorded 1 samples, mean = 0.0 (flags = 0x41)
0  -O                                                                        (1 = 100.0%)
1  ... 

Histogram: OptimizationGuide.PredictionManager.StoreInitialized recorded 1 samples, mean = 1.0 (flags = 0x40)
0  O                                                                         (0 = 0.0%)
1  -O                                                                        (1 = 100.0%) {0.0%}
2  O                                                                         (0 = 0.0%) {100.0%}

Histogram: OptimizationGuide.PredictionManager.SupportedModelEngineVersion recorded 2 samples, mean = 18.0 (flags = 0x40)
0   ... 
18  --O                                                                       (2 = 100.0%) {0.0%}
19  ... 

Histogram: OptimizationGuide.PredictionModelFetcher.GetModelsResponse.NetErrorCode recorded 1 samples (flags = 0x41)
379  -O                                                                        (1 = 100.0%)

Histogram: OptimizationGuide.PredictionModelFetcher.GetModelsResponse.NetErrorCode.ClientSidePhishing recorded 1 samples (flags = 0x41)
379  -O                                                                        (1 = 100.0%)

Histogram: OptimizationGuide.PredictionModelFetcher.GetModelsResponse.NetErrorCode.GeolocationPermissions recorded 1 samples (flags = 0x41)
379  -O                                                                        (1 = 100.0%)

Histogram: OptimizationGuide.PredictionModelFetcher.GetModelsResponse.NetErrorCode.LanguageDetection recorded 1 samples (flags = 0x41)
379  -O                                                                        (1 = 100.0%)

Histogram: OptimizationGuide.PredictionModelFetcher.GetModelsResponse.NetErrorCode.NewTabPageHistoryClustersModuleRanking recorded 1 samples (flags = 0x41)
379  -O                                                                        (1 = 100.0%)

Histogram: OptimizationGuide.PredictionModelFetcher.GetModelsResponse.NetErrorCode.NotificationPermissions recorded 1 samples (flags = 0x41)
379  -O                                                                        (1 = 100.0%)

Histogram: OptimizationGuide.PredictionModelFetcher.GetModelsResponse.NetErrorCode.OmniboxUrlScoring recorded 1 samples (flags = 0x41)
379  -O                                                                        (1 = 100.0%)

Histogram: OptimizationGuide.PredictionModelFetcher.GetModelsResponse.NetErrorCode.PageTopicsV2 recorded 1 samples (flags = 0x41)
379  -O                                                                        (1 = 100.0%)

Histogram: OptimizationGuide.PredictionModelFetcher.GetModelsResponse.NetErrorCode.PageVisibility recorded 1 samples (flags = 0x41)
379  -O                                                                        (1 = 100.0%)

Histogram: OptimizationGuide.PredictionModelFetcher.GetModelsResponse.NetErrorCode.TextSafety recorded 1 samples (flags = 0x41)
379  -O                                                                        (1 = 100.0%)

Histogram: OptimizationGuide.PredictionModelFetcher.GetModelsResponse.NetErrorCode.VisualSearchClassification recorded 1 samples (flags = 0x41)
379  -O                                                                        (1 = 100.0%)

Histogram: OptimizationGuide.PredictionModelFetcher.GetModelsResponse.Status recorded 1 samples, mean = 400.0 (flags = 0x41)
0    ... 
400  -O                                                                        (1 = 100.0%) {0.0%}
401  ... 

Histogram: OptimizationGuide.PredictionModelFetcher.GetModelsResponse.Status.ClientSidePhishing recorded 1 samples, mean = 400.0 (flags = 0x41)
0    ... 
400  -O                                                                        (1 = 100.0%) {0.0%}
401  ... 

Histogram: OptimizationGuide.PredictionModelFetcher.GetModelsResponse.Status.GeolocationPermissions recorded 1 samples, mean = 400.0 (flags = 0x41)
0    ... 
400  -O                                                                        (1 = 100.0%) {0.0%}
401  ... 

Histogram: OptimizationGuide.PredictionModelFetcher.GetModelsResponse.Status.LanguageDetection recorded 1 samples, mean = 400.0 (flags = 0x41)
0    ... 
400  -O                                                                        (1 = 100.0%) {0.0%}
401  ... 

Histogram: OptimizationGuide.PredictionModelFetcher.GetModelsResponse.Status.NewTabPageHistoryClustersModuleRanking recorded 1 samples, mean = 400.0 (flags = 0x41)
0    ... 
400  -O                                                                        (1 = 100.0%) {0.0%}
401  ... 

Histogram: OptimizationGuide.PredictionModelFetcher.GetModelsResponse.Status.NotificationPermissions recorded 1 samples, mean = 400.0 (flags = 0x41)
0    ... 
400  -O                                                                        (1 = 100.0%) {0.0%}
401  ... 

Histogram: OptimizationGuide.PredictionModelFetcher.GetModelsResponse.Status.OmniboxUrlScoring recorded 1 samples, mean = 400.0 (flags = 0x41)
0    ... 
400  -O                                                                        (1 = 100.0%) {0.0%}
401  ... 

Histogram: OptimizationGuide.PredictionModelFetcher.GetModelsResponse.Status.PageTopicsV2 recorded 1 samples, mean = 400.0 (flags = 0x41)
0    ... 
400  -O                                                                        (1 = 100.0%) {0.0%}
401  ... 

Histogram: OptimizationGuide.PredictionModelFetcher.GetModelsResponse.Status.PageVisibility recorded 1 samples, mean = 400.0 (flags = 0x41)
0    ... 
400  -O                                                                        (1 = 100.0%) {0.0%}
401  ... 

Histogram: OptimizationGuide.PredictionModelFetcher.GetModelsResponse.Status.TextSafety recorded 1 samples, mean = 400.0 (flags = 0x41)
0    ... 
400  -O                                                                        (1 = 100.0%) {0.0%}
401  ... 

Histogram: OptimizationGuide.PredictionModelFetcher.GetModelsResponse.Status.VisualSearchClassification recorded 1 samples, mean = 400.0 (flags = 0x41)
0    ... 
400  -O                                                                        (1 = 100.0%) {0.0%}
401  ... 

Histogram: OptimizationGuide.ProcessHintsResult recorded 1 samples, mean = 5.0 (flags = 0x41)
0  ... 
5  -O                                                                        (1 = 100.0%) {0.0%}
6  ... 

Histogram: OptimizationGuide.ProcessingComponentAtShutdown recorded 1 samples, mean = 0.0 (flags = 0x41)
0  -O                                                                        (1 = 100.0%)
1  ... 

Histogram: OptimizationGuide.RemoteFetchingEnabled recorded 1 samples, mean = 0.0 (flags = 0x41)
0  -O                                                                        (1 = 100.0%)
1  ... 

Histogram: OptimizationGuide.UpdateComponentHints.Result recorded 1 samples, mean = 0.0 (flags = 0x40)
0  -O                                                                        (1 = 100.0%)
1  ... 

Histogram: OriginTrials.PersistentOriginTrial.LevelDbInitSuccess recorded 1 samples, mean = 0.0 (flags = 0x41)
0  -O                                                                        (1 = 100.0%)
1  ... 

Histogram: PageActionController.ExtensionsWithPageActions recorded 1 samples, mean = 0.0 (flags = 0x41)
0  -O                                                                        (1 = 100.0%)
1  ... 

Histogram: PageContentAnnotations.AnnotateVisit.AnnotationRequestQueued recorded 4 samples, mean = 1.0 (flags = 0x40)
0  O                                                                         (0 = 0.0%)
1  ----O                                                                     (4 = 100.0%) {0.0%}
2  O                                                                         (0 = 0.0%) {100.0%}

Histogram: PageContentAnnotations.AnnotateVisit.AnnotationRequested recorded 4 samples, mean = 1.0 (flags = 0x40)
0  O                                                                         (0 = 0.0%)
1  ----O                                                                     (4 = 100.0%) {0.0%}
2  O                                                                         (0 = 0.0%) {100.0%}

Histogram: PageContentAnnotations.AnnotateVisit.BatchAnnotationStarted recorded 1 samples, mean = 1.0 (flags = 0x40)
0  O                                                                         (0 = 0.0%)
1  -O                                                                        (1 = 100.0%) {0.0%}
2  O                                                                         (0 = 0.0%) {100.0%}

Histogram: PageLoad.Clients.Ads.AllPages.NonAdNetworkBytes recorded 1 samples, mean = 125.0 (flags = 0x41)
0    ... 
108  -O                                                                        (1 = 100.0%) {0.0%}
141  ... 

Histogram: PageLoad.Clients.Ads.AllPages.PercentNetworkBytesAds recorded 1 samples, mean = 0.0 (flags = 0x41)
0  -O                                                                        (1 = 100.0%)
1  ... 

Histogram: PageLoad.Clients.Ads.AllPages.PercentTotalBytesAds recorded 1 samples, mean = 0.0 (flags = 0x41)
0  -O                                                                        (1 = 100.0%)
1  ... 

Histogram: PageLoad.Clients.Ads.AverageViewportAdDensity recorded 1 samples, mean = 0.0 (flags = 0x41)
0  -O                                                                        (1 = 100.0%)
1  ... 

Histogram: PageLoad.Clients.Ads.FrameCounts.AdFrames.Total recorded 1 samples, mean = 0.0 (flags = 0x41)
0  -O                                                                        (1 = 100.0%)
1  ... 

Histogram: PageLoad.Clients.Ads.NonVisible.FrameCounts.AdFrames.Total recorded 1 samples, mean = 0.0 (flags = 0x41)
0  -O                                                                        (1 = 100.0%)
1  ... 

Histogram: PageLoad.Clients.Ads.Visible.FrameCounts.AdFrames.Total recorded 1 samples, mean = 0.0 (flags = 0x41)
0  -O                                                                        (1 = 100.0%)
1  ... 

Histogram: PageLoad.Clients.CrossOrigin.LayoutInstability.CumulativeShiftScore recorded 1 samples, mean = 0.0 (flags = 0x41)
0  -O                                                                        (1 = 100.0%)
1  ... 

Histogram: PageLoad.Clients.CrossOrigin.LayoutInstability.CumulativeShiftScore.MainFrame recorded 1 samples, mean = 0.0 (flags = 0x41)
0  -O                                                                        (1 = 100.0%)
1  ... 

Histogram: PageLoad.Clients.Leakage2.AbandonReasonAt.LoaderStart recorded 1 samples, mean = 10.0 (flags = 0x41)
0   ... 
10  -O                                                                        (1 = 100.0%) {0.0%}
11  ... 

Histogram: PageLoad.Clients.Leakage2.LastMilestoneBeforeAbandon.NewReloadNavigation recorded 1 samples, mean = 1.0 (flags = 0x41)
0  O                                                                         (0 = 0.0%)
1  -O                                                                        (1 = 100.0%) {0.0%}
2  ... 

Histogram: PageLoad.Clients.Leakage2.LoaderStartToAbandon.NewReloadNavigation recorded 1 samples, mean = 18522.0 (flags = 0x41)
0      ... 
18413  -O                                                                        (1 = 100.0%) {0.0%}
20603  ... 

Histogram: PageLoad.Clients.Leakage2.NavigationStart recorded 2 samples, mean = 19818.5 (flags = 0x41)
0      ... 
18413  -O                                                                        (1 = 50.0%) {0.0%}
20603  -O                                                                        (1 = 50.0%) {50.0%}
23054  ... 

Histogram: PageLoad.Clients.Leakage2.NavigationStartToCommitReceived recorded 1 samples, mean = 21050.0 (flags = 0x41)
0      ... 
20603  -O                                                                        (1 = 100.0%) {0.0%}
23054  ... 

Histogram: PageLoad.Clients.Leakage2.NavigationStartToCommitSent recorded 1 samples, mean = 21019.0 (flags = 0x41)
0      ... 
20603  -O                                                                        (1 = 100.0%) {0.0%}
23054  ... 

Histogram: PageLoad.Clients.Leakage2.NavigationStartToDOMContentLoaded recorded 1 samples, mean = 23151.0 (flags = 0x41)
0      ... 
23054  -O                                                                        (1 = 100.0%) {0.0%}
25796  ... 

Histogram: PageLoad.Clients.Leakage2.NavigationStartToDidCommit recorded 1 samples, mean = 21080.0 (flags = 0x41)
0      ... 
20603  -O                                                                        (1 = 100.0%) {0.0%}
23054  ... 

Histogram: PageLoad.Clients.Leakage2.NavigationStartToFirstRedirectResponseLoaderCallback recorded 1 samples, mean = 20778.0 (flags = 0x41)
0      ... 
20603  -O                                                                        (1 = 100.0%) {0.0%}
23054  ... 

Histogram: PageLoad.Clients.Leakage2.NavigationStartToFirstRedirectResponseStart recorded 1 samples, mean = 20730.0 (flags = 0x41)
0      ... 
20603  -O                                                                        (1 = 100.0%) {0.0%}
23054  ... 

Histogram: PageLoad.Clients.Leakage2.NavigationStartToFirstRedirectedRequestStart recorded 1 samples, mean = 20399.0 (flags = 0x41)
0      ... 
18413  -O                                                                        (1 = 100.0%) {0.0%}
20603  ... 

Histogram: PageLoad.Clients.Leakage2.NavigationStartToLoadStarted recorded 1 samples, mean = 24079.0 (flags = 0x41)
0      ... 
23054  -O                                                                        (1 = 100.0%) {0.0%}
25796  ... 

Histogram: PageLoad.Clients.Leakage2.NavigationStartToLoaderStart recorded 2 samples, mean = 9272.0 (flags = 0x41)
0      ... 
30     -O                                                                        (1 = 50.0%) {0.0%}
34     ... 
18413  -O                                                                        (1 = 50.0%) {50.0%}
20603  ... 

Histogram: PageLoad.Clients.Leakage2.NavigationStartToNonRedirectResponseLoaderCallback recorded 1 samples, mean = 21007.0 (flags = 0x41)
0      ... 
20603  -O                                                                        (1 = 100.0%) {0.0%}
23054  ... 

Histogram: PageLoad.Clients.Leakage2.NavigationStartToNonRedirectResponseStart recorded 1 samples, mean = 20992.0 (flags = 0x41)
0      ... 
20603  -O                                                                        (1 = 100.0%) {0.0%}
23054  ... 

Histogram: PageLoad.Clients.Leakage2.NavigationStartToNonRedirectedRequestStart recorded 1 samples, mean = 20825.0 (flags = 0x41)
0      ... 
20603  -O                                                                        (1 = 100.0%) {0.0%}
23054  ... 

Histogram: PageLoad.Clients.Leakage2.NavigationStartToParseStart recorded 1 samples, mean = 21091.0 (flags = 0x41)
0      ... 
20603  -O                                                                        (1 = 100.0%) {0.0%}
23054  ... 

Histogram: PageLoad.Clients.Leakage2.RendererProcessCreatedBeforeNav recorded 1 samples, mean = 1.0 (flags = 0x41)
0  O                                                                         (0 = 0.0%)
1  -O                                                                        (1 = 100.0%) {0.0%}
2  O                                                                         (0 = 0.0%) {100.0%}

Histogram: PageLoad.Clients.LinkPreview.Usage recorded 1 samples, mean = 0.0 (flags = 0x41)
0  -O                                                                        (1 = 100.0%)
1  ... 

Histogram: PageLoad.Clients.MultiTabLoading.WithTabCount_0.DocumentTiming.NavigationToDOMContentLoadedEventFired recorded 1 samples, mean = 23151.0 (flags = 0x41)
0      ... 
23054  -O                                                                        (1 = 100.0%) {0.0%}
25796  ... 

Histogram: PageLoad.Clients.MultiTabLoading.WithTabCount_0.DocumentTiming.NavigationToLoadEventFired recorded 1 samples, mean = 24079.0 (flags = 0x41)
0      ... 
23054  -O                                                                        (1 = 100.0%) {0.0%}
25796  ... 

Histogram: PageLoad.Clients.MultiTabLoading.With_0_OtherLoading.DocumentTiming.NavigationToDOMContentLoadedEventFired recorded 1 samples, mean = 23151.0 (flags = 0x41)
0      ... 
23054  -O                                                                        (1 = 100.0%) {0.0%}
25796  ... 

Histogram: PageLoad.Clients.MultiTabLoading.With_0_OtherLoading.DocumentTiming.NavigationToLoadEventFired recorded 1 samples, mean = 24079.0 (flags = 0x41)
0      ... 
23054  -O                                                                        (1 = 100.0%) {0.0%}
25796  ... 

Histogram: PageLoad.Clients.PerformanceManager.LoadedIdleWithoutLCP recorded 1 samples, mean = 26135.0 (flags = 0x41)
0      ... 
20852  -O                                                                        (1 = 100.0%) {0.0%}
26495  ... 

Histogram: PageLoad.Clients.PerformanceManager.LoadedIdleWithoutLCP.Foreground recorded 1 samples, mean = 26135.0 (flags = 0x41)
0      ... 
20852  -O                                                                        (1 = 100.0%) {0.0%}
26495  ... 

Histogram: PageLoad.Clients.Protocol.H2.DocumentTiming.NavigationToDOMContentLoadedEventFired recorded 1 samples, mean = 23151.0 (flags = 0x41)
0      ... 
23054  -O                                                                        (1 = 100.0%) {0.0%}
25796  ... 

Histogram: PageLoad.Clients.Protocol.H2.DocumentTiming.NavigationToLoadEventFired recorded 1 samples, mean = 24079.0 (flags = 0x41)
0      ... 
23054  -O                                                                        (1 = 100.0%) {0.0%}
25796  ... 

Histogram: PageLoad.Clients.Protocol.H2.ParseTiming.NavigationToParseStart recorded 1 samples, mean = 21091.0 (flags = 0x41)
0      ... 
20603  -O                                                                        (1 = 100.0%) {0.0%}
23054  ... 

Histogram: PageLoad.Clients.Scheme.HTTPS.ParseTiming.NavigationToParseStart recorded 1 samples, mean = 21091.0 (flags = 0x41)
0      ... 
20603  -O                                                                        (1 = 100.0%) {0.0%}
23054  ... 

Histogram: PageLoad.Clients.SubresourceLoading.DaysSinceLastVisitToOrigin recorded 1 samples, mean = 0.0 (flags = 0x40)
0  -O                                                                        (1 = 100.0%)
1  ... 

Histogram: PageLoad.Clients.SubresourceLoading.HasPreviousVisitToOrigin recorded 1 samples, mean = 1.0 (flags = 0x40)
0  O                                                                         (0 = 0.0%)
1  -O                                                                        (1 = 100.0%) {0.0%}
2  O                                                                         (0 = 0.0%) {100.0%}

Histogram: PageLoad.Clients.TPCD.CookieAccess.ThirdPartyCookieAllowMechanism3 recorded 1 samples, mean = 2.0 (flags = 0x41)
0  ... 
2  -O                                                                        (1 = 100.0%) {0.0%}
3  ... 

Histogram: PageLoad.Clients.TPCD.ThirdPartyCookieAccessBlockedByExperiment2 recorded 1 samples, mean = 0.0 (flags = 0x41)
0  -O                                                                        (1 = 100.0%)
1  ... 

Histogram: PageLoad.Clients.ThirdParty.Origins.CookieRead2 recorded 1 samples, mean = 0.0 (flags = 0x41)
0  -O                                                                        (1 = 100.0%)
1  ... 

Histogram: PageLoad.Cpu.TotalUsage recorded 1 samples, mean = 2300.0 (flags = 0x41)
0     ... 
2176  -O                                                                        (1 = 100.0%) {0.0%}
2435  ... 

Histogram: PageLoad.Cpu.TotalUsageForegrounded recorded 1 samples, mean = 2300.0 (flags = 0x41)
0     ... 
2176  -O                                                                        (1 = 100.0%) {0.0%}
2435  ... 

Histogram: PageLoad.DocumentTiming.NavigationToDOMContentLoadedEventFired recorded 1 samples, mean = 23151.0 (flags = 0x41)
0      ... 
23054  -O                                                                        (1 = 100.0%) {0.0%}
25796  ... 

Histogram: PageLoad.DocumentTiming.NavigationToLoadEventFired recorded 1 samples, mean = 24079.0 (flags = 0x41)
0      ... 
23054  -O                                                                        (1 = 100.0%) {0.0%}
25796  ... 

Histogram: PageLoad.Experimental.NavigationTiming.FinalLoaderCallbackToNavigationCommitSent recorded 1 samples, mean = 12.0 (flags = 0x41)
0   ... 
12  -O                                                                        (1 = 100.0%) {0.0%}
13  ... 

Histogram: PageLoad.Experimental.NavigationTiming.FinalRequestStartToFinalResponseStart recorded 1 samples, mean = 167.0 (flags = 0x41)
0    ... 
164  -O                                                                        (1 = 100.0%) {0.0%}
184  ... 

Histogram: PageLoad.Experimental.NavigationTiming.FinalResponseStartToFinalLoaderCallback recorded 1 samples, mean = 14.0 (flags = 0x41)
0   ... 
13  -O                                                                        (1 = 100.0%) {0.0%}
15  ... 

Histogram: PageLoad.Experimental.NavigationTiming.FirstRequestStartToFirstResponseStart recorded 1 samples, mean = 331.0 (flags = 0x41)
0    ... 
322  -O                                                                        (1 = 100.0%) {0.0%}
360  ... 

Histogram: PageLoad.Experimental.NavigationTiming.FirstResponseStartToFirstLoaderCallback recorded 1 samples, mean = 48.0 (flags = 0x41)
0   ... 
48  -O                                                                        (1 = 100.0%) {0.0%}
54  ... 

Histogram: PageLoad.Experimental.NavigationTiming.NavigationStartToFinalLoaderCallback recorded 1 samples, mean = 21007.0 (flags = 0x41)
0      ... 
20603  -O                                                                        (1 = 100.0%) {0.0%}
23054  ... 

Histogram: PageLoad.Experimental.NavigationTiming.NavigationStartToFinalRequestStart recorded 1 samples, mean = 20825.0 (flags = 0x41)
0      ... 
20603  -O                                                                        (1 = 100.0%) {0.0%}
23054  ... 

Histogram: PageLoad.Experimental.NavigationTiming.NavigationStartToFinalResponseStart recorded 1 samples, mean = 20992.0 (flags = 0x41)
0      ... 
20603  -O                                                                        (1 = 100.0%) {0.0%}
23054  ... 

Histogram: PageLoad.Experimental.NavigationTiming.NavigationStartToFirstLoaderCallback recorded 1 samples, mean = 20778.0 (flags = 0x41)
0      ... 
20603  -O                                                                        (1 = 100.0%) {0.0%}
23054  ... 

Histogram: PageLoad.Experimental.NavigationTiming.NavigationStartToFirstRequestStart recorded 1 samples, mean = 20399.0 (flags = 0x41)
0      ... 
18413  -O                                                                        (1 = 100.0%) {0.0%}
20603  ... 

Histogram: PageLoad.Experimental.NavigationTiming.NavigationStartToFirstResponseStart recorded 1 samples, mean = 20730.0 (flags = 0x41)
0      ... 
20603  -O                                                                        (1 = 100.0%) {0.0%}
23054  ... 

Histogram: PageLoad.Experimental.NavigationTiming.NavigationStartToNavigationCommitSent recorded 1 samples, mean = 21019.0 (flags = 0x41)
0      ... 
20603  -O                                                                        (1 = 100.0%) {0.0%}
23054  ... 

Histogram: PageLoad.Experimental.PageTiming.CachedResourceLoadTime. recorded 1 samples, mean = 339.0 (flags = 0x41)
0    ... 
280  -O                                                                        (1 = 100.0%) {0.0%}
356  ... 

Histogram: PageLoad.Experimental.PageTiming.CachedResourceLoadTime.font recorded 5 samples, mean = 32.6 (flags = 0x41)
0   ... 
20  -O                                                                        (1 = 20.0%) {0.0%}
25  -O                                                                        (1 = 20.0%) {20.0%}
32  --O                                                                       (2 = 40.0%) {40.0%}
41  -O                                                                        (1 = 20.0%) {80.0%}
52  ... 

Histogram: PageLoad.Experimental.PageTiming.CachedResourceLoadTime.image recorded 1 samples, mean = 6.0 (flags = 0x41)
0  ... 
6  -O                                                                        (1 = 100.0%) {0.0%}
8  ... 

Histogram: PageLoad.Experimental.PageTiming.CachedResourceLoadTime.manifest recorded 1 samples, mean = 434.0 (flags = 0x41)
0    ... 
356  -O                                                                        (1 = 100.0%) {0.0%}
452  ... 

Histogram: PageLoad.Experimental.PageTiming.CachedResourceLoadTime.script recorded 22 samples, mean = 53.0 (flags = 0x41)
0    O                                                                         (0 = 0.0%)
1    -O                                                                        (1 = 4.5%) {0.0%}
2    ... 
13   -O                                                                        (1 = 4.5%) {4.5%}
16   ... 
25   ------O                                                                   (6 = 27.3%) {9.1%}
32   -----O                                                                    (5 = 22.7%) {36.4%}
41   ----O                                                                     (4 = 18.2%) {59.1%}
52   ----O                                                                     (4 = 18.2%) {77.3%}
66   ... 
356  -O                                                                        (1 = 4.5%) {95.5%}
452  ... 

Histogram: PageLoad.Experimental.PageTiming.CachedResourceLoadTime.style recorded 8 samples, mean = 73.6 (flags = 0x41)
0    ... 
25   ------O                                                                   (6 = 75.0%) {0.0%}
32   -O                                                                        (1 = 12.5%) {75.0%}
41   ... 
356  -O                                                                        (1 = 12.5%) {87.5%}
452  ... 

Histogram: PageLoad.Experimental.PageTiming.CommitSentToFirstSubresourceLoadStart recorded 1 samples, mean = 149.0 (flags = 0x41)
0    ... 
147  -O                                                                        (1 = 100.0%) {0.0%}
164  ... 

Histogram: PageLoad.Experimental.PageTiming.NavigationToFirstSubresourceLoadStart recorded 1 samples, mean = 21168.0 (flags = 0x41)
0      ... 
20603  -O                                                                        (1 = 100.0%) {0.0%}
23054  ... 

Histogram: PageLoad.Experimental.PageTiming.ResourceLoadTime. recorded 4 samples, mean = 144.5 (flags = 0x41)
0    ... 
66   -O                                                                        (1 = 25.0%) {0.0%}
84   ... 
136  --O                                                                       (2 = 50.0%) {25.0%}
173  -O                                                                        (1 = 25.0%) {75.0%}
220  ... 

Histogram: PageLoad.Experimental.PageTiming.ResourceLoadTime.document recorded 1 samples, mean = 174.0 (flags = 0x41)
0    ... 
173  -O                                                                        (1 = 100.0%) {0.0%}
220  ... 

Histogram: PageLoad.Experimental.PageTiming.ResourceLoadTime.image recorded 2 samples, mean = 88.5 (flags = 0x41)
0   ... 
84  --O                                                                       (2 = 100.0%) {0.0%}
107 ... 

Histogram: PageLoad.Experimental.PageTiming.ResourceLoadTime.script recorded 2 samples, mean = 198.5 (flags = 0x41)
0    ... 
66   -O                                                                        (1 = 50.0%) {0.0%}
84   ... 
280  -O                                                                        (1 = 50.0%) {50.0%}
356  ... 

Histogram: PageLoad.Experimental.PageVisitFinalStatus recorded 1 samples, mean = 1.0 (flags = 0x41)
0  O                                                                         (0 = 0.0%)
1  -O                                                                        (1 = 100.0%) {0.0%}
2  ... 

Histogram: PageLoad.Experimental.PageVisitType2 recorded 1 samples, mean = 6.0 (flags = 0x41)
0  ... 
6  -O                                                                        (1 = 100.0%) {0.0%}
7  ... 

Histogram: PageLoad.Experimental.PaintTiming.FirstEligibleToPaintToFirstPaint recorded 1 samples, mean = 491.0 (flags = 0x41)
0    ... 
451  -O                                                                        (1 = 100.0%) {0.0%}
505  ... 

Histogram: PageLoad.Experimental.TotalForegroundDuration recorded 1 samples, mean = 4522525.0 (flags = 0x41)
0        ... 
3600000  -O                                                                        (1 = 100.0%) {0.0%}

Histogram: PageLoad.Experimental.TotalForegroundDuration.AllVisit recorded 1 samples, mean = 4522525.0 (flags = 0x41)
0        ... 
3600000  -O                                                                        (1 = 100.0%) {0.0%}

Histogram: PageLoad.Experimental.TotalForegroundDuration.IndependentUIVisit recorded 1 samples, mean = 4522525.0 (flags = 0x41)
0        ... 
3600000  -O                                                                        (1 = 100.0%) {0.0%}

Histogram: PageLoad.Expermental.SoftNavigations.Count recorded 1 samples, mean = 0.0 (flags = 0x41)
0  -O                                                                        (1 = 100.0%)
1  ... 

Histogram: PageLoad.Internal.ErrorCode recorded 1 samples, mean = 17.0 (flags = 0x41)
0   ... 
17  -O                                                                        (1 = 100.0%) {0.0%}
18  O                                                                         (0 = 0.0%) {100.0%}

Histogram: PageLoad.Internal.PageLoadTimingStatus recorded 13 samples, mean = 0.0 (flags = 0x41)
0  -------------O                                                            (13 = 100.0%)
1  ... 

Histogram: PageLoad.Internal.PageLoadTimingStatus.AtTimingCallbackDispatch recorded 5 samples, mean = 0.0 (flags = 0x41)
0  -----O                                                                    (5 = 100.0%)
1  ... 

Histogram: PageLoad.Internal.PageType recorded 2 samples, mean = 0.0 (flags = 0x41)
0  --O                                                                       (2 = 100.0%)
1  ... 

Histogram: PageLoad.Internal.SuppressedEventsBeforeMissingFirstPaint recorded 1 samples, mean = 0.0 (flags = 0x41)
0  -O                                                                        (1 = 100.0%)
1  ... 

Histogram: PageLoad.Internal.SuppressedEventsCountBeforePaint3 recorded 1 samples, mean = 0.0 (flags = 0x41)
0  -O                                                                        (1 = 100.0%)
1  ... 

Histogram: PageLoad.Internal.SuppressedEventsTimingBeforePaint3 recorded 1 samples, mean = 0.0 (flags = 0x41)
0  -O                                                                        (1 = 100.0%)
1  ... 

Histogram: PageLoad.Internal.SuppressedInteractionsCountBeforePaint3 recorded 1 samples, mean = 0.0 (flags = 0x41)
0  -O                                                                        (1 = 100.0%)
1  ... 

Histogram: PageLoad.LayoutInstability.CumulativeShiftScore recorded 1 samples, mean = 0.0 (flags = 0x41)
0  -O                                                                        (1 = 100.0%)
1  ... 

Histogram: PageLoad.LayoutInstability.CumulativeShiftScore.MainFrame recorded 1 samples, mean = 0.0 (flags = 0x41)
0  -O                                                                        (1 = 100.0%)
1  ... 

Histogram: PageLoad.LayoutInstability.MaxCumulativeShiftScore.SessionWindow.Gap1000ms.Max5000ms recorded 1 samples, mean = 0.0 (flags = 0x41)
0  -O                                                                        (1 = 100.0%)
1  ... 

Histogram: PageLoad.LayoutInstability.MaxCumulativeShiftScore.SessionWindow.Gap1000ms.Max5000ms2 recorded 1 samples, mean = 0.0 (flags = 0x41)
0  -O                                                                        (1 = 100.0%)
1  ... 

Histogram: PageLoad.PageTiming.ForegroundDuration recorded 1 samples, mean = 4522524.0 (flags = 0x41)
0        ... 
3600000  -O                                                                        (1 = 100.0%) {0.0%}

Histogram: PageLoad.PageTiming.ForegroundDuration.AfterPaint recorded 1 samples, mean = 4500409.0 (flags = 0x41)
0        ... 
3600000  -O                                                                        (1 = 100.0%) {0.0%}

Histogram: PageLoad.PageTiming.ForegroundDuration.NoCommit recorded 1 samples, mean = 44.0 (flags = 0x41)
0   ... 
41  -O                                                                        (1 = 100.0%) {0.0%}
47  ... 

Histogram: PageLoad.PageTiming.ForegroundDuration.WithPaint recorded 1 samples, mean = 4522524.0 (flags = 0x41)
0        ... 
3600000  -O                                                                        (1 = 100.0%) {0.0%}

Histogram: PageLoad.PaintTiming.NavigationToFirstPaint recorded 1 samples, mean = 22115.0 (flags = 0x41)
0      ... 
20603  -O                                                                        (1 = 100.0%) {0.0%}
23054  ... 

Histogram: PageLoad.ParseTiming.NavigationToParseStart recorded 1 samples, mean = 21091.0 (flags = 0x41)
0      ... 
20603  -O                                                                        (1 = 100.0%) {0.0%}
23054  ... 

Histogram: PageLoad.ParseTiming.NavigationToParseStart.LoadType.NewNavigation recorded 1 samples, mean = 21091.0 (flags = 0x41)
0      ... 
20603  -O                                                                        (1 = 100.0%) {0.0%}
23054  ... 

Histogram: PageLoad.ParseTiming.ParseBlockedOnScriptExecution recorded 1 samples, mean = 49.0 (flags = 0x41)
0   ... 
48  -O                                                                        (1 = 100.0%) {0.0%}
54  ... 

Histogram: PageLoad.ParseTiming.ParseBlockedOnScriptExecutionFromDocumentWrite recorded 1 samples, mean = 0.0 (flags = 0x41)
0  -O                                                                        (1 = 100.0%)
10 ... 

Histogram: PageLoad.ParseTiming.ParseBlockedOnScriptLoad recorded 1 samples, mean = 363.0 (flags = 0x41)
0    ... 
360  -O                                                                        (1 = 100.0%) {0.0%}
403  ... 

Histogram: PaintHolding.CommitTrigger2 recorded 1 samples, mean = 3.0 (flags = 0x41)
0  ... 
3  -O                                                                        (1 = 100.0%) {0.0%}
4  ... 

Histogram: PasswordManager.AccountStore.InaccessiblePasswords3 recorded 1 samples, mean = 0.0 (flags = 0x41)
0  -O                                                                        (1 = 100.0%)
1  ... 

Histogram: PasswordManager.AccountStore.LoginDatabaseEncryptionStatus recorded 1 samples, mean = 0.0 (flags = 0x41)
0  -O                                                                        (1 = 100.0%)
1  ... 

Histogram: PasswordManager.AffiliationDatabase.DatabaseSize recorded 1 samples, mean = 52.0 (flags = 0x41)
0  -O                                                                        (1 = 100.0%)
1000... 

Histogram: PasswordManager.BubbleSuppression.AccountsInStatisticsTable2 recorded 1 samples, mean = 0.0 (flags = 0x41)
0  -O                                                                        (1 = 100.0%)
1  ... 

Histogram: PasswordManager.GetAllLogins.TimeSinceInit recorded 2 samples, mean = 30040.0 (flags = 0x41)
0      ... 
26495  --O                                                                       (2 = 100.0%) {0.0%}
33665  ... 

Histogram: PasswordManager.GetAutofillableLogins.TimeSinceInit recorded 2 samples, mean = 21080.0 (flags = 0x41)
0      ... 
20852  --O                                                                       (2 = 100.0%) {0.0%}
26495  ... 

Histogram: PasswordManager.LoginDatabaseInit2 recorded 2 samples, mean = 0.0 (flags = 0x41)
0  --O                                                                       (2 = 100.0%)
1  ... 

Histogram: PasswordManager.OnEncryptorReceived.Success recorded 2 samples, mean = 1.0 (flags = 0x41)
0  O                                                                         (0 = 0.0%)
1  --O                                                                       (2 = 100.0%) {0.0%}
2  O                                                                         (0 = 0.0%) {100.0%}

Histogram: PasswordManager.PasswordStore.InitTime recorded 2 samples, mean = 19437.0 (flags = 0x41)
0      ... 
10000  --O                                                                       (2 = 100.0%) {0.0%}

Histogram: PasswordManager.PasswordStoreBackend.GetAllLoginsAsync recorded 4 samples, mean = 1.0 (flags = 0x41)
0  --O                                                                       (2 = 50.0%)
1  O                                                                         (0 = 0.0%) {50.0%}
2  --O                                                                       (2 = 50.0%) {50.0%}
3  ... 

Histogram: PasswordManager.PasswordStoreBackend.GetAllLoginsAsync.Latency recorded 2 samples, mean = 16.0 (flags = 0x41)
0   ... 
16  --O                                                                       (2 = 100.0%) {0.0%}
20  ... 

Histogram: PasswordManager.PasswordStoreBackend.GetAllLoginsAsync.Success recorded 2 samples, mean = 1.0 (flags = 0x41)
0  O                                                                         (0 = 0.0%)
1  --O                                                                       (2 = 100.0%) {0.0%}
2  O                                                                         (0 = 0.0%) {100.0%}

Histogram: PasswordManager.PasswordStoreBackend.GetAutofillableLoginsAsync recorded 4 samples, mean = 1.0 (flags = 0x41)
0  --O                                                                       (2 = 50.0%)
1  O                                                                         (0 = 0.0%) {50.0%}
2  --O                                                                       (2 = 50.0%) {50.0%}
3  ... 

Histogram: PasswordManager.PasswordStoreBackend.GetAutofillableLoginsAsync.Latency recorded 2 samples, mean = 55.0 (flags = 0x41)
0   ... 
52  --O                                                                       (2 = 100.0%) {0.0%}
66  ... 

Histogram: PasswordManager.PasswordStoreBackend.GetAutofillableLoginsAsync.Success recorded 2 samples, mean = 1.0 (flags = 0x41)
0  O                                                                         (0 = 0.0%)
1  --O                                                                       (2 = 100.0%) {0.0%}
2  O                                                                         (0 = 0.0%) {100.0%}

Histogram: PasswordManager.PasswordStoreBuiltInBackend.GetAllLoginsAsync recorded 4 samples, mean = 1.0 (flags = 0x41)
0  --O                                                                       (2 = 50.0%)
1  O                                                                         (0 = 0.0%) {50.0%}
2  --O                                                                       (2 = 50.0%) {50.0%}
3  ... 

Histogram: PasswordManager.PasswordStoreBuiltInBackend.GetAllLoginsAsync.Latency recorded 2 samples, mean = 16.0 (flags = 0x41)
0   ... 
16  --O                                                                       (2 = 100.0%) {0.0%}
20  ... 

Histogram: PasswordManager.PasswordStoreBuiltInBackend.GetAllLoginsAsync.Success recorded 2 samples, mean = 1.0 (flags = 0x41)
0  O                                                                         (0 = 0.0%)
1  --O                                                                       (2 = 100.0%) {0.0%}
2  O                                                                         (0 = 0.0%) {100.0%}

Histogram: PasswordManager.PasswordStoreBuiltInBackend.GetAutofillableLoginsAsync recorded 4 samples, mean = 1.0 (flags = 0x41)
0  --O                                                                       (2 = 50.0%)
1  O                                                                         (0 = 0.0%) {50.0%}
2  --O                                                                       (2 = 50.0%) {50.0%}
3  ... 

Histogram: PasswordManager.PasswordStoreBuiltInBackend.GetAutofillableLoginsAsync.Latency recorded 2 samples, mean = 55.0 (flags = 0x41)
0   ... 
52  --O                                                                       (2 = 100.0%) {0.0%}
66  ... 

Histogram: PasswordManager.PasswordStoreBuiltInBackend.GetAutofillableLoginsAsync.Success recorded 2 samples, mean = 1.0 (flags = 0x41)
0  O                                                                         (0 = 0.0%)
1  --O                                                                       (2 = 100.0%) {0.0%}
2  O                                                                         (0 = 0.0%) {100.0%}

Histogram: PasswordManager.ProfileStore.InaccessiblePasswords3 recorded 1 samples, mean = 0.0 (flags = 0x41)
0  -O                                                                        (1 = 100.0%)
1  ... 

Histogram: PasswordManager.ProfileStore.LoginDatabaseEncryptionStatus recorded 1 samples, mean = 0.0 (flags = 0x41)
0  -O                                                                        (1 = 100.0%)
1  ... 

Histogram: PasswordManager.SavedGaiaPasswordHashCount2 recorded 1 samples, mean = 0.0 (flags = 0x41)
0  -O                                                                        (1 = 100.0%)
1  ... 

Histogram: PasswordManager.SyncMetadataReadError2 recorded 2 samples, mean = 0.0 (flags = 0x41)
0  --O                                                                       (2 = 100.0%)
1  ... 

Histogram: PaymentRequest.IsCanMakePaymentAllowedByPref.Startup recorded 1 samples, mean = 1.0 (flags = 0x41)
0  O                                                                         (0 = 0.0%)
1  -O                                                                        (1 = 100.0%) {0.0%}
2  O                                                                         (0 = 0.0%) {100.0%}

Histogram: PerformanceManager.LoadingNotQuiescentPageCount.All recorded 150 samples, mean = 0.0 (flags = 0x41)
0  ------------------------------------------------------------------------O (150 = 100.0%)
1  ... 

Histogram: PerformanceManager.LoadingNotQuiescentPageCount.Hidden recorded 150 samples, mean = 0.0 (flags = 0x41)
0  ------------------------------------------------------------------------O (150 = 100.0%)
1  ... 

Histogram: PerformanceManager.LoadingNotQuiescentPageCount.MixedVisibility recorded 150 samples, mean = 0.0 (flags = 0x41)
0  ------------------------------------------------------------------------O (150 = 100.0%)
1  ... 

Histogram: PerformanceManager.LoadingNotQuiescentPageCount.Visible recorded 150 samples, mean = 0.0 (flags = 0x41)
0  ------------------------------------------------------------------------O (150 = 100.0%)
1  ... 

Histogram: PerformanceManager.QuiescentPageCount recorded 150 samples, mean = 1.0 (flags = 0x41)
0  O                                                                         (0 = 0.0%)
1  ------------------------------------------------------------------------O (150 = 100.0%) {0.0%}
2  ... 

Histogram: PerformanceManager.SiteDB.DatabaseInit recorded 1 samples, mean = 0.0 (flags = 0x41)
0  -O                                                                        (1 = 100.0%)
1  ... 

Histogram: PerformanceManager.SiteDB.OnDiskSize recorded 1 samples, mean = 1.0 (flags = 0x41)
0  -O                                                                        (1 = 100.0%)
1000... 

Histogram: PerformanceManager.SiteDB.WriteCompleted.WriteSiteDataIntoStore recorded 1 samples, mean = 1.0 (flags = 0x41)
0  O                                                                         (0 = 0.0%)
1  -O                                                                        (1 = 100.0%) {0.0%}
2  O                                                                         (0 = 0.0%) {100.0%}

Histogram: PerformanceManager.SiteDB.WriteScheduled.WriteSiteDataIntoStore recorded 1 samples, mean = 1.0 (flags = 0x41)
0  O                                                                         (0 = 0.0%)
1  -O                                                                        (1 = 100.0%) {0.0%}
2  O                                                                         (0 = 0.0%) {100.0%}

Histogram: PerformanceManager.TabRevisitTracker.TimeToClose2 recorded 1 samples, mean = 4522.0 (flags = 0x41)
0     ... 
4416  -O                                                                        (1 = 100.0%) {0.0%}
4647  ... 

Histogram: PerformanceManager.UserTuning.BatterySaverModeEnabledPercent recorded 1 samples, mean = 0.0 (flags = 0x41)
0  -O                                                                        (1 = 100.0%)
1  ... 

Histogram: PerformanceManager.UserTuning.MemorySaverModeEnabledPercent recorded 1 samples, mean = 0.0 (flags = 0x41)
0  -O                                                                        (1 = 100.0%)
1  ... 

Histogram: PerformanceMonitor.AverageCPU8.BrowserProcess recorded 37 samples, mean = 19343.0 (flags = 0x41)
0      ... 
9417   -O                                                                        (1 = 2.7%) {0.0%}
11368  ... 
16567  -------------------------O                                                (25 = 67.6%) {2.7%}
20000  -----------O                                                              (11 = 29.7%) {70.3%}

Histogram: PerformanceMonitor.AverageCPU8.GPUProcess recorded 37 samples, mean = 185.2 (flags = 0x41)
0     O                                                                         (0 = 0.0%)
1     ---------------------O                                                    (21 = 56.8%) {0.0%}
2     ----O                                                                     (4 = 10.8%) {56.8%}
3     -O                                                                        (1 = 2.7%) {67.6%}
4     -O                                                                        (1 = 2.7%) {70.3%}
5     ... 
7     ---O                                                                      (3 = 8.1%) {73.0%}
8     --O                                                                       (2 = 5.4%) {81.1%}
10    O                                                                         (0 = 0.0%) {86.5%}
12    --O                                                                       (2 = 5.4%) {86.5%}
15    --O                                                                       (2 = 5.4%) {91.9%}
18    ... 
6462  -O                                                                        (1 = 2.7%) {97.3%}
7801  ... 

Histogram: PerformanceMonitor.AverageCPU8.NetworkProcess recorded 37 samples, mean = 4.2 (flags = 0x41)
0   O                                                                         (0 = 0.0%)
1   ------O                                                                   (6 = 16.2%) {0.0%}
2   ------------------O                                                       (18 = 48.6%) {16.2%}
3   ---O                                                                      (3 = 8.1%) {64.9%}
4   ---O                                                                      (3 = 8.1%) {73.0%}
5   ---O                                                                      (3 = 8.1%) {81.1%}
6   O                                                                         (0 = 0.0%) {89.2%}
7   -O                                                                        (1 = 2.7%) {89.2%}
8   -O                                                                        (1 = 2.7%) {91.9%}
10  O                                                                         (0 = 0.0%) {94.6%}
12  -O                                                                        (1 = 2.7%) {94.6%}
15  ... 
48  -O                                                                        (1 = 2.7%) {97.3%}
58  ... 

Histogram: PerformanceMonitor.AverageCPU8.OtherProcess recorded 37 samples, mean = 0.0 (flags = 0x41)
0  -------------------------------------O                                    (37 = 100.0%)
1  ... 

Histogram: PerformanceMonitor.AverageCPU8.RendererExtensionEventProcess recorded 37 samples, mean = 0.0 (flags = 0x41)
0  -------------------------------------O                                    (37 = 100.0%)
1  ... 

Histogram: PerformanceMonitor.AverageCPU8.RendererExtensionPersistentProcess recorded 37 samples, mean = 0.0 (flags = 0x41)
0  -------------------------------------O                                    (37 = 100.0%)
1  ... 

Histogram: PerformanceMonitor.AverageCPU8.RendererProcess recorded 37 samples, mean = 14.3 (flags = 0x41)
0    --------O                                                                 (8 = 21.6%)
1    ---------------O                                                          (15 = 40.5%) {21.6%}
2    ---O                                                                      (3 = 8.1%) {62.2%}
3    -O                                                                        (1 = 2.7%) {70.3%}
4    -O                                                                        (1 = 2.7%) {73.0%}
5    --O                                                                       (2 = 5.4%) {75.7%}
6    --O                                                                       (2 = 5.4%) {81.1%}
7    -O                                                                        (1 = 2.7%) {86.5%}
8    --O                                                                       (2 = 5.4%) {89.2%}
10   ... 
15   -O                                                                        (1 = 2.7%) {94.6%}
18   ... 
383  -O                                                                        (1 = 2.7%) {97.3%}
462  ... 

Histogram: PerformanceMonitor.AverageCPU8.Total recorded 37 samples, mean = 19362.6 (flags = 0x41)
0      ... 
9417   -O                                                                        (1 = 2.7%) {0.0%}
11368  ... 
16567  -------------------------O                                                (25 = 67.6%) {2.7%}
20000  -----------O                                                              (11 = 29.7%) {70.3%}

Histogram: PerformanceMonitor.AverageCPU8.Total.ZeroWindow recorded 37 samples, mean = 19362.6 (flags = 0x41)
0      ... 
9417   -O                                                                        (1 = 2.7%) {0.0%}
11368  ... 
16567  -------------------------O                                                (25 = 67.6%) {2.7%}
20000  -----------O                                                              (11 = 29.7%) {70.3%}

Histogram: PerformanceMonitor.AverageCPU8.UtilityProcess recorded 37 samples, mean = 1047.1 (flags = 0x41)
0      --------O                                                                 (8 = 21.6%)
1      --------------------------O                                               (26 = 70.3%) {21.6%}
2      --O                                                                       (2 = 5.4%) {91.9%}
3      ... 
20000  -O                                                                        (1 = 2.7%) {97.3%}

Histogram: PerformanceMonitor.HasPreciseCPUUsage recorded 16 samples, mean = 1.0 (flags = 0x41)
0  O                                                                         (0 = 0.0%)
1  ----------------O                                                         (16 = 100.0%) {0.0%}
2  O                                                                         (0 = 0.0%) {100.0%}

Histogram: PerformanceMonitor.UsageScenario.LongInterval recorded 37 samples, mean = 13.0 (flags = 0x41)
0   ... 
13  -------------------------------------O                                    (37 = 100.0%) {0.0%}
14  ... 

Histogram: Permissions.API.CreatedPermissionStatusObjects recorded 1 samples, mean = 0.0 (flags = 0x41)
0  -O                                                                        (1 = 100.0%)
1  ... 

Histogram: Permissions.Experimental.PrimaryMainNavigationFinished.AudioCapture.TopLevelHeaderPolicy recorded 1 samples, mean = 0.0 (flags = 0x41)
0  -O                                                                        (1 = 100.0%)
1  ... 

Histogram: Permissions.Experimental.PrimaryMainNavigationFinished.Geolocation.TopLevelHeaderPolicy recorded 1 samples, mean = 0.0 (flags = 0x41)
0  -O                                                                        (1 = 100.0%)
1  ... 

Histogram: Permissions.Experimental.PrimaryMainNavigationFinished.VideoCapture.TopLevelHeaderPolicy recorded 1 samples, mean = 0.0 (flags = 0x41)
0  -O                                                                        (1 = 100.0%)
1  ... 

Histogram: Permissions.QuietNotificationPrompts.RegularProfile.IsEnabledInPrefs recorded 1 samples, mean = 0.0 (flags = 0x41)
0  -O                                                                        (1 = 100.0%)
1  ... 

Histogram: Platform.IntelMaxMicroArchitecture recorded 1 samples, mean = 13.0 (flags = 0x41)
0   ... 
13  -O                                                                        (1 = 100.0%) {0.0%}
14  O                                                                         (0 = 0.0%) {100.0%}

Histogram: Power.BatteryDischargeGranularityIsOrdered recorded 114 samples, mean = 1.0 (flags = 0x41)
0  O                                                                         (0 = 0.0%)
1  ------------------------------------------------------------------------O (114 = 100.0%) {0.0%}
2  O                                                                         (0 = 0.0%) {100.0%}

Histogram: Power.BatteryDischargeMode5 recorded 75 samples, mean = 1.0 (flags = 0x41)
0  O                                                                         (0 = 0.0%)
1  ------------------------------------------------------------------------O (75 = 100.0%) {0.0%}
2  ... 

Histogram: Power.BatteryDischargeMode5.Initial recorded 1 samples, mean = 1.0 (flags = 0x41)
0  O                                                                         (0 = 0.0%)
1  -O                                                                        (1 = 100.0%) {0.0%}
2  ... 

Histogram: Power.BatteryDischargeMode5.Periodic recorded 74 samples, mean = 1.0 (flags = 0x41)
0  O                                                                         (0 = 0.0%)
1  ------------------------------------------------------------------------O (74 = 100.0%) {0.0%}
2  ... 

Histogram: Power.BatteryDischargeMode5.TenMinutes recorded 7 samples, mean = 1.0 (flags = 0x41)
0  O                                                                         (0 = 0.0%)
1  -------O                                                                  (7 = 100.0%) {0.0%}
2  ... 

Histogram: Power.BatteryDischargeMode5.ZeroWindow recorded 75 samples, mean = 1.0 (flags = 0x41)
0  O                                                                         (0 = 0.0%)
1  ------------------------------------------------------------------------O (75 = 100.0%) {0.0%}
2  ... 

Histogram: Power.BatteryDischargeMode5.ZeroWindow.Initial recorded 1 samples, mean = 1.0 (flags = 0x41)
0  O                                                                         (0 = 0.0%)
1  -O                                                                        (1 = 100.0%) {0.0%}
2  ... 

Histogram: Power.BatteryDischargeMode5.ZeroWindow.Periodic recorded 74 samples, mean = 1.0 (flags = 0x41)
0  O                                                                         (0 = 0.0%)
1  ------------------------------------------------------------------------O (74 = 100.0%) {0.0%}
2  ... 

Histogram: Power.HasPreciseBatteryDischargeGranularity recorded 75 samples, mean = 0.0 (flags = 0x41)
0  ------------------------------------------------------------------------O (75 = 100.0%)
1  ... 

Histogram: Prefs.JSonStore.SetValueKey recorded 28 samples (flags = 0x41)
174384190   --O                                                                       (2 = 7.1%)
225152341   -O                                                                        (1 = 3.6%)
372921139   ----O                                                                     (4 = 14.3%)
819550135   -O                                                                        (1 = 3.6%)
852125461   --O                                                                       (2 = 7.1%)
1276459689  -O                                                                        (1 = 3.6%)
1460117349  -O                                                                        (1 = 3.6%)
1697794008  -O                                                                        (1 = 3.6%)
1923415074  -------O                                                                  (7 = 25.0%)
1927273959  -O                                                                        (1 = 3.6%)
1936820420  --O                                                                       (2 = 7.1%)
1956100443  --O                                                                       (2 = 7.1%)
2049316039  -O                                                                        (1 = 3.6%)
2056672062  -O                                                                        (1 = 3.6%)
2082524502  -O                                                                        (1 = 3.6%)

Histogram: Privacy.CookieControlsSetting.RegularProfile recorded 1 samples, mean = 2.0 (flags = 0x41)
0  ... 
2  -O                                                                        (1 = 100.0%) {0.0%}
3  O                                                                         (0 = 0.0%) {100.0%}

Histogram: Privacy.DIPS.BounceCategoryServer.Block3PC recorded 1 samples, mean = 0.0 (flags = 0x41)
0  -O                                                                        (1 = 100.0%)
1  ... 

Histogram: Privacy.DIPS.ClearedSitesCount.Block3PC recorded 2 samples, mean = 0.0 (flags = 0x41)
0  --O                                                                       (2 = 100.0%)
1  ... 

Histogram: Privacy.DIPS.DIPSErrorCodes recorded 5 samples, mean = 2.4 (flags = 0x41)
0  ---O                                                                      (3 = 60.0%)
1  ... 
6  --O                                                                       (2 = 40.0%) {60.0%}
7  ... 

Histogram: Privacy.DIPS.Database.Operation.FilterSitesWithProtectiveEventTime recorded 1 samples, mean = 0.0 (flags = 0x41)
0  -O                                                                        (1 = 100.0%)
1  ... 

Histogram: Privacy.DIPS.Database.Operation.GetSitesThatBouncedWithStateTime recorded 2 samples, mean = 0.5 (flags = 0x41)
0  -O                                                                        (1 = 50.0%)
1  -O                                                                        (1 = 50.0%) {50.0%}
2  ... 

Histogram: Privacy.DIPS.Database.Operation.InitTime recorded 1 samples, mean = 3.0 (flags = 0x41)
0  ... 
3  -O                                                                        (1 = 100.0%) {0.0%}
4  ... 

Histogram: Privacy.DIPS.Database.Operation.ReadPopupTime recorded 1 samples, mean = 0.0 (flags = 0x41)
0  -O                                                                        (1 = 100.0%)
1  ... 

Histogram: Privacy.DIPS.Database.Operation.ReadTime recorded 4 samples, mean = 0.0 (flags = 0x41)
0  ----O                                                                     (4 = 100.0%)
1  ... 

Histogram: Privacy.DIPS.Database.Operation.RemoveRowsTime recorded 1 samples, mean = 77.0 (flags = 0x41)
0   ... 
68  -O                                                                        (1 = 100.0%) {0.0%}
81  ... 

Histogram: Privacy.DIPS.Database.Operation.WriteTime recorded 2 samples, mean = 348.5 (flags = 0x41)
0    ... 
226  -O                                                                        (1 = 50.0%) {0.0%}
268  ... 
449  -O                                                                        (1 = 50.0%) {50.0%}
533  ... 

Histogram: Privacy.DIPS.DatabaseEntryCount recorded 1 samples, mean = 2.0 (flags = 0x41)
0  ... 
2  -O                                                                        (1 = 100.0%) {0.0%}
3  ... 

Histogram: Privacy.DIPS.DatabaseHealthMetricsTime recorded 1 samples, mean = 0.0 (flags = 0x41)
0  -O                                                                        (1 = 100.0%)
1  ... 

Histogram: Privacy.DIPS.DatabaseInit recorded 1 samples, mean = 1.0 (flags = 0x41)
0  O                                                                         (0 = 0.0%)
1  -O                                                                        (1 = 100.0%) {0.0%}
2  ... 

Histogram: Privacy.DIPS.DatabaseSize recorded 1 samples, mean = 36.0 (flags = 0x41)
0  -O                                                                        (1 = 100.0%)
1000... 

Histogram: Privacy.DoNotTrackSetting2 recorded 1 samples, mean = 0.0 (flags = 0x41)
0  -O                                                                        (1 = 100.0%)
1  ... 

Histogram: Privacy.ThirdPartyCookieBlockingSetting.RegularProfile recorded 1 samples, mean = 0.0 (flags = 0x41)
0  -O                                                                        (1 = 100.0%)
1  ... 

Histogram: PrivacyBudget.Identifiability.FinchConfigValidationResult recorded 1 samples, mean = 1.0 (flags = 0x41)
0  O                                                                         (0 = 0.0%)
1  -O                                                                        (1 = 100.0%) {0.0%}
2  O                                                                         (0 = 0.0%) {100.0%}

Histogram: PrivacyBudget.Identifiability.RecordedSample recorded 85 samples, mean = 0.0 (flags = 0x41)
0  ------------------------------------------------------------------------O (85 = 100.0%)
1  ... 

Histogram: PrivacySandbox.Attestations.EstimateMemoryUsage.AttestationsMap recorded 1 samples, mean = 24.0 (flags = 0x41)
0   ... 
24  -O                                                                        (1 = 100.0%) {0.0%}
29  ... 

Histogram: PrivacySandbox.Attestations.InitializationDuration.ComponentReadyFromApplicationStart recorded 1 samples, mean = 19636.0 (flags = 0x41)
0      ... 
17834  -O                                                                        (1 = 100.0%) {0.0%}
20585  ... 

Histogram: PrivacySandbox.Attestations.InitializationDuration.Parsing recorded 1 samples, mean = 0.0 (flags = 0x41)
0  -O                                                                        (1 = 100.0%)
1  ... 

Histogram: PrivacySandbox.Attestations.Parsing.Status recorded 1 samples, mean = 0.0 (flags = 0x41)
0  -O                                                                        (1 = 100.0%)
1  ... 

Histogram: PrivacySandbox.IsTopicsAllowed recorded 1 samples, mean = 3.0 (flags = 0x41)
0  ... 
3  -O                                                                        (1 = 100.0%) {0.0%}
4  ... 

Histogram: PrivacySandbox.NoticeRequirement.IsVariationCountryEmpty recorded 3 samples, mean = 1.0 (flags = 0x41)
0  O                                                                         (0 = 0.0%)
1  ---O                                                                      (3 = 100.0%) {0.0%}
2  O                                                                         (0 = 0.0%) {100.0%}

Histogram: PrivacySandbox.NoticeRequirement.IsVariationServiceReady recorded 3 samples, mean = 1.0 (flags = 0x41)
0  O                                                                         (0 = 0.0%)
1  ---O                                                                      (3 = 100.0%) {0.0%}
2  O                                                                         (0 = 0.0%) {100.0%}

Histogram: PrivacySandbox.TrackingProtection.OnboardingStartup.State recorded 1 samples, mean = 0.0 (flags = 0x41)
0  -O                                                                        (1 = 100.0%)
1  ... 

Histogram: PrivacySandbox.TrackingProtection.SilentOnboardingStartup.State recorded 1 samples, mean = 0.0 (flags = 0x41)
0  -O                                                                        (1 = 100.0%)
1  ... 

Histogram: Profile.AppCount recorded 1 samples, mean = 0.0 (flags = 0x41)
0  -O                                                                        (1 = 100.0%)
1  ... 

Histogram: Profile.BookmarksSize recorded 1 samples, mean = 0.0 (flags = 0x41)
0  -O                                                                        (1 = 100.0%)
1  ... 

Histogram: Profile.CookiesSize recorded 1 samples, mean = 0.0 (flags = 0x41)
0  -O                                                                        (1 = 100.0%)
1  ... 

Histogram: Profile.Destroyer.OffTheRecord recorded 1 samples, mean = 1.0 (flags = 0x41)
0  O                                                                         (0 = 0.0%)
1  -O                                                                        (1 = 100.0%) {0.0%}
2  ... 

Histogram: Profile.DidDestroyProfileBeforeShutdown recorded 1 samples, mean = 0.0 (flags = 0x41)
0  -O                                                                        (1 = 100.0%)
1  ... 

Histogram: Profile.ExtensionSize recorded 1 samples, mean = 0.0 (flags = 0x41)
0  -O                                                                        (1 = 100.0%)
1  ... 

Histogram: Profile.FaviconsSize recorded 1 samples, mean = 0.0 (flags = 0x41)
0  -O                                                                        (1 = 100.0%)
1  ... 

Histogram: Profile.HistorySize recorded 1 samples, mean = 0.0 (flags = 0x41)
0  -O                                                                        (1 = 100.0%)
1  ... 

Histogram: Profile.KeepAliveLeakAtShutdown recorded 2 samples, mean = 3.5 (flags = 0x41)
0  -O                                                                        (1 = 50.0%)
1  ... 
7  -O                                                                        (1 = 50.0%) {50.0%}
8  ... 

Histogram: Profile.LiveProfileCount recorded 2 samples, mean = 1.0 (flags = 0x41)
0  O                                                                         (0 = 0.0%)
1  --O                                                                       (2 = 100.0%) {0.0%}
2  ... 

Histogram: Profile.TopSitesSize recorded 1 samples, mean = 0.0 (flags = 0x41)
0  -O                                                                        (1 = 100.0%)
1  ... 

Histogram: Profile.TotalHistorySize recorded 1 samples, mean = 0.0 (flags = 0x41)
0  -O                                                                        (1 = 100.0%)
1  ... 

Histogram: Profile.TotalSize recorded 1 samples, mean = 0.0 (flags = 0x41)
0  -O                                                                        (1 = 100.0%)
1  ... 

Histogram: Profile.TotalSizeRecursive recorded 1 samples, mean = 12.0 (flags = 0x41)
0   ... 
12  -O                                                                        (1 = 100.0%) {0.0%}
14  ... 

Histogram: Profile.TriggeredReset recorded 1 samples, mean = 0.0 (flags = 0x41)
0  -O                                                                        (1 = 100.0%)
1  ... 

Histogram: Profile.VisitedLinksSize recorded 1 samples, mean = 0.0 (flags = 0x41)
0  -O                                                                        (1 = 100.0%)
1  ... 

Histogram: Profile.WebDataSize recorded 1 samples, mean = 0.0 (flags = 0x41)
0  -O                                                                        (1 = 100.0%)
1  ... 

Histogram: Profile.ZombieProfileCount recorded 2 samples, mean = 0.0 (flags = 0x41)
0  --O                                                                       (2 = 100.0%)
1  ... 

Histogram: ProfilePicker.StartupMode.CreateInitialProfile recorded 1 samples, mean = 0.0 (flags = 0x41)
0  -O                                                                        (1 = 100.0%)
1  ... 

Histogram: ProfilePicker.StartupMode.GetStartupProfile recorded 1 samples, mean = 0.0 (flags = 0x41)
0  -O                                                                        (1 = 100.0%)
1  ... 

Histogram: ProfilePicker.StartupReason.GetStartupProfile recorded 1 samples, mean = 27.0 (flags = 0x41)
0   ... 
27  -O                                                                        (1 = 100.0%) {0.0%}
28  ... 

Histogram: ProtoDB.DestroySuccess.DownloadDB recorded 3 samples, mean = 1.0 (flags = 0x41)
0  O                                                                         (0 = 0.0%)
1  ---O                                                                      (3 = 100.0%) {0.0%}
2  O                                                                         (0 = 0.0%) {100.0%}

Histogram: ProtoDB.DestroySuccess.DownloadService recorded 1 samples, mean = 1.0 (flags = 0x41)
0  O                                                                         (0 = 0.0%)
1  -O                                                                        (1 = 100.0%) {0.0%}
2  O                                                                         (0 = 0.0%) {100.0%}

Histogram: ProtoDB.DestroySuccess.PreviewsHintCacheStore recorded 1 samples, mean = 1.0 (flags = 0x41)
0  O                                                                         (0 = 0.0%)
1  -O                                                                        (1 = 100.0%) {0.0%}
2  O                                                                         (0 = 0.0%) {100.0%}

Histogram: ProtoDB.InitStatus.BudgetManager recorded 1 samples, mean = 4.0 (flags = 0x41)
0  ... 
4  -O                                                                        (1 = 100.0%) {0.0%}
5  ... 

Histogram: ProtoDB.InitStatus.CartDatabase recorded 1 samples, mean = 4.0 (flags = 0x41)
0  ... 
4  -O                                                                        (1 = 100.0%) {0.0%}
5  ... 

Histogram: ProtoDB.InitStatus.ClientCertificatesDatabase recorded 1 samples, mean = 4.0 (flags = 0x41)
0  ... 
4  -O                                                                        (1 = 100.0%) {0.0%}
5  ... 

Histogram: ProtoDB.InitStatus.CommerceParcelTrackingDatabase recorded 1 samples, mean = 4.0 (flags = 0x41)
0  ... 
4  -O                                                                        (1 = 100.0%) {0.0%}
5  ... 

Histogram: ProtoDB.InitStatus.CommerceSubscriptionDatabase recorded 1 samples, mean = 4.0 (flags = 0x41)
0  ... 
4  -O                                                                        (1 = 100.0%) {0.0%}
5  ... 

Histogram: ProtoDB.InitStatus.CouponDatabase recorded 1 samples, mean = 4.0 (flags = 0x41)
0  ... 
4  -O                                                                        (1 = 100.0%) {0.0%}
5  ... 

Histogram: ProtoDB.InitStatus.DiscountsDatabase recorded 1 samples, mean = 4.0 (flags = 0x41)
0  ... 
4  -O                                                                        (1 = 100.0%) {0.0%}
5  ... 

Histogram: ProtoDB.InitStatus.DownloadDB recorded 3 samples, mean = 4.0 (flags = 0x41)
0  ... 
4  ---O                                                                      (3 = 100.0%) {0.0%}
5  ... 

Histogram: ProtoDB.InitStatus.DownloadService recorded 2 samples, mean = 4.0 (flags = 0x41)
0  ... 
4  --O                                                                       (2 = 100.0%) {0.0%}
5  ... 

Histogram: ProtoDB.InitStatus.FeatureEngagementTrackerAvailabilityStore recorded 1 samples, mean = 4.0 (flags = 0x41)
0  ... 
4  -O                                                                        (1 = 100.0%) {0.0%}
5  ... 

Histogram: ProtoDB.InitStatus.FeatureEngagementTrackerEventStore recorded 1 samples, mean = 4.0 (flags = 0x41)
0  ... 
4  -O                                                                        (1 = 100.0%) {0.0%}
5  ... 

Histogram: ProtoDB.InitStatus.GCMKeyStore recorded 1 samples, mean = 5.0 (flags = 0x41)
0  ... 
5  -O                                                                        (1 = 100.0%) {0.0%}
6  O                                                                         (0 = 0.0%) {100.0%}

Histogram: ProtoDB.InitStatus.Metadata recorded 4 samples, mean = 5.0 (flags = 0x41)
0  ... 
5  ----O                                                                     (4 = 100.0%) {0.0%}
6  O                                                                         (0 = 0.0%) {100.0%}

Histogram: ProtoDB.InitStatus.PersistentOriginTrials recorded 1 samples, mean = 4.0 (flags = 0x41)
0  ... 
4  -O                                                                        (1 = 100.0%) {0.0%}
5  ... 

Histogram: ProtoDB.InitStatus.PreviewsHintCacheStore recorded 1 samples, mean = 4.0 (flags = 0x41)
0  ... 
4  -O                                                                        (1 = 100.0%) {0.0%}
5  ... 

Histogram: ProtoDB.InitStatus.SegmentInfoDatabase recorded 1 samples, mean = 4.0 (flags = 0x41)
0  ... 
4  -O                                                                        (1 = 100.0%) {0.0%}
5  ... 

Histogram: ProtoDB.InitStatus.SignalDatabase recorded 1 samples, mean = 4.0 (flags = 0x41)
0  ... 
4  -O                                                                        (1 = 100.0%) {0.0%}
5  ... 

Histogram: ProtoDB.InitStatus.SignalStorageConfigDatabase recorded 1 samples, mean = 4.0 (flags = 0x41)
0  ... 
4  -O                                                                        (1 = 100.0%) {0.0%}
5  ... 

Histogram: ProtoDB.InitStatus.StrikeService recorded 4 samples, mean = 4.0 (flags = 0x41)
0  ... 
4  ----O                                                                     (4 = 100.0%) {0.0%}
5  ... 

Histogram: ProtoDB.SharedDbInitStatus recorded 79 samples, mean = 9.5 (flags = 0x41)
0   ----------------------------O                                             (28 = 35.4%)
1   ... 
3   -----------------------O                                                  (23 = 29.1%) {35.4%}
4   ... 
24  -----------------------O                                                  (23 = 29.1%) {64.6%}
25  O                                                                         (0 = 0.0%) {93.7%}
26  -----O                                                                    (5 = 6.3%) {93.7%}
27  ... 

Histogram: Quota.AvailableDiskSpace recorded 4 samples, mean = 810245.2 (flags = 0x41)
0       ... 
764286  ----O                                                                     (4 = 100.0%) {0.0%}
891576  ... 

Histogram: Quota.AvailableDiskSpace2 recorded 1 samples, mean = 810240.0 (flags = 0x41)
0       ... 
764286  -O                                                                        (1 = 100.0%) {0.0%}
891576  ... 

Histogram: Quota.EvictedBucketsPerHour recorded 1 samples, mean = 0.0 (flags = 0x41)
0  -O                                                                        (1 = 100.0%)
1  ... 

Histogram: Quota.EvictionRoundsPerHour recorded 1 samples, mean = 2.0 (flags = 0x41)
0  ... 
2  -O                                                                        (1 = 100.0%) {0.0%}
3  ... 

Histogram: Quota.GlobalTemporaryPoolSize recorded 3 samples, mean = 762314.0 (flags = 0x41)
0       ... 
655169  ---O                                                                      (3 = 100.0%) {0.0%}
764286  ... 

Histogram: Quota.GlobalUsageOfTemporaryStorage recorded 1 samples, mean = 0.0 (flags = 0x41)
0  -O                                                                        (1 = 100.0%)
1  ... 

Histogram: Quota.PercentDiskAvailable recorded 4 samples, mean = 85.0 (flags = 0x41)
0   ... 
85  ----O                                                                     (4 = 100.0%) {0.0%}
86  ... 

Histogram: Quota.PercentDiskAvailable2 recorded 1 samples, mean = 85.0 (flags = 0x41)
0   ... 
85  -O                                                                        (1 = 100.0%) {0.0%}
86  ... 

Histogram: Quota.PercentUsedForTemporaryStorage2 recorded 1 samples, mean = 0.0 (flags = 0x41)
0  -O                                                                        (1 = 100.0%)
1  ... 

Histogram: Quota.SkippedEvictionRoundsPerHour recorded 1 samples, mean = 2.0 (flags = 0x41)
0  ... 
2  -O                                                                        (1 = 100.0%) {0.0%}
3  ... 

Histogram: Quota.StorageKeyNonceCount recorded 1 samples, mean = 0.0 (flags = 0x41)
0  -O                                                                        (1 = 100.0%)
1  ... 

Histogram: Quota.TotalBucketCount recorded 1 samples, mean = 0.0 (flags = 0x41)
0  -O                                                                        (1 = 100.0%)
1  ... 

Histogram: Quota.TotalDiskSpace recorded 4 samples, mean = 952892.0 (flags = 0x41)
0       ... 
891576  ----O                                                                     (4 = 100.0%) {0.0%}
1040066 ... 

Histogram: Quota.TotalDiskSpaceIsZero recorded 3 samples, mean = 0.0 (flags = 0x41)
0  ---O                                                                      (3 = 100.0%)
1  ... 

Histogram: Renderer.BrowserLaunchToRunLoopStart recorded 1 samples, mean = 4234.0 (flags = 0x41)
0     ... 
4222  -O                                                                        (1 = 100.0%) {0.0%}
5017  ... 

Histogram: Renderer.Core.Timing.Performance.SwapsPerPerformanceEntryInsertion recorded 73 samples, mean = 1.7 (flags = 0x41)
0   ----------------------------------------------------O                     (52 = 71.2%)
1   ----O                                                                     (4 = 5.5%) {71.2%}
2   ----O                                                                     (4 = 5.5%) {76.7%}
3   -O                                                                        (1 = 1.4%) {82.2%}
4   O                                                                         (0 = 0.0%) {83.6%}
5   -O                                                                        (1 = 1.4%) {83.6%}
6   --O                                                                       (2 = 2.7%) {84.9%}
7   -O                                                                        (1 = 1.4%) {87.7%}
8   --O                                                                       (2 = 2.7%) {89.0%}
9   -O                                                                        (1 = 1.4%) {91.8%}
10  --O                                                                       (2 = 2.7%) {93.2%}
11  O                                                                         (0 = 0.0%) {95.9%}
12  -O                                                                        (1 = 1.4%) {95.9%}
14  -O                                                                        (1 = 1.4%) {97.3%}
16  -O                                                                        (1 = 1.4%) {98.6%}
18  ... 

Histogram: Renderer.CriticalFonts.BlockingResourcesLoadTime recorded 1 samples, mean = 21550.0 (flags = 0x41)
0      ... 
10000  -O                                                                        (1 = 100.0%) {0.0%}

Histogram: Renderer.CriticalFonts.CriticalFontDelay recorded 1 samples, mean = 0.0 (flags = 0x41)
0  -O                                                                        (1 = 100.0%)
1  ... 

Histogram: Renderer.CriticalFonts.PreloadedFontsLoadTime recorded 1 samples, mean = 21387.0 (flags = 0x41)
0      ... 
10000  -O                                                                        (1 = 100.0%) {0.0%}

Histogram: Renderer.Font.PrimaryFont.DomContentLoaded recorded 1 samples, mean = 66.0 (flags = 0x41)
0   ... 
57  -O                                                                        (1 = 100.0%) {0.0%}
68  ... 

Histogram: Renderer.Font.PrimaryFont.DomContentLoaded.Style recorded 1 samples, mean = 0.0 (flags = 0x41)
0  -O                                                                        (1 = 100.0%)
1  ... 

Histogram: Renderer.Font.SystemFallback.DomContentLoaded recorded 1 samples, mean = 0.0 (flags = 0x41)
0  -O                                                                        (1 = 100.0%)
1  ... 

Histogram: Renderer.Layout.TextWrapBalance recorded 5 samples, mean = 0.0 (flags = 0x41)
0  -----O                                                                    (5 = 100.0%)
1  ... 

Histogram: Renderer.ProcessLifetime3 recorded 3 samples, mean = 3002279.0 (flags = 0x41)
0        ... 
2006     -O                                                                        (1 = 33.3%) {0.0%}
2253     ... 
4235061  --O                                                                       (2 = 66.7%) {33.3%}
4755881  ... 

Histogram: Renderer.ProcessLifetime3.Empty recorded 1 samples, mean = 4501470.0 (flags = 0x41)
0        ... 
4235061  -O                                                                        (1 = 100.0%) {0.0%}
4755881  ... 

Histogram: Renderer.ProcessLifetime3.MainFrame recorded 1 samples, mean = 4503158.0 (flags = 0x41)
0        ... 
4235061  -O                                                                        (1 = 100.0%) {0.0%}
4755881  ... 

Histogram: Renderer.ProcessLifetime3.Speculative recorded 1 samples, mean = 2209.0 (flags = 0x41)
0     ... 
2006  -O                                                                        (1 = 100.0%) {0.0%}
2253  ... 

Histogram: Renderer.ReduceSubresourceResponseIPC.DidNotifyBrowser recorded 46 samples, mean = 1.0 (flags = 0x41)
0  O                                                                         (0 = 0.0%)
1  ----------------------------------------------O                           (46 = 100.0%) {0.0%}
2  O                                                                         (0 = 0.0%) {100.0%}

Histogram: Renderer.RenderThreadImpl.Init recorded 1 samples, mean = 37.0 (flags = 0x41)
0   ... 
34  -O                                                                        (1 = 100.0%) {0.0%}
40  ... 

Histogram: Renderer4.GpuImageDecodeState recorded 1 samples, mean = 0.0 (flags = 0x41)
0  -O                                                                        (1 = 100.0%)
1  ... 

Histogram: Renderer4.GpuImageDecodeState.CachePeakUsagePercent recorded 2 samples, mean = 1.0 (flags = 0x41)
0  O                                                                         (0 = 0.0%)
1  --O                                                                       (2 = 100.0%) {0.0%}
2  ... 

Histogram: Renderer4.GpuImageDecodeState.FirstLockWasted recorded 1 samples, mean = 1.0 (flags = 0x41)
0  O                                                                         (0 = 0.0%)
1  -O                                                                        (1 = 100.0%) {0.0%}
2  O                                                                         (0 = 0.0%) {100.0%}

Histogram: Renderer4.GpuImageDecodeState.FirstLockWasted.OutOfRaster recorded 1 samples, mean = 1.0 (flags = 0x41)
0  O                                                                         (0 = 0.0%)
1  -O                                                                        (1 = 100.0%) {0.0%}
2  O                                                                         (0 = 0.0%) {100.0%}

Histogram: Renderer4.GpuRasterizationEnabled recorded 1 samples, mean = 1.0 (flags = 0x41)
0  O                                                                         (0 = 0.0%)
1  -O                                                                        (1 = 100.0%) {0.0%}
2  O                                                                         (0 = 0.0%) {100.0%}

Histogram: Renderer4.ImageDecodeTaskDurationUs.OutOfRaster.Gpu recorded 1 samples, mean = 124804.0 (flags = 0x41)
0       ... 
110434  -O                                                                        (1 = 100.0%) {0.0%}
145450  ... 

Histogram: Renderer4.ImageDecodeTaskDurationUs.WebP.Gpu recorded 1 samples, mean = 124804.0 (flags = 0x41)
0       ... 
110434  -O                                                                        (1 = 100.0%) {0.0%}
145450  ... 

Histogram: RendererScheduler.RendererMainThreadLoad5 recorded 4517 samples, mean = 0.0 (flags = 0x41)
0   ------------------------------------------------------------------------O (4515 = 100.0%)
1   O                                                                         (1 = 0.0%) {100.0%}
2   ... 
19  O                                                                         (1 = 0.0%) {100.0%}
20  ... 

Histogram: RendererScheduler.RendererMainThreadLoad5.Background recorded 4498 samples, mean = 0.0 (flags = 0x41)
0  ------------------------------------------------------------------------O (4496 = 100.0%)
1  O                                                                         (2 = 0.0%) {100.0%}
2  ... 

Histogram: RendererScheduler.RendererMainThreadLoad5.Background.AfterFifthMinute recorded 4198 samples, mean = 0.0 (flags = 0x41)
0  ------------------------------------------------------------------------O (4198 = 100.0%)
1  ... 

Histogram: RendererScheduler.RendererMainThreadLoad5.Background.AfterFirstMinute recorded 4438 samples, mean = 0.0 (flags = 0x41)
0  ------------------------------------------------------------------------O (4437 = 100.0%)
1  O                                                                         (1 = 0.0%) {100.0%}
2  ... 

Histogram: RendererScheduler.RendererMainThreadLoad5.Background.AfterTenthMinute recorded 3898 samples, mean = 0.0 (flags = 0x41)
0  ------------------------------------------------------------------------O (3898 = 100.0%)
1  ... 

Histogram: RendererScheduler.RendererMainThreadLoad5.Foreground recorded 20 samples, mean = 0.9 (flags = 0x41)
0   -------------------O                                                      (19 = 95.0%)
1   ... 
19  -O                                                                        (1 = 5.0%) {95.0%}
20  ... 

Histogram: RendererScheduler.RendererMainThreadLoad5.Foreground.AfterFirstMinute recorded 4442 samples, mean = 0.0 (flags = 0x41)
0  ------------------------------------------------------------------------O (4442 = 100.0%)
1  ... 

Histogram: ReportingAndNEL.NumberOfLoadedNELPolicies recorded 1 samples, mean = 0.0 (flags = 0x41)
0  -O                                                                        (1 = 100.0%)
1  ... 

Histogram: ReportingAndNEL.NumberOfLoadedNELPolicies2 recorded 1 samples, mean = 0.0 (flags = 0x41)
0  -O                                                                        (1 = 100.0%)
1  ... 

Histogram: ReportingAndNEL.TimeInitializeDB recorded 1 samples, mean = 91.0 (flags = 0x41)
0   ... 
77  -O                                                                        (1 = 100.0%) {0.0%}
95  ... 

Histogram: ResourceScheduler.RequestQueuingDuration.Priority1 recorded 10 samples, mean = 0.0 (flags = 0x41)
0  ----------O                                                               (10 = 100.0%)
1  ... 

Histogram: ResourceScheduler.RequestQueuingDuration.Priority2 recorded 28 samples, mean = 0.0 (flags = 0x41)
0  ----------------------------O                                             (28 = 100.0%)
1  ... 

Histogram: ResourceScheduler.RequestQueuingDuration.Priority3 recorded 1 samples, mean = 0.0 (flags = 0x41)
0  -O                                                                        (1 = 100.0%)
1  ... 

Histogram: ResourceScheduler.RequestQueuingDuration.Priority4 recorded 6 samples, mean = 0.0 (flags = 0x41)
0  ------O                                                                   (6 = 100.0%)
1  ... 

Histogram: ResourceScheduler.RequestQueuingDuration.Priority5 recorded 14 samples, mean = 0.0 (flags = 0x41)
0  --------------O                                                           (14 = 100.0%)
1  ... 

Histogram: SBClientPhishing.Classifier.Event recorded 2 samples, mean = 1.0 (flags = 0x41)
0  O                                                                         (0 = 0.0%)
1  --O                                                                       (2 = 100.0%) {0.0%}
2  ... 

Histogram: SBClientPhishing.HighConfidenceAllowlistCheckDuration recorded 1 samples, mean = 75.0 (flags = 0x41)
0   ... 
66  -O                                                                        (1 = 100.0%) {0.0%}
84  ... 

Histogram: SBClientPhishing.ImageEmbedder.Event recorded 2 samples, mean = 1.0 (flags = 0x41)
0  O                                                                         (0 = 0.0%)
1  --O                                                                       (2 = 100.0%) {0.0%}
2  ... 

Histogram: SBClientPhishing.LoadReportTimesFromPrefAtServiceCreationSuccessful recorded 1 samples, mean = 1.0 (flags = 0x41)
0  O                                                                         (0 = 0.0%)
1  -O                                                                        (1 = 100.0%) {0.0%}
2  O                                                                         (0 = 0.0%) {100.0%}

Histogram: SBClientPhishing.MatchHighConfidenceAllowlist recorded 1 samples, mean = 3.0 (flags = 0x41)
0  ... 
3  -O                                                                        (1 = 100.0%) {0.0%}
4  O                                                                         (0 = 0.0%) {100.0%}

Histogram: SBClientPhishing.MatchHighConfidenceAllowlist.TriggerModel recorded 1 samples, mean = 3.0 (flags = 0x41)
0  ... 
3  -O                                                                        (1 = 100.0%) {0.0%}
4  O                                                                         (0 = 0.0%) {100.0%}

Histogram: SBClientPhishing.PreClassificationCheckResult recorded 1 samples, mean = 3.0 (flags = 0x41)
0  ... 
3  -O                                                                        (1 = 100.0%) {0.0%}
4  ... 

Histogram: SBIRS.DroppedIncident recorded 1 samples, mean = 1.0 (flags = 0x41)
0  O                                                                         (0 = 0.0%)
1  -O                                                                        (1 = 100.0%) {0.0%}
2  ... 

Histogram: SBIRS.ReceivedIncident recorded 1 samples, mean = 1.0 (flags = 0x41)
0  O                                                                         (0 = 0.0%)
1  -O                                                                        (1 = 100.0%) {0.0%}
2  ... 

Histogram: SSL.Experimental.SubresourceResponse recorded 46 samples, mean = 0.0 (flags = 0x41)
0  ----------------------------------------------O                           (46 = 100.0%)
1  ... 

Histogram: SafeBrowsing.AsyncCheck.CommittedNavigationIdsSize recorded 5 samples, mean = 1.6 (flags = 0x41)
0  -O                                                                        (1 = 20.0%)
1  -O                                                                        (1 = 20.0%) {20.0%}
2  --O                                                                       (2 = 40.0%) {40.0%}
3  -O                                                                        (1 = 20.0%) {80.0%}
4  ... 

Histogram: SafeBrowsing.BrowserThrottle.CheckerOnIOLifetime recorded 1 samples, mean = 2494.0 (flags = 0x41)
0     ... 
2415  -O                                                                        (1 = 100.0%) {0.0%}
3069  ... 

Histogram: SafeBrowsing.BrowserThrottle.IntervalBetweenStartAndProcess recorded 1 samples, mean = 2494.0 (flags = 0x41)
0     ... 
2117  -O                                                                        (1 = 100.0%) {0.0%}
2516  ... 

Histogram: SafeBrowsing.BrowserThrottle.IntervalBetweenStartAndProcess.FromNetwork recorded 1 samples, mean = 2494.0 (flags = 0x41)
0     ... 
2117  -O                                                                        (1 = 100.0%) {0.0%}
2516  ... 

Histogram: SafeBrowsing.BrowserThrottle.IsCheckCompletedOnProcessResponse recorded 1 samples, mean = 1.0 (flags = 0x41)
0  O                                                                         (0 = 0.0%)
1  -O                                                                        (1 = 100.0%) {0.0%}
2  O                                                                         (0 = 0.0%) {100.0%}

Histogram: SafeBrowsing.BrowserThrottle.RequestDestination recorded 1 samples, mean = 3.0 (flags = 0x41)
0  ... 
3  -O                                                                        (1 = 100.0%) {0.0%}
4  ... 

Histogram: SafeBrowsing.BrowserThrottle.RequestDestination.Checked recorded 1 samples, mean = 3.0 (flags = 0x41)
0  ... 
3  -O                                                                        (1 = 100.0%) {0.0%}
4  ... 

Histogram: SafeBrowsing.BrowserThrottle.TotalDelay2.FromNetwork recorded 1 samples, mean = 0.0 (flags = 0x41)
0  -O                                                                        (1 = 100.0%)
1  ... 

Histogram: SafeBrowsing.BrowserThrottle.TotalDelay2.HashPrefixDatabaseCheck recorded 2 samples, mean = 0.0 (flags = 0x41)
0  --O                                                                       (2 = 100.0%)
1  ... 

Histogram: SafeBrowsing.BrowserThrottle.WillProcessResponseCount recorded 1 samples, mean = 1.0 (flags = 0x41)
0  O                                                                         (0 = 0.0%)
1  -O                                                                        (1 = 100.0%) {0.0%}
2  ... 

Histogram: SafeBrowsing.CheckBrowseUrl.HasLocalMatch recorded 2 samples, mean = 1.0 (flags = 0x41)
0  O                                                                         (0 = 0.0%)
1  --O                                                                       (2 = 100.0%) {0.0%}
2  O                                                                         (0 = 0.0%) {100.0%}

Histogram: SafeBrowsing.CheckUrl.Action recorded 2 samples, mean = 0.0 (flags = 0x41)
0  --O                                                                       (2 = 100.0%)
1  ... 

Histogram: SafeBrowsing.CheckUrl.FirstRequestThreatType2 recorded 1 samples, mean = 1.0 (flags = 0x41)
0  O                                                                         (0 = 0.0%)
1  -O                                                                        (1 = 100.0%) {0.0%}
2  ... 

Histogram: SafeBrowsing.CheckUrl.FirstRequestThreatType2.LocalPVer4 recorded 1 samples, mean = 1.0 (flags = 0x41)
0  O                                                                         (0 = 0.0%)
1  -O                                                                        (1 = 100.0%) {0.0%}
2  ... 

Histogram: SafeBrowsing.CheckUrl.FirstRequestTimedOut recorded 1 samples, mean = 0.0 (flags = 0x41)
0  -O                                                                        (1 = 100.0%)
1  ... 

Histogram: SafeBrowsing.CheckUrl.FirstRequestTimedOut.LocalPVer4 recorded 1 samples, mean = 0.0 (flags = 0x41)
0  -O                                                                        (1 = 100.0%)
1  ... 

Histogram: SafeBrowsing.CheckUrl.IsDocumentCheckPrefetch recorded 2 samples, mean = 0.0 (flags = 0x41)
0  --O                                                                       (2 = 100.0%)
1  ... 

Histogram: SafeBrowsing.CheckUrl.TimeTaken.HashDatabase recorded 2 samples, mean = 518.5 (flags = 0x41)
0    O                                                                         (0 = 0.0%)
1    -O                                                                        (1 = 50.0%) {0.0%}
2    ... 
894  -O                                                                        (1 = 50.0%) {50.0%}
1062 ... 

Histogram: SafeBrowsing.CheckUrl.Timeout recorded 2 samples, mean = 0.0 (flags = 0x41)
0  --O                                                                       (2 = 100.0%)
1  ... 

Histogram: SafeBrowsing.CheckUrl.UrlScheme recorded 2 samples, mean = 10.0 (flags = 0x41)
0   ... 
10  --O                                                                       (2 = 100.0%) {0.0%}
11  ... 

Histogram: SafeBrowsing.ClientSidePhishingDetection.AllowlistMatchResult recorded 1 samples, mean = 1.0 (flags = 0x41)
0  O                                                                         (0 = 0.0%)
1  -O                                                                        (1 = 100.0%) {0.0%}
2  ... 

Histogram: SafeBrowsing.FileTypeUpdate.DynamicUpdateResult recorded 1 samples (flags = 0x41)
1  -O                                                                        (1 = 100.0%)

Histogram: SafeBrowsing.FileTypeUpdate.DynamicUpdateVersion recorded 1 samples (flags = 0x41)
69  -O                                                                        (1 = 100.0%)

Histogram: SafeBrowsing.FileTypeUpdate.ResourceBundleResult recorded 1 samples (flags = 0x41)
1  -O                                                                        (1 = 100.0%)

Histogram: SafeBrowsing.FileTypeUpdate.ResourceBundleVersion recorded 1 samples (flags = 0x41)
66  -O                                                                        (1 = 100.0%)

Histogram: SafeBrowsing.HPRT.Cache.FullHashCount recorded 4 samples, mean = 0.0 (flags = 0x41)
0  ----O                                                                     (4 = 100.0%)
1  ... 

Histogram: SafeBrowsing.HPRT.Cache.HashPrefixCount recorded 4 samples, mean = 0.0 (flags = 0x41)
0  ----O                                                                     (4 = 100.0%)
1  ... 

Histogram: SafeBrowsing.HPRT.Ineligible.FeatureOff recorded 1 samples, mean = 0.0 (flags = 0x41)
0  -O                                                                        (1 = 100.0%)
1  ... 

Histogram: SafeBrowsing.HPRT.Ineligible.IneligibleForLocation recorded 1 samples, mean = 0.0 (flags = 0x41)
0  -O                                                                        (1 = 100.0%)
1  ... 

Histogram: SafeBrowsing.HPRT.Ineligible.IneligibleForSessionOrLocation recorded 1 samples, mean = 1.0 (flags = 0x41)
0  O                                                                         (0 = 0.0%)
1  -O                                                                        (1 = 100.0%) {0.0%}
2  O                                                                         (0 = 0.0%) {100.0%}

Histogram: SafeBrowsing.HPRT.Ineligible.NoGoogleChromeBranding recorded 1 samples, mean = 1.0 (flags = 0x41)
0  O                                                                         (0 = 0.0%)
1  -O                                                                        (1 = 100.0%) {0.0%}
2  O                                                                         (0 = 0.0%) {100.0%}

Histogram: SafeBrowsing.HPRT.Ineligible.NotAllowedByPolicy recorded 1 samples, mean = 0.0 (flags = 0x41)
0  -O                                                                        (1 = 100.0%)
1  ... 

Histogram: SafeBrowsing.HPRT.Ineligible.NotStandardProtection recorded 1 samples, mean = 0.0 (flags = 0x41)
0  -O                                                                        (1 = 100.0%)
1  ... 

Histogram: SafeBrowsing.HPRT.Ineligible.OffTheRecord recorded 1 samples, mean = 0.0 (flags = 0x41)
0  -O                                                                        (1 = 100.0%)
1  ... 

Histogram: SafeBrowsing.HasCookieAtStartup2 recorded 1 samples, mean = 0.0 (flags = 0x41)
0  -O                                                                        (1 = 100.0%)
1  ... 

Histogram: SafeBrowsing.PageLoadToken.TokenCount recorded 4 samples, mean = 0.0 (flags = 0x41)
0  ----O                                                                     (4 = 100.0%)
1  ... 

Histogram: SafeBrowsing.Pref.Enhanced recorded 1 samples, mean = 0.0 (flags = 0x41)
0  -O                                                                        (1 = 100.0%)
1  ... 

Histogram: SafeBrowsing.Pref.Enhanced.RegularProfile recorded 1 samples, mean = 0.0 (flags = 0x41)
0  -O                                                                        (1 = 100.0%)
1  ... 

Histogram: SafeBrowsing.Pref.Extended recorded 1 samples, mean = 0.0 (flags = 0x41)
0  -O                                                                        (1 = 100.0%)
1  ... 

Histogram: SafeBrowsing.Pref.General recorded 1 samples, mean = 1.0 (flags = 0x41)
0  O                                                                         (0 = 0.0%)
1  -O                                                                        (1 = 100.0%) {0.0%}
2  O                                                                         (0 = 0.0%) {100.0%}

Histogram: SafeBrowsing.RT.CacheManager.CleanUpTime recorded 4 samples, mean = 0.0 (flags = 0x41)
0  ----O                                                                     (4 = 100.0%)
1  ... 

Histogram: SafeBrowsing.RT.CanCheckDatabase recorded 2 samples, mean = 1.0 (flags = 0x41)
0  O                                                                         (0 = 0.0%)
1  --O                                                                       (2 = 100.0%) {0.0%}
2  O                                                                         (0 = 0.0%) {100.0%}

Histogram: SafeBrowsing.RT.ConsumerVersionReason recorded 2 samples, mean = 1.0 (flags = 0x41)
0  -O                                                                        (1 = 50.0%)
1  O                                                                         (0 = 0.0%) {50.0%}
2  -O                                                                        (1 = 50.0%) {50.0%}
3  ... 

Histogram: SafeBrowsing.RendererThrottle.IsCheckCompletedOnProcessResponse recorded 46 samples, mean = 1.0 (flags = 0x41)
0  O                                                                         (0 = 0.0%)
1  ----------------------------------------------O                           (46 = 100.0%) {0.0%}
2  O                                                                         (0 = 0.0%) {100.0%}

Histogram: SafeBrowsing.RendererThrottle.RequestDestination recorded 46 samples, mean = 10.8 (flags = 0x41)
0   -----O                                                                    (5 = 10.9%)
1   ... 
5   -----O                                                                    (5 = 10.9%) {10.9%}
6   ... 
8   ---O                                                                      (3 = 6.5%) {21.7%}
9   -O                                                                        (1 = 2.2%) {28.3%}
10  ... 
13  ------------------------O                                                 (24 = 52.2%) {30.4%}
14  ... 
16  --------O                                                                 (8 = 17.4%) {82.6%}
17  ... 

Histogram: SafeBrowsing.V4Database.Size recorded 1 samples, mean = 0.0 (flags = 0x41)
0  -O                                                                        (1 = 100.0%)
1  ... 

Histogram: SafeBrowsing.V4Database.Size.ChromeExtMalware recorded 1 samples, mean = 0.0 (flags = 0x41)
0  -O                                                                        (1 = 100.0%)
1  ... 

Histogram: SafeBrowsing.V4Database.Size.UrlBilling recorded 1 samples, mean = 0.0 (flags = 0x41)
0  -O                                                                        (1 = 100.0%)
1  ... 

Histogram: SafeBrowsing.V4Database.Size.UrlCsdDownloadAllowlist recorded 1 samples, mean = 0.0 (flags = 0x41)
0  -O                                                                        (1 = 100.0%)
1  ... 

Histogram: SafeBrowsing.V4Database.Size.UrlMalBin recorded 1 samples, mean = 0.0 (flags = 0x41)
0  -O                                                                        (1 = 100.0%)
1  ... 

Histogram: SafeBrowsing.V4Database.Size.UrlMalware recorded 1 samples, mean = 0.0 (flags = 0x41)
0  -O                                                                        (1 = 100.0%)
1  ... 

Histogram: SafeBrowsing.V4Database.Size.UrlSoceng recorded 1 samples, mean = 0.0 (flags = 0x41)
0  -O                                                                        (1 = 100.0%)
1  ... 

Histogram: SafeBrowsing.V4Database.Size.UrlUws recorded 1 samples, mean = 0.0 (flags = 0x41)
0  -O                                                                        (1 = 100.0%)
1  ... 

Histogram: SafeBrowsing.V4Database.SizeLinear recorded 1 samples, mean = 0.0 (flags = 0x41)
0  -O                                                                        (1 = 100.0%)
1  ... 

Histogram: SafeBrowsing.V4Database.SizeLinear.ChromeExtMalware recorded 1 samples, mean = 0.0 (flags = 0x41)
0  -O                                                                        (1 = 100.0%)
1  ... 

Histogram: SafeBrowsing.V4Database.SizeLinear.UrlMalBin recorded 1 samples, mean = 0.0 (flags = 0x41)
0  -O                                                                        (1 = 100.0%)
1  ... 

Histogram: SafeBrowsing.V4Database.SizeLinear.UrlSoceng recorded 1 samples, mean = 0.0 (flags = 0x41)
0  -O                                                                        (1 = 100.0%)
1  ... 

Histogram: SafeBrowsing.V4DatabaseInitializationTime recorded 1 samples, mean = 18572.0 (flags = 0x41)
0      ... 
10000  -O                                                                        (1 = 100.0%) {0.0%}

Histogram: SafeBrowsing.V4Store.IsStoreValid recorded 7 samples, mean = 0.0 (flags = 0x41)
0  -------O                                                                  (7 = 100.0%)
1  ... 

Histogram: SafeBrowsing.V4Store.IsStoreValid.ChromeExtMalware recorded 1 samples, mean = 0.0 (flags = 0x41)
0  -O                                                                        (1 = 100.0%)
1  ... 

Histogram: SafeBrowsing.V4Store.IsStoreValid.UrlBilling recorded 1 samples, mean = 0.0 (flags = 0x41)
0  -O                                                                        (1 = 100.0%)
1  ... 

Histogram: SafeBrowsing.V4Store.IsStoreValid.UrlCsdDownloadAllowlist recorded 1 samples, mean = 0.0 (flags = 0x41)
0  -O                                                                        (1 = 100.0%)
1  ... 

Histogram: SafeBrowsing.V4Store.IsStoreValid.UrlMalBin recorded 1 samples, mean = 0.0 (flags = 0x41)
0  -O                                                                        (1 = 100.0%)
1  ... 

Histogram: SafeBrowsing.V4Store.IsStoreValid.UrlMalware recorded 1 samples, mean = 0.0 (flags = 0x41)
0  -O                                                                        (1 = 100.0%)
1  ... 

Histogram: SafeBrowsing.V4Store.IsStoreValid.UrlSoceng recorded 1 samples, mean = 0.0 (flags = 0x41)
0  -O                                                                        (1 = 100.0%)
1  ... 

Histogram: SafeBrowsing.V4Store.IsStoreValid.UrlUws recorded 1 samples, mean = 0.0 (flags = 0x41)
0  -O                                                                        (1 = 100.0%)
1  ... 

Histogram: SafeBrowsing.V4Store.ReadyOnStartup recorded 7 samples, mean = 0.0 (flags = 0x41)
0  -------O                                                                  (7 = 100.0%)
1  ... 

Histogram: SafeBrowsing.V4StoreRead.Result recorded 7 samples, mean = 2.0 (flags = 0x41)
0  ... 
2  -------O                                                                  (7 = 100.0%) {0.0%}
3  ... 

Histogram: SafeBrowsing.V4Update.Network.Result recorded 3 samples (flags = 0x41)
400  ---O                                                                      (3 = 100.0%)

Histogram: SafeBrowsing.V4Update.Result recorded 3 samples, mean = 2.0 (flags = 0x41)
0  ... 
2  ---O                                                                      (3 = 100.0%) {0.0%}
3  ... 

Histogram: Scheduling.MessagePumpTimeKeeper.BrowserIO recorded 0 samples (flags = 0x41)
0 ... 

Histogram: Scheduling.MessagePumpTimeKeeper.BrowserUI recorded 0 samples (flags = 0x41)
0 ... 

Histogram: Scheduling.ThreadController.ActiveIntervalDuration.Any.BrowserUI recorded 25 samples, mean = 0.0 (flags = 0x41)
0  -------------------------O                                                (25 = 100.0%)
1  ... 

Histogram: Scheduling.ThreadController.ActiveIntervalDuration.Any.Other recorded 125 samples, mean = 0.0 (flags = 0x41)
0  ------------------------------------------------------------------------O (122 = 97.6%)
1  --O                                                                       (3 = 2.4%) {97.6%}
2  ... 

Histogram: Scheduling.ThreadController.ActiveIntervalDuration.Medium.Other recorded 3 samples, mean = 1.0 (flags = 0x41)
0  O                                                                         (0 = 0.0%)
1  ---O                                                                      (3 = 100.0%) {0.0%}
2  ... 

Histogram: Scheduling.ThreadController.ActiveIntervalDuration.Short.BrowserUI recorded 25 samples, mean = 2.2 (flags = 0x41)
0  -O                                                                        (1 = 4.0%)
1  -----O                                                                    (5 = 20.0%) {4.0%}
2  -----------O                                                              (11 = 44.0%) {24.0%}
3  -----O                                                                    (5 = 20.0%) {68.0%}
4  --O                                                                       (2 = 8.0%) {88.0%}
5  O                                                                         (0 = 0.0%) {96.0%}
6  -O                                                                        (1 = 4.0%) {96.0%}
7  ... 

Histogram: Scheduling.ThreadController.ActiveIntervalDuration.Short.Other recorded 122 samples, mean = 130.5 (flags = 0x41)
0    ... 
8    -O                                                                        (1 = 0.8%) {0.0%}
9    --O                                                                       (2 = 1.6%) {0.8%}
10   -------O                                                                  (7 = 5.7%) {2.5%}
11   -------------O                                                            (13 = 10.7%) {8.2%}
12   -------------O                                                            (13 = 10.7%) {18.9%}
13   ------O                                                                   (6 = 4.9%) {29.5%}
14   ---O                                                                      (3 = 2.5%) {34.4%}
15   --O                                                                       (2 = 1.6%) {36.9%}
16   O                                                                         (0 = 0.0%) {38.5%}
17   -O                                                                        (1 = 0.8%) {38.5%}
18   -O                                                                        (1 = 0.8%) {39.3%}
19   ... 
21   -O                                                                        (1 = 0.8%) {40.2%}
22   -O                                                                        (1 = 0.8%) {41.0%}
23   ... 
25   -O                                                                        (1 = 0.8%) {41.8%}
26   O                                                                         (0 = 0.0%) {42.6%}
27   -O                                                                        (1 = 0.8%) {42.6%}
28   ... 
31   -O                                                                        (1 = 0.8%) {43.4%}
33   ... 
39   -O                                                                        (1 = 0.8%) {44.3%}
41   ... 
47   -O                                                                        (1 = 0.8%) {45.1%}
49   -O                                                                        (1 = 0.8%) {45.9%}
52   -O                                                                        (1 = 0.8%) {46.7%}
55   --O                                                                       (2 = 1.6%) {47.5%}
58   -O                                                                        (1 = 0.8%) {49.2%}
61   -O                                                                        (1 = 0.8%) {50.0%}
64   -O                                                                        (1 = 0.8%) {50.8%}
67   ... 
82   ---O                                                                      (3 = 2.5%) {51.6%}
86   O                                                                         (0 = 0.0%) {54.1%}
90   --O                                                                       (2 = 1.6%) {54.1%}
95   -O                                                                        (1 = 0.8%) {55.7%}
100  O                                                                         (0 = 0.0%) {56.6%}
105  -O                                                                        (1 = 0.8%) {56.6%}
110  ----O                                                                     (4 = 3.3%) {57.4%}
116  --O                                                                       (2 = 1.6%) {60.7%}
122  --O                                                                       (2 = 1.6%) {62.3%}
128  --O                                                                       (2 = 1.6%) {63.9%}
135  -O                                                                        (1 = 0.8%) {65.6%}
142  ----O                                                                     (4 = 3.3%) {66.4%}
149  --O                                                                       (2 = 1.6%) {69.7%}
157  ---O                                                                      (3 = 2.5%) {71.3%}
165  -O                                                                        (1 = 0.8%) {73.8%}
173  ----O                                                                     (4 = 3.3%) {74.6%}
182  --O                                                                       (2 = 1.6%) {77.9%}
191  ---O                                                                      (3 = 2.5%) {79.5%}
201  -O                                                                        (1 = 0.8%) {82.0%}
211  -O                                                                        (1 = 0.8%) {82.8%}
222  --O                                                                       (2 = 1.6%) {83.6%}
233  O                                                                         (0 = 0.0%) {85.2%}
245  -O                                                                        (1 = 0.8%) {85.2%}
258  O                                                                         (0 = 0.0%) {86.1%}
271  -O                                                                        (1 = 0.8%) {86.1%}
285  --O                                                                       (2 = 1.6%) {86.9%}
300  O                                                                         (0 = 0.0%) {88.5%}
315  --O                                                                       (2 = 1.6%) {88.5%}
331  -O                                                                        (1 = 0.8%) {90.2%}
348  ... 
405  --O                                                                       (2 = 1.6%) {91.0%}
426  --O                                                                       (2 = 1.6%) {92.6%}
448  ... 
520  --O                                                                       (2 = 1.6%) {94.3%}
547  ... 
636  -O                                                                        (1 = 0.8%) {95.9%}
669  -O                                                                        (1 = 0.8%) {96.7%}
703  -O                                                                        (1 = 0.8%) {97.5%}
739  ... 
817  -O                                                                        (1 = 0.8%) {98.4%}
859  O                                                                         (0 = 0.0%) {99.2%}
904  -O                                                                        (1 = 0.8%) {99.2%}
951  ... 

Histogram: Scheduling.ThreadController.ActiveIntervalOffCpuDuration.Any.BrowserUI recorded 25 samples, mean = 0.0 (flags = 0x41)
0  -------------------------O                                                (25 = 100.0%)
1  ... 

Histogram: Scheduling.ThreadController.ActiveIntervalOffCpuDuration.Any.Other recorded 125 samples, mean = 0.0 (flags = 0x41)
0  ------------------------------------------------------------------------O (124 = 99.2%)
1  -O                                                                        (1 = 0.8%) {99.2%}
2  ... 

Histogram: Scheduling.ThreadController.ActiveIntervalOffCpuDuration.Medium.Other recorded 3 samples, mean = 0.3 (flags = 0x41)
0  --O                                                                       (2 = 66.7%)
1  -O                                                                        (1 = 33.3%) {66.7%}
2  ... 

Histogram: Scheduling.ThreadController.ActiveIntervalOffCpuDuration.Short.BrowserUI recorded 25 samples, mean = 1.0 (flags = 0x41)
0  --------O                                                                 (8 = 32.0%)
1  -----------O                                                              (11 = 44.0%) {32.0%}
2  -----O                                                                    (5 = 20.0%) {76.0%}
3  -O                                                                        (1 = 4.0%) {96.0%}
4  ... 

Histogram: Scheduling.ThreadController.ActiveIntervalOffCpuDuration.Short.Other recorded 122 samples, mean = 19.7 (flags = 0x41)
0    O                                                                         (0 = 0.0%)
1    --------------O                                                           (14 = 11.5%) {0.0%}
2    ----------------------------------------O                                 (40 = 32.8%) {11.5%}
3    ------------------O                                                       (18 = 14.8%) {44.3%}
4    -----------O                                                              (11 = 9.0%) {59.0%}
5    --O                                                                       (2 = 1.6%) {68.0%}
6    -O                                                                        (1 = 0.8%) {69.7%}
7    -O                                                                        (1 = 0.8%) {70.5%}
8    ---O                                                                      (3 = 2.5%) {71.3%}
9    --O                                                                       (2 = 1.6%) {73.8%}
10   ----O                                                                     (4 = 3.3%) {75.4%}
11   -O                                                                        (1 = 0.8%) {78.7%}
12   -O                                                                        (1 = 0.8%) {79.5%}
13   --O                                                                       (2 = 1.6%) {80.3%}
14   ... 
17   --O                                                                       (2 = 1.6%) {82.0%}
18   ... 
20   -O                                                                        (1 = 0.8%) {83.6%}
21   -O                                                                        (1 = 0.8%) {84.4%}
22   O                                                                         (0 = 0.0%) {85.2%}
23   --O                                                                       (2 = 1.6%) {85.2%}
24   -O                                                                        (1 = 0.8%) {86.9%}
25   ... 
35   --O                                                                       (2 = 1.6%) {87.7%}
37   ... 
49   -O                                                                        (1 = 0.8%) {89.3%}
52   ... 
58   -O                                                                        (1 = 0.8%) {90.2%}
61   O                                                                         (0 = 0.0%) {91.0%}
64   -O                                                                        (1 = 0.8%) {91.0%}
67   -O                                                                        (1 = 0.8%) {91.8%}
70   -O                                                                        (1 = 0.8%) {92.6%}
74   --O                                                                       (2 = 1.6%) {93.4%}
78   -O                                                                        (1 = 0.8%) {95.1%}
82   ... 
128  -O                                                                        (1 = 0.8%) {95.9%}
135  ... 
245  -O                                                                        (1 = 0.8%) {96.7%}
258  ... 
285  --O                                                                       (2 = 1.6%) {97.5%}
300  O                                                                         (0 = 0.0%) {99.2%}
315  -O                                                                        (1 = 0.8%) {99.2%}
331  ... 

Histogram: Scheduling.ThreadController.ActiveIntervalOnCpuDuration.Any.BrowserUI recorded 25 samples, mean = 0.0 (flags = 0x41)
0  -------------------------O                                                (25 = 100.0%)
1  ... 

Histogram: Scheduling.ThreadController.ActiveIntervalOnCpuDuration.Any.Other recorded 125 samples, mean = 0.0 (flags = 0x41)
0  ------------------------------------------------------------------------O (124 = 99.2%)
1  -O                                                                        (1 = 0.8%) {99.2%}
2  ... 

Histogram: Scheduling.ThreadController.ActiveIntervalOnCpuDuration.Medium.Other recorded 3 samples, mean = 0.3 (flags = 0x41)
0  --O                                                                       (2 = 66.7%)
1  -O                                                                        (1 = 33.3%) {66.7%}
2  ... 

Histogram: Scheduling.ThreadController.ActiveIntervalOnCpuDuration.Short.BrowserUI recorded 25 samples, mean = 1.3 (flags = 0x41)
0  --O                                                                       (2 = 8.0%)
1  ---------------O                                                          (15 = 60.0%) {8.0%}
2  -------O                                                                  (7 = 28.0%) {68.0%}
3  -O                                                                        (1 = 4.0%) {96.0%}
4  ... 

Histogram: Scheduling.ThreadController.ActiveIntervalOnCpuDuration.Short.Other recorded 122 samples, mean = 110.8 (flags = 0x41)
0    --O                                                                       (2 = 1.6%)
1    ... 
6    -O                                                                        (1 = 0.8%) {1.6%}
7    --O                                                                       (2 = 1.6%) {2.5%}
8    ------------O                                                             (12 = 9.8%) {4.1%}
9    --------------O                                                           (14 = 11.5%) {13.9%}
10   ---------O                                                                (9 = 7.4%) {25.4%}
11   -----O                                                                    (5 = 4.1%) {32.8%}
12   -----O                                                                    (5 = 4.1%) {36.9%}
13   ... 
15   -O                                                                        (1 = 0.8%) {41.0%}
16   O                                                                         (0 = 0.0%) {41.8%}
17   --O                                                                       (2 = 1.6%) {41.8%}
18   -O                                                                        (1 = 0.8%) {43.4%}
19   -O                                                                        (1 = 0.8%) {44.3%}
20   ... 
29   -O                                                                        (1 = 0.8%) {45.1%}
31   ... 
37   -O                                                                        (1 = 0.8%) {45.9%}
39   O                                                                         (0 = 0.0%) {46.7%}
41   -O                                                                        (1 = 0.8%) {46.7%}
43   -O                                                                        (1 = 0.8%) {47.5%}
45   --O                                                                       (2 = 1.6%) {48.4%}
47   ... 
52   --O                                                                       (2 = 1.6%) {50.0%}
55   O                                                                         (0 = 0.0%) {51.6%}
58   -O                                                                        (1 = 0.8%) {51.6%}
61   -O                                                                        (1 = 0.8%) {52.5%}
64   ... 
74   -O                                                                        (1 = 0.8%) {53.3%}
78   --O                                                                       (2 = 1.6%) {54.1%}
82   -O                                                                        (1 = 0.8%) {55.7%}
86   --O                                                                       (2 = 1.6%) {56.6%}
90   ... 
105  ----O                                                                     (4 = 3.3%) {58.2%}
110  ---O                                                                      (3 = 2.5%) {61.5%}
116  ----O                                                                     (4 = 3.3%) {63.9%}
122  O                                                                         (0 = 0.0%) {67.2%}
128  --O                                                                       (2 = 1.6%) {67.2%}
135  --O                                                                       (2 = 1.6%) {68.9%}
142  ---O                                                                      (3 = 2.5%) {70.5%}
149  ------O                                                                   (6 = 4.9%) {73.0%}
157  ---O                                                                      (3 = 2.5%) {77.9%}
165  -O                                                                        (1 = 0.8%) {80.3%}
173  ---O                                                                      (3 = 2.5%) {81.1%}
182  --O                                                                       (2 = 1.6%) {83.6%}
191  -O                                                                        (1 = 0.8%) {85.2%}
201  -O                                                                        (1 = 0.8%) {86.1%}
211  --O                                                                       (2 = 1.6%) {86.9%}
222  O                                                                         (0 = 0.0%) {88.5%}
233  -O                                                                        (1 = 0.8%) {88.5%}
245  -O                                                                        (1 = 0.8%) {89.3%}
258  -O                                                                        (1 = 0.8%) {90.2%}
271  --O                                                                       (2 = 1.6%) {91.0%}
285  ... 
348  -O                                                                        (1 = 0.8%) {92.6%}
366  -O                                                                        (1 = 0.8%) {93.4%}
385  -O                                                                        (1 = 0.8%) {94.3%}
405  ... 
471  -O                                                                        (1 = 0.8%) {95.1%}
495  ... 
575  -O                                                                        (1 = 0.8%) {95.9%}
605  O                                                                         (0 = 0.0%) {96.7%}
636  -O                                                                        (1 = 0.8%) {96.7%}
669  O                                                                         (0 = 0.0%) {97.5%}
703  -O                                                                        (1 = 0.8%) {97.5%}
739  -O                                                                        (1 = 0.8%) {98.4%}
777  ... 
859  -O                                                                        (1 = 0.8%) {99.2%}
904  ... 

Histogram: Scheduling.ThreadController.ActiveIntervalOnCpuPercentage.Any.BrowserUI recorded 25 samples, mean = 63.2 (flags = 0x41)
0    -O                                                                        (1 = 4.0%)
1    ... 
33   ---O                                                                      (3 = 12.0%) {4.0%}
34   ... 
50   -----------O                                                              (11 = 44.0%) {16.0%}
51   ... 
66   --O                                                                       (2 = 8.0%) {60.0%}
67   ... 
100  --------O                                                                 (8 = 32.0%) {68.0%}
101  O                                                                         (0 = 0.0%) {100.0%}

Histogram: Scheduling.ThreadController.ActiveIntervalOnCpuPercentage.Any.Other recorded 125 samples, mean = 83.8 (flags = 0x41)
0   --O                                                                       (2 = 1.6%)
1   ... 
34  -O                                                                        (1 = 0.8%) {1.6%}
35  ... 
40  -O                                                                        (1 = 0.8%) {2.4%}
41  ... 
52  -O                                                                        (1 = 0.8%) {3.2%}
53  ... 
62  -O                                                                        (1 = 0.8%) {4.0%}
63  O                                                                         (0 = 0.0%) {4.8%}
64  -O                                                                        (1 = 0.8%) {4.8%}
65  O                                                                         (0 = 0.0%) {5.6%}
66  ---O                                                                      (3 = 2.4%) {5.6%}
67  O                                                                         (0 = 0.0%) {8.0%}
68  --O                                                                       (2 = 1.6%) {8.0%}
69  -O                                                                        (1 = 0.8%) {9.6%}
70  ---O                                                                      (3 = 2.4%) {10.4%}
71  O                                                                         (0 = 0.0%) {12.8%}
72  ----O                                                                     (4 = 3.2%) {12.8%}
73  -O                                                                        (1 = 0.8%) {16.0%}
74  O                                                                         (0 = 0.0%) {16.8%}
75  -----O                                                                    (5 = 4.0%) {16.8%}
76  ---O                                                                      (3 = 2.4%) {20.8%}
77  ---O                                                                      (3 = 2.4%) {23.2%}
78  --O                                                                       (2 = 1.6%) {25.6%}
79  O                                                                         (0 = 0.0%) {27.2%}
80  -------O                                                                  (7 = 5.6%) {27.2%}
81  --------O                                                                 (8 = 6.4%) {32.8%}
82  -O                                                                        (1 = 0.8%) {39.2%}
83  -------O                                                                  (7 = 5.6%) {40.0%}
84  -O                                                                        (1 = 0.8%) {45.6%}
85  ---O                                                                      (3 = 2.4%) {46.4%}
86  --O                                                                       (2 = 1.6%) {48.8%}
87  ----O                                                                     (4 = 3.2%) {50.4%}
88  --O                                                                       (2 = 1.6%) {53.6%}
89  --O                                                                       (2 = 1.6%) {55.2%}
90  ----O                                                                     (4 = 3.2%) {56.8%}
91  ---O                                                                      (3 = 2.4%) {60.0%}
92  --O                                                                       (2 = 1.6%) {62.4%}
93  ---O                                                                      (3 = 2.4%) {64.0%}
94  -----O                                                                    (5 = 4.0%) {66.4%}
95  ---O                                                                      (3 = 2.4%) {70.4%}
96  ----O                                                                     (4 = 3.2%) {72.8%}
97  --------O                                                                 (8 = 6.4%) {76.0%}
98  ---------------O                                                          (15 = 12.0%) {82.4%}
99  -------O                                                                  (7 = 5.6%) {94.4%}
100 ... 

Histogram: Scheduling.ThreadController.ActiveIntervalOnCpuPercentage.Medium.Other recorded 3 samples, mean = 74.3 (flags = 0x41)
0   ... 
40  -O                                                                        (1 = 33.3%) {0.0%}
41  ... 
86  -O                                                                        (1 = 33.3%) {33.3%}
87  ... 
97  -O                                                                        (1 = 33.3%) {66.7%}
98  ... 

Histogram: Scheduling.ThreadController.ActiveIntervalOnCpuPercentage.Short.BrowserUI recorded 25 samples, mean = 63.2 (flags = 0x41)
0    -O                                                                        (1 = 4.0%)
1    ... 
33   ---O                                                                      (3 = 12.0%) {4.0%}
34   ... 
50   -----------O                                                              (11 = 44.0%) {16.0%}
51   ... 
66   --O                                                                       (2 = 8.0%) {60.0%}
67   ... 
100  --------O                                                                 (8 = 32.0%) {68.0%}
101  O                                                                         (0 = 0.0%) {100.0%}

Histogram: Scheduling.ThreadController.ActiveIntervalOnCpuPercentage.Short.Other recorded 122 samples, mean = 84.0 (flags = 0x41)
0   --O                                                                       (2 = 1.6%)
1   ... 
34  -O                                                                        (1 = 0.8%) {1.6%}
35  ... 
52  -O                                                                        (1 = 0.8%) {2.5%}
53  ... 
62  -O                                                                        (1 = 0.8%) {3.3%}
63  O                                                                         (0 = 0.0%) {4.1%}
64  -O                                                                        (1 = 0.8%) {4.1%}
65  O                                                                         (0 = 0.0%) {4.9%}
66  ---O                                                                      (3 = 2.5%) {4.9%}
67  O                                                                         (0 = 0.0%) {7.4%}
68  --O                                                                       (2 = 1.6%) {7.4%}
69  -O                                                                        (1 = 0.8%) {9.0%}
70  ---O                                                                      (3 = 2.5%) {9.8%}
71  O                                                                         (0 = 0.0%) {12.3%}
72  ----O                                                                     (4 = 3.3%) {12.3%}
73  -O                                                                        (1 = 0.8%) {15.6%}
74  O                                                                         (0 = 0.0%) {16.4%}
75  -----O                                                                    (5 = 4.1%) {16.4%}
76  ---O                                                                      (3 = 2.5%) {20.5%}
77  ---O                                                                      (3 = 2.5%) {23.0%}
78  --O                                                                       (2 = 1.6%) {25.4%}
79  O                                                                         (0 = 0.0%) {27.0%}
80  -------O                                                                  (7 = 5.7%) {27.0%}
81  --------O                                                                 (8 = 6.6%) {32.8%}
82  -O                                                                        (1 = 0.8%) {39.3%}
83  -------O                                                                  (7 = 5.7%) {40.2%}
84  -O                                                                        (1 = 0.8%) {45.9%}
85  ---O                                                                      (3 = 2.5%) {46.7%}
86  -O                                                                        (1 = 0.8%) {49.2%}
87  ----O                                                                     (4 = 3.3%) {50.0%}
88  --O                                                                       (2 = 1.6%) {53.3%}
89  --O                                                                       (2 = 1.6%) {54.9%}
90  ----O                                                                     (4 = 3.3%) {56.6%}
91  ---O                                                                      (3 = 2.5%) {59.8%}
92  --O                                                                       (2 = 1.6%) {62.3%}
93  ---O                                                                      (3 = 2.5%) {63.9%}
94  -----O                                                                    (5 = 4.1%) {66.4%}
95  ---O                                                                      (3 = 2.5%) {70.5%}
96  ----O                                                                     (4 = 3.3%) {73.0%}
97  -------O                                                                  (7 = 5.7%) {76.2%}
98  ---------------O                                                          (15 = 12.3%) {82.0%}
99  -------O                                                                  (7 = 5.7%) {94.3%}
100 ... 

Histogram: Scheduling.ThreadController.IdleDuration.Any.BrowserUI recorded 25 samples, mean = 0.0 (flags = 0x41)
0  -------------------------O                                                (25 = 100.0%)
1  ... 

Histogram: Scheduling.ThreadController.IdleDuration.Any.Other recorded 74 samples, mean = 1940.0 (flags = 0x41)
0      ------------O                                                             (12 = 16.2%)
1      ... 
3      -O                                                                        (1 = 1.4%) {16.2%}
4      -O                                                                        (1 = 1.4%) {17.6%}
5      ... 
8      -O                                                                        (1 = 1.4%) {18.9%}
10     ------O                                                                   (6 = 8.1%) {20.3%}
12     ----O                                                                     (4 = 5.4%) {28.4%}
14     -----O                                                                    (5 = 6.8%) {33.8%}
17     -O                                                                        (1 = 1.4%) {40.5%}
20     -----O                                                                    (5 = 6.8%) {41.9%}
24     -------O                                                                  (7 = 9.5%) {48.6%}
29     -----O                                                                    (5 = 6.8%) {58.1%}
34     --O                                                                       (2 = 2.7%) {64.9%}
40     -----O                                                                    (5 = 6.8%) {67.6%}
48     O                                                                         (0 = 0.0%) {74.3%}
57     --O                                                                       (2 = 2.7%) {74.3%}
68     O                                                                         (0 = 0.0%) {77.0%}
81     ---O                                                                      (3 = 4.1%) {77.0%}
96     --O                                                                       (2 = 2.7%) {81.1%}
114    -O                                                                        (1 = 1.4%) {83.8%}
135    ... 
894    ---O                                                                      (3 = 4.1%) {85.1%}
1062   ... 
1500   -O                                                                        (1 = 1.4%) {89.2%}
1782   O                                                                         (0 = 0.0%) {90.5%}
2117   --O                                                                       (2 = 2.7%) {90.5%}
2516   ... 
3553   --O                                                                       (2 = 2.7%) {93.2%}
4222   ... 
10000  ---O                                                                      (3 = 4.1%) {95.9%}

Histogram: Scheduling.ThreadController.IdleDuration.Medium.Other recorded 48 samples, mean = 27.8 (flags = 0x41)
0   ... 
3   -O                                                                        (1 = 2.1%) {0.0%}
4   -O                                                                        (1 = 2.1%) {2.1%}
5   ... 
9   -O                                                                        (1 = 2.1%) {4.2%}
10  ----O                                                                     (4 = 8.3%) {6.2%}
11  --O                                                                       (2 = 4.2%) {14.6%}
12  --O                                                                       (2 = 4.2%) {18.8%}
13  --O                                                                       (2 = 4.2%) {22.9%}
14  --O                                                                       (2 = 4.2%) {27.1%}
15  -O                                                                        (1 = 2.1%) {31.2%}
16  --O                                                                       (2 = 4.2%) {33.3%}
17  -O                                                                        (1 = 2.1%) {37.5%}
18  ... 
20  ----O                                                                     (4 = 8.3%) {39.6%}
21  -O                                                                        (1 = 2.1%) {47.9%}
22  ... 
24  --O                                                                       (2 = 4.2%) {50.0%}
25  -O                                                                        (1 = 2.1%) {54.2%}
26  O                                                                         (0 = 0.0%) {56.2%}
27  ---O                                                                      (3 = 6.2%) {56.2%}
28  -O                                                                        (1 = 2.1%) {62.5%}
29  -O                                                                        (1 = 2.1%) {64.6%}
30  ---O                                                                      (3 = 6.2%) {66.7%}
31  O                                                                         (0 = 0.0%) {72.9%}
32  -O                                                                        (1 = 2.1%) {72.9%}
33  ... 
35  -O                                                                        (1 = 2.1%) {75.0%}
36  -O                                                                        (1 = 2.1%) {77.1%}
37  ... 
40  -O                                                                        (1 = 2.1%) {79.2%}
41  --O                                                                       (2 = 4.2%) {81.2%}
42  ... 
46  -O                                                                        (1 = 2.1%) {85.4%}
47  -O                                                                        (1 = 2.1%) {87.5%}
48  ... 
58  -O                                                                        (1 = 2.1%) {89.6%}
59  ... 
61  -O                                                                        (1 = 2.1%) {91.7%}
62  ... 
90  -O                                                                        (1 = 2.1%) {93.8%}
91  O                                                                         (0 = 0.0%) {95.8%}
92  -O                                                                        (1 = 2.1%) {95.8%}
93  O                                                                         (0 = 0.0%) {97.9%}
94  -O                                                                        (1 = 2.1%) {97.9%}
95  ... 

Histogram: Scheduling.ThreadController.IdleDuration.Short.BrowserUI recorded 25 samples, mean = 20.5 (flags = 0x41)
0    ... 
4    --O                                                                       (2 = 8.0%) {0.0%}
5    ----O                                                                     (4 = 16.0%) {8.0%}
6    O                                                                         (0 = 0.0%) {24.0%}
7    -O                                                                        (1 = 4.0%) {24.0%}
8    -O                                                                        (1 = 4.0%) {28.0%}
9    ---O                                                                      (3 = 12.0%) {32.0%}
10   -O                                                                        (1 = 4.0%) {44.0%}
11   O                                                                         (0 = 0.0%) {48.0%}
12   --O                                                                       (2 = 8.0%) {48.0%}
13   -O                                                                        (1 = 4.0%) {56.0%}
14   --O                                                                       (2 = 8.0%) {60.0%}
15   O                                                                         (0 = 0.0%) {68.0%}
16   -O                                                                        (1 = 4.0%) {68.0%}
17   -O                                                                        (1 = 4.0%) {72.0%}
18   O                                                                         (0 = 0.0%) {76.0%}
19   --O                                                                       (2 = 8.0%) {76.0%}
20   ... 
22   --O                                                                       (2 = 8.0%) {84.0%}
23   ... 
90   -O                                                                        (1 = 4.0%) {92.0%}
95   ... 
157  -O                                                                        (1 = 4.0%) {96.0%}
165  ... 

Histogram: Scheduling.ThreadController.IdleDuration.Short.Other recorded 12 samples, mean = 231.9 (flags = 0x41)
0    ... 
28   -O                                                                        (1 = 8.3%) {0.0%}
29   ... 
49   -O                                                                        (1 = 8.3%) {8.3%}
52   ... 
70   --O                                                                       (2 = 16.7%) {16.7%}
74   ... 
82   -O                                                                        (1 = 8.3%) {33.3%}
86   O                                                                         (0 = 0.0%) {41.7%}
90   -O                                                                        (1 = 8.3%) {41.7%}
95   ... 
110  -O                                                                        (1 = 8.3%) {50.0%}
116  ... 
149  -O                                                                        (1 = 8.3%) {58.3%}
157  O                                                                         (0 = 0.0%) {66.7%}
165  -O                                                                        (1 = 8.3%) {66.7%}
173  ... 
366  -O                                                                        (1 = 8.3%) {75.0%}
385  ... 
777  --O                                                                       (2 = 16.7%) {83.3%}
817  ... 

Histogram: Search.ChoiceReprompt recorded 1 samples, mean = 6.0 (flags = 0x41)
0  ... 
6  -O                                                                        (1 = 100.0%) {0.0%}
7  O                                                                         (0 = 0.0%) {100.0%}

Histogram: Search.SearchProviderOverrideStatus recorded 1 samples, mean = 0.0 (flags = 0x41)
0  -O                                                                        (1 = 100.0%)
1  ... 

Histogram: Security.GwpAsan.Activated.Malloc.Browser recorded 1 samples, mean = 0.0 (flags = 0x41)
0  -O                                                                        (1 = 100.0%)
1  ... 

Histogram: Security.GwpAsan.Activated.PartitionAlloc.Browser recorded 1 samples, mean = 0.0 (flags = 0x41)
0  -O                                                                        (1 = 100.0%)
1  ... 

Histogram: Security.HttpsFirstMode.SettingEnabledAtStartup recorded 1 samples, mean = 0.0 (flags = 0x41)
0  -O                                                                        (1 = 100.0%)
1  ... 

Histogram: Security.JSONParser.ChromiumExtensionUsage recorded 1 samples, mean = 1.0 (flags = 0x41)
0  O                                                                         (0 = 0.0%)
1  -O                                                                        (1 = 100.0%) {0.0%}
2  ... 

Histogram: Security.JSONParser.ParsingTime recorded 115 samples, mean = 26.7 (flags = 0x41)
0    -O                                                                        (1 = 0.9%)
1    --------------------------------------O                                   (38 = 33.0%) {0.9%}
2    -------------------------O                                                (25 = 21.7%) {33.9%}
3    ---O                                                                      (3 = 2.6%) {55.7%}
4    --O                                                                       (2 = 1.7%) {58.3%}
5    ---O                                                                      (3 = 2.6%) {60.0%}
7    -----O                                                                    (5 = 4.3%) {62.6%}
9    ----------O                                                               (10 = 8.7%) {67.0%}
12   ----------O                                                               (10 = 8.7%) {75.7%}
16   --O                                                                       (2 = 1.7%) {84.3%}
21   -O                                                                        (1 = 0.9%) {86.1%}
28   -O                                                                        (1 = 0.9%) {87.0%}
37   --O                                                                       (2 = 1.7%) {87.8%}
49   O                                                                         (0 = 0.0%) {89.6%}
65   -O                                                                        (1 = 0.9%) {89.6%}
86   ----O                                                                     (4 = 3.5%) {90.4%}
113  -O                                                                        (1 = 0.9%) {93.9%}
149  O                                                                         (0 = 0.0%) {94.8%}
196  -O                                                                        (1 = 0.9%) {94.8%}
258  ---O                                                                      (3 = 2.6%) {95.7%}
340  -O                                                                        (1 = 0.9%) {98.3%}
448  -O                                                                        (1 = 0.9%) {99.1%}
590  ... 

Histogram: Security.NavigationRequestSecurityLevel recorded 2 samples, mean = 1.0 (flags = 0x41)
0  O                                                                         (0 = 0.0%)
1  --O                                                                       (2 = 100.0%) {0.0%}
2  ... 

Histogram: Security.PageEndReason.SECURE recorded 1 samples, mean = 6.0 (flags = 0x41)
0  ... 
6  -O                                                                        (1 = 100.0%) {0.0%}
7  ... 

Histogram: Security.PageEndReason.SafetyTip_None recorded 1 samples, mean = 6.0 (flags = 0x41)
0  ... 
6  -O                                                                        (1 = 100.0%) {0.0%}
7  ... 

Histogram: Security.PrivateNetworkAccess.CheckResult recorded 55 samples, mean = 2.2 (flags = 0x41)
0   ------------O                                                             (12 = 21.8%)
1   ------------------------------------O                                     (36 = 65.5%) {21.8%}
2   ... 
12  -------O                                                                  (7 = 12.7%) {87.3%}
13  O                                                                         (0 = 0.0%) {100.0%}

Histogram: Security.SCTAuditing.NumPersistedReportsLoaded recorded 1 samples, mean = 0.0 (flags = 0x41)
0  -O                                                                        (1 = 100.0%)
1  ... 

Histogram: Security.SafetyTips.GetReputationStatusWithEngagedSitesTime recorded 1 samples, mean = 0.0 (flags = 0x41)
0  -O                                                                        (1 = 100.0%)
1  ... 

Histogram: Security.SafetyTips.ReputationCheckComplete.DidFinishNavigation recorded 1 samples, mean = 1.0 (flags = 0x41)
0  O                                                                         (0 = 0.0%)
1  -O                                                                        (1 = 100.0%) {0.0%}
2  ... 

Histogram: Security.SafetyTips.SafetyTipShown recorded 1 samples, mean = 1.0 (flags = 0x41)
0  O                                                                         (0 = 0.0%)
1  -O                                                                        (1 = 100.0%) {0.0%}
2  ... 

Histogram: Security.SafetyTips.StatusWithInitiator.Unknown recorded 1 samples, mean = 1.0 (flags = 0x41)
0  O                                                                         (0 = 0.0%)
1  -O                                                                        (1 = 100.0%) {0.0%}
2  ... 

Histogram: Security.SecurityLevel.OnCommit recorded 1 samples, mean = 3.0 (flags = 0x41)
0  ... 
3  -O                                                                        (1 = 100.0%) {0.0%}
4  ... 

Histogram: Security.SecurityLevel.OnComplete recorded 1 samples, mean = 3.0 (flags = 0x41)
0  ... 
3  -O                                                                        (1 = 100.0%) {0.0%}
4  ... 

Histogram: Security.SiteEngagement.SECURE recorded 1 samples, mean = 5.0 (flags = 0x41)
0  ... 
5  -O                                                                        (1 = 100.0%) {0.0%}
6  ... 

Histogram: Security.SiteEngagement.SafetyTip_None recorded 1 samples, mean = 5.0 (flags = 0x41)
0  ... 
5  -O                                                                        (1 = 100.0%) {0.0%}
6  ... 

Histogram: Security.TimeOnPage2.SECURE recorded 1 samples, mean = 4504015.0 (flags = 0x41)
0        ... 
3600000  -O                                                                        (1 = 100.0%) {0.0%}

Histogram: Security.TimeOnPage2.SafetyTip_None recorded 1 samples, mean = 4504015.0 (flags = 0x41)
0        ... 
3600000  -O                                                                        (1 = 100.0%) {0.0%}

Histogram: SegmentationPlatform.Database.UpdateUrlForUkmSource recorded 6 samples, mean = 71.3 (flags = 0x41)
0    ----O                                                                     (4 = 66.7%)
1    O                                                                         (0 = 0.0%) {66.7%}
2    -O                                                                        (1 = 16.7%) {66.7%}
3    ... 
378  -O                                                                        (1 = 16.7%) {83.3%}
449  ... 

Histogram: SegmentationPlatform.Init.ProcessCreationToServiceCreationLatency recorded 1 samples, mean = 179665040.0 (flags = 0x41)
0       ... 
180000  -O                                                                        (1 = 100.0%) {0.0%}

Histogram: SegmentationPlatform.SelectionFailedReason.ChromeLowUserEngagement recorded 2 samples, mean = 13.5 (flags = 0x41)
0   ... 
10  -O                                                                        (1 = 50.0%) {0.0%}
11  ... 
17  -O                                                                        (1 = 50.0%) {50.0%}
18  ... 

Histogram: SegmentationPlatform.SelectionFailedReason.ComposePromotion recorded 2 samples, mean = 13.5 (flags = 0x41)
0   ... 
10  -O                                                                        (1 = 50.0%) {0.0%}
11  ... 
17  -O                                                                        (1 = 50.0%) {50.0%}
18  ... 

Histogram: SegmentationPlatform.SelectionFailedReason.CrossDeviceUser recorded 2 samples, mean = 13.5 (flags = 0x41)
0   ... 
10  -O                                                                        (1 = 50.0%) {0.0%}
11  ... 
17  -O                                                                        (1 = 50.0%) {50.0%}
18  ... 

Histogram: SegmentationPlatform.SelectionFailedReason.DatabaseApiClients recorded 2 samples, mean = 13.5 (flags = 0x41)
0   ... 
10  -O                                                                        (1 = 50.0%) {0.0%}
11  ... 
17  -O                                                                        (1 = 50.0%) {50.0%}
18  ... 

Histogram: SegmentationPlatform.SelectionFailedReason.DeviceSwitcher recorded 2 samples, mean = 13.5 (flags = 0x41)
0   ... 
10  -O                                                                        (1 = 50.0%) {0.0%}
11  ... 
17  -O                                                                        (1 = 50.0%) {50.0%}
18  ... 

Histogram: SegmentationPlatform.SelectionFailedReason.PasswordManagerUser recorded 2 samples, mean = 13.5 (flags = 0x41)
0   ... 
10  -O                                                                        (1 = 50.0%) {0.0%}
11  ... 
17  -O                                                                        (1 = 50.0%) {50.0%}
18  ... 

Histogram: SegmentationPlatform.SelectionFailedReason.ResumeHeavyUser recorded 2 samples, mean = 13.5 (flags = 0x41)
0   ... 
10  -O                                                                        (1 = 50.0%) {0.0%}
11  ... 
17  -O                                                                        (1 = 50.0%) {50.0%}
18  ... 

Histogram: SegmentationPlatform.SelectionFailedReason.SearchUser recorded 2 samples, mean = 13.5 (flags = 0x41)
0   ... 
10  -O                                                                        (1 = 50.0%) {0.0%}
11  ... 
17  -O                                                                        (1 = 50.0%) {50.0%}
18  ... 

Histogram: SegmentationPlatform.SelectionFailedReason.ShoppingUser recorded 2 samples, mean = 13.5 (flags = 0x41)
0   ... 
10  -O                                                                        (1 = 50.0%) {0.0%}
11  ... 
17  -O                                                                        (1 = 50.0%) {50.0%}
18  ... 

Histogram: SegmentationPlatform.SelectionFailedReason.URLVisitResumptionRanker recorded 2 samples, mean = 13.5 (flags = 0x41)
0   ... 
10  -O                                                                        (1 = 50.0%) {0.0%}
11  ... 
17  -O                                                                        (1 = 50.0%) {50.0%}
18  ... 

Histogram: SegmentationPlatform.SelectionFailedReason.WebAppInstallationPromo recorded 2 samples, mean = 13.5 (flags = 0x41)
0   ... 
10  -O                                                                        (1 = 50.0%) {0.0%}
11  ... 
17  -O                                                                        (1 = 50.0%) {50.0%}
18  ... 

Histogram: SegmentationPlatform.SyncSessions.TabsCountAtStartup recorded 1 samples, mean = 0.0 (flags = 0x41)
0  -O                                                                        (1 = 100.0%)
1  ... 

Histogram: SegmentationPlatform.UkmDatabase.InitTime recorded 1 samples, mean = 1.0 (flags = 0x41)
0  O                                                                         (0 = 0.0%)
1  -O                                                                        (1 = 100.0%) {0.0%}
2  ... 

Histogram: ServiceWorker.FindRegistrationForClientUrl.IsCalledForNavigation recorded 5 samples, mean = 0.2 (flags = 0x41)
0  ----O                                                                     (4 = 80.0%)
1  -O                                                                        (1 = 20.0%) {80.0%}
2  O                                                                         (0 = 0.0%) {100.0%}

Histogram: ServiceWorker.FindRegistrationForClientUrl.SkippedMojoCall.OnNavigation recorded 1 samples, mean = 0.0 (flags = 0x41)
0  -O                                                                        (1 = 100.0%)
1  ... 

Histogram: ServiceWorker.OnBrowserStartup.SkipServiceWorkerOnFirstNavigation recorded 1 samples, mean = 0.0 (flags = 0x41)
0  -O                                                                        (1 = 100.0%)
1  ... 

Histogram: ServiceWorker.RegisteredStorageKeyCount recorded 1 samples, mean = 0.0 (flags = 0x41)
0  -O                                                                        (1 = 100.0%)
1  ... 

Histogram: ServiceWorker.SkipCallingFindRegistrationForClientUrl recorded 1 samples, mean = 1.0 (flags = 0x41)
0  O                                                                         (0 = 0.0%)
1  -O                                                                        (1 = 100.0%) {0.0%}
2  O                                                                         (0 = 0.0%) {100.0%}

Histogram: ServiceWorker.Storage.ReadInitialDataFromDB.Time recorded 1 samples, mean = 0.0 (flags = 0x41)
0  -O                                                                        (1 = 100.0%)
1  ... 

Histogram: ServiceWorker.Storage.RegisteredStorageKeyCacheInitialization.Time recorded 1 samples, mean = 18580.0 (flags = 0x41)
0      ... 
16411  -O                                                                        (1 = 100.0%) {0.0%}
20852  ... 

Histogram: SessionRestore.UnrecoverableWriteErrorCount recorded 1 samples, mean = 0.0 (flags = 0x41)
0  -O                                                                        (1 = 100.0%)
1  ... 

Histogram: SessionStorageContext.CommitResult recorded 2 samples, mean = 0.0 (flags = 0x41)
0  --O                                                                       (2 = 100.0%)
1  ... 

Histogram: Settings.AdvancedSpellcheck.OnStartup2 recorded 1 samples, mean = 0.0 (flags = 0x41)
0  -O                                                                        (1 = 100.0%)
1  ... 

Histogram: Settings.AutocompleteSearches.OnStartup2 recorded 1 samples, mean = 1.0 (flags = 0x41)
0  O                                                                         (0 = 0.0%)
1  -O                                                                        (1 = 100.0%) {0.0%}
2  O                                                                         (0 = 0.0%) {100.0%}

Histogram: Settings.FingerprintingProtection.Enabled recorded 1 samples, mean = 0.0 (flags = 0x41)
0  -O                                                                        (1 = 100.0%)
1  ... 

Histogram: Settings.FirstPartySets.State recorded 1 samples, mean = 0.0 (flags = 0x41)
0  -O                                                                        (1 = 100.0%)
1  ... 

Histogram: Settings.IpProtection.Enabled recorded 1 samples, mean = 0.0 (flags = 0x41)
0  -O                                                                        (1 = 100.0%)
1  ... 

Histogram: Settings.PreloadStatus.OnStartup3 recorded 1 samples, mean = 1.0 (flags = 0x41)
0  O                                                                         (0 = 0.0%)
1  -O                                                                        (1 = 100.0%) {0.0%}
2  ... 

Histogram: Settings.PrivacySandbox.AdMeasurement.Enabled recorded 1 samples, mean = 0.0 (flags = 0x41)
0  -O                                                                        (1 = 100.0%)
1  ... 

Histogram: Settings.PrivacySandbox.Fledge.Enabled recorded 1 samples, mean = 0.0 (flags = 0x41)
0  -O                                                                        (1 = 100.0%)
1  ... 

Histogram: Settings.PrivacySandbox.Topics.Enabled recorded 1 samples, mean = 0.0 (flags = 0x41)
0  -O                                                                        (1 = 100.0%)
1  ... 

Histogram: Settings.ShowHomeButton2 recorded 1 samples, mean = 0.0 (flags = 0x41)
0  -O                                                                        (1 = 100.0%)
1  ... 

Histogram: Settings.StartupPageLoadSettings2 recorded 1 samples, mean = 5.0 (flags = 0x41)
0  ... 
5  -O                                                                        (1 = 100.0%) {0.0%}
6  ... 

Histogram: Settings.TrackedPreferenceChanged.FromRegistry recorded 1 samples, mean = 5.0 (flags = 0x41)
0  ... 
5  -O                                                                        (1 = 100.0%) {0.0%}
6  ... 

Histogram: Settings.TrackedPreferenceUnchanged recorded 18 samples, mean = 14.5 (flags = 0x41)
0   -O                                                                        (1 = 5.6%)
1   -O                                                                        (1 = 5.6%) {5.6%}
2   -O                                                                        (1 = 5.6%) {11.1%}
3   -O                                                                        (1 = 5.6%) {16.7%}
4   -O                                                                        (1 = 5.6%) {22.2%}
5   -O                                                                        (1 = 5.6%) {27.8%}
6   -O                                                                        (1 = 5.6%) {33.3%}
7   -O                                                                        (1 = 5.6%) {38.9%}
8   ... 
11  -O                                                                        (1 = 5.6%) {44.4%}
12  ... 
14  -O                                                                        (1 = 5.6%) {50.0%}
15  -O                                                                        (1 = 5.6%) {55.6%}
16  ... 
18  -O                                                                        (1 = 5.6%) {61.1%}
19  ... 
23  -O                                                                        (1 = 5.6%) {66.7%}
24  -O                                                                        (1 = 5.6%) {72.2%}
25  ... 
29  -O                                                                        (1 = 5.6%) {77.8%}
30  ... 
32  -O                                                                        (1 = 5.6%) {83.3%}
33  -O                                                                        (1 = 5.6%) {88.9%}
34  -O                                                                        (1 = 5.6%) {94.4%}
35  O                                                                         (0 = 0.0%) {100.0%}

Histogram: Settings.TrackedPreferenceUnchanged.FromRegistry recorded 17 samples, mean = 15.1 (flags = 0x41)
0   -O                                                                        (1 = 5.9%)
1   -O                                                                        (1 = 5.9%) {5.9%}
2   -O                                                                        (1 = 5.9%) {11.8%}
3   -O                                                                        (1 = 5.9%) {17.6%}
4   -O                                                                        (1 = 5.9%) {23.5%}
5   O                                                                         (0 = 0.0%) {29.4%}
6   -O                                                                        (1 = 5.9%) {29.4%}
7   -O                                                                        (1 = 5.9%) {35.3%}
8   ... 
11  -O                                                                        (1 = 5.9%) {41.2%}
12  ... 
14  -O                                                                        (1 = 5.9%) {47.1%}
15  -O                                                                        (1 = 5.9%) {52.9%}
16  ... 
18  -O                                                                        (1 = 5.9%) {58.8%}
19  ... 
23  -O                                                                        (1 = 5.9%) {64.7%}
24  -O                                                                        (1 = 5.9%) {70.6%}
25  ... 
29  -O                                                                        (1 = 5.9%) {76.5%}
30  ... 
32  -O                                                                        (1 = 5.9%) {82.4%}
33  -O                                                                        (1 = 5.9%) {88.2%}
34  -O                                                                        (1 = 5.9%) {94.1%}
35  O                                                                         (0 = 0.0%) {100.0%}

Histogram: Settings.TrackingProtection.Enabled recorded 1 samples, mean = 0.0 (flags = 0x41)
0  -O                                                                        (1 = 100.0%)
1  ... 

Histogram: SharedDictionary.TimeInitializeDB recorded 1 samples, mean = 292.0 (flags = 0x41)
0    ... 
278  -O                                                                        (1 = 100.0%) {0.0%}
345  ... 

Histogram: Signin.APIKeyMatchesFeatureOnStartup recorded 3 samples, mean = 0.0 (flags = 0x41)
0  ---O                                                                      (3 = 100.0%)
1  ... 

Histogram: Signin.AccountTracker.CountOfLoadedAccounts recorded 1 samples, mean = 0.0 (flags = 0x41)
0  -O                                                                        (1 = 100.0%)
1  ... 

Histogram: Signin.ExplicitSigninMigration recorded 1 samples, mean = 0.0 (flags = 0x41)
0  -O                                                                        (1 = 100.0%)
1  ... 

Histogram: Signin.HadPreviousSyncAccount.SignedOutOnProfileLoad recorded 1 samples, mean = 0.0 (flags = 0x41)
0  -O                                                                        (1 = 100.0%)
1  ... 

Histogram: Signin.HadPreviousSyncAccount.SyncOffOnProfileLoad recorded 1 samples, mean = 0.0 (flags = 0x41)
0  -O                                                                        (1 = 100.0%)
1  ... 

Histogram: Signin.ListAccountsFailure recorded 1 samples, mean = 0.0 (flags = 0x41)
0  -O                                                                        (1 = 100.0%)
1  ... 

Histogram: Signin.PAMInitialize.PrimaryAccountPrefs recorded 1 samples, mean = 2.0 (flags = 0x41)
0  ... 
2  -O                                                                        (1 = 100.0%) {0.0%}
3  ... 

Histogram: Signin.SigninAllowed recorded 1 samples, mean = 0.0 (flags = 0x41)
0  -O                                                                        (1 = 100.0%)
1  ... 

Histogram: Signin.TokenTable.GetAllTokensSqlStatementValidity recorded 1 samples, mean = 1.0 (flags = 0x41)
0  O                                                                         (0 = 0.0%)
1  -O                                                                        (1 = 100.0%) {0.0%}
2  O                                                                         (0 = 0.0%) {100.0%}

Histogram: SimpleCache.App.CacheSizeOnInit recorded 1 samples, mean = 0.0 (flags = 0x41)
0  -O                                                                        (1 = 100.0%)
1000... 

Histogram: SimpleCache.App.ConsistencyResult recorded 1 samples, mean = 0.0 (flags = 0x41)
0  -O                                                                        (1 = 100.0%)
1  ... 

Histogram: SimpleCache.App.CreationToIndex recorded 1 samples, mean = 7.0 (flags = 0x41)
0  ... 
7  -O                                                                        (1 = 100.0%) {0.0%}
8  ... 

Histogram: SimpleCache.App.IndexFileStateOnLoad recorded 1 samples, mean = 2.0 (flags = 0x41)
0  ... 
2  -O                                                                        (1 = 100.0%) {0.0%}
3  ... 

Histogram: SimpleCache.App.IndexInitializeMethod recorded 1 samples, mean = 1.0 (flags = 0x41)
0  O                                                                         (0 = 0.0%)
1  -O                                                                        (1 = 100.0%) {0.0%}
2  ... 

Histogram: SimpleCache.App.IndexNumEntriesOnInit recorded 1 samples, mean = 0.0 (flags = 0x41)
0  -O                                                                        (1 = 100.0%)
1  ... 

Histogram: SimpleCache.App.MaxCacheSizeOnInit recorded 1 samples, mean = 0.0 (flags = 0x41)
0  -O                                                                        (1 = 100.0%)
1000... 

Histogram: SimpleCache.Code.CacheSizeOnInit recorded 1 samples, mean = 51.0 (flags = 0x41)
0  -O                                                                        (1 = 100.0%)
1000... 

Histogram: SimpleCache.Code.ConsistencyResult recorded 1 samples, mean = 0.0 (flags = 0x41)
0  -O                                                                        (1 = 100.0%)
1  ... 

Histogram: SimpleCache.Code.CreationToIndex recorded 1 samples, mean = 179.0 (flags = 0x41)
0    ... 
160  -O                                                                        (1 = 100.0%) {0.0%}
190  ... 

Histogram: SimpleCache.Code.DiskCloseLatency recorded 43 samples, mean = 13.3 (flags = 0x41)
0   ----------------------------O                                             (28 = 65.1%)
1   --O                                                                       (2 = 4.7%) {65.1%}
2   --O                                                                       (2 = 4.7%) {69.8%}
3   -O                                                                        (1 = 2.3%) {74.4%}
4   -O                                                                        (1 = 2.3%) {76.7%}
5   ... 
12  -O                                                                        (1 = 2.3%) {79.1%}
14  ... 
20  -O                                                                        (1 = 2.3%) {81.4%}
24  ... 
40  -O                                                                        (1 = 2.3%) {83.7%}
48  O                                                                         (0 = 0.0%) {86.0%}
57  -O                                                                        (1 = 2.3%) {86.0%}
68  --O                                                                       (2 = 4.7%) {88.4%}
81  ---O                                                                      (3 = 7.0%) {93.0%}
96  ... 

Histogram: SimpleCache.Code.DiskCreateLatency recorded 5 samples, mean = 0.6 (flags = 0x40)
0  ----O                                                                     (4 = 80.0%)
1  ... 
3  -O                                                                        (1 = 20.0%) {80.0%}
4  ... 

Histogram: SimpleCache.Code.DiskDoomLatency recorded 2 samples, mean = 0.5 (flags = 0x41)
0  -O                                                                        (1 = 50.0%)
1  -O                                                                        (1 = 50.0%) {50.0%}
2  ... 

Histogram: SimpleCache.Code.DiskOpenLatency recorded 38 samples, mean = 28.4 (flags = 0x41)
0    -------------------O                                                      (19 = 50.0%)
1    ---------O                                                                (9 = 23.7%) {50.0%}
2    O                                                                         (0 = 0.0%) {73.7%}
3    ----O                                                                     (4 = 10.5%) {73.7%}
4    ... 
135  ----O                                                                     (4 = 10.5%) {84.2%}
160  ... 
226  --O                                                                       (2 = 5.3%) {94.7%}
268  ... 

Histogram: SimpleCache.Code.DiskWriteLatency recorded 7 samples, mean = 31.4 (flags = 0x41)
0   -O                                                                        (1 = 14.3%)
1   O                                                                         (0 = 0.0%) {14.3%}
2   -O                                                                        (1 = 14.3%) {14.3%}
3   -O                                                                        (1 = 14.3%) {28.6%}
4   ... 
29  --O                                                                       (2 = 28.6%) {42.9%}
34  ... 
68  -O                                                                        (1 = 14.3%) {71.4%}
81  -O                                                                        (1 = 14.3%) {85.7%}
96  ... 

Histogram: SimpleCache.Code.EntryCreationTime recorded 43 samples, mean = 26.5 (flags = 0x41)
0    -----------O                                                              (11 = 25.6%)
1    ------------O                                                             (12 = 27.9%) {25.6%}
2    ----O                                                                     (4 = 9.3%) {53.5%}
3    --O                                                                       (2 = 4.7%) {62.8%}
4    ---O                                                                      (3 = 7.0%) {67.4%}
5    --O                                                                       (2 = 4.7%) {74.4%}
6    ---O                                                                      (3 = 7.0%) {79.1%}
7    ... 
135  ----O                                                                     (4 = 9.3%) {86.0%}
160  ... 
226  --O                                                                       (2 = 4.7%) {95.3%}
268  ... 

Histogram: SimpleCache.Code.HeaderSize recorded 23 samples, mean = 886.8 (flags = 0x41)
0     --O                                                                       (2 = 8.7%)
1     ... 
12    -----O                                                                    (5 = 21.7%) {8.7%}
14    ... 
34    ---O                                                                      (3 = 13.0%) {30.4%}
40    ... 
68    --O                                                                       (2 = 8.7%) {43.5%}
81    ... 
633   --O                                                                       (2 = 8.7%) {52.2%}
752   ... 
1062  -O                                                                        (1 = 4.3%) {60.9%}
1262  -O                                                                        (1 = 4.3%) {65.2%}
1500  -O                                                                        (1 = 4.3%) {69.6%}
1782  --O                                                                       (2 = 8.7%) {73.9%}
2117  -O                                                                        (1 = 4.3%) {82.6%}
2516  ---O                                                                      (3 = 13.0%) {87.0%}
2990  ... 

Histogram: SimpleCache.Code.IndexFileStateOnLoad recorded 1 samples, mean = 2.0 (flags = 0x41)
0  ... 
2  -O                                                                        (1 = 100.0%) {0.0%}
3  ... 

Histogram: SimpleCache.Code.IndexInitializeMethod recorded 1 samples, mean = 1.0 (flags = 0x41)
0  O                                                                         (0 = 0.0%)
1  -O                                                                        (1 = 100.0%) {0.0%}
2  ... 

Histogram: SimpleCache.Code.IndexNumEntriesOnInit recorded 1 samples, mean = 43.0 (flags = 0x41)
0   ... 
39  -O                                                                        (1 = 100.0%) {0.0%}
49  ... 

Histogram: SimpleCache.Code.MaxCacheSizeOnInit recorded 1 samples, mean = 327680.0 (flags = 0x41)
0       ... 
297881  -O                                                                        (1 = 100.0%) {0.0%}
339058  ... 

Histogram: SimpleCache.Code.OpenEntryIndexState recorded 47 samples, mean = 1.8 (flags = 0x41)
0  O                                                                         (0 = 0.0%)
1  ---------O                                                                (9 = 19.1%) {0.0%}
2  --------------------------------------O                                   (38 = 80.9%) {19.1%}
3  O                                                                         (0 = 0.0%) {100.0%}

Histogram: SimpleCache.Code.SyncCheckEOFResult recorded 38 samples, mean = 0.0 (flags = 0x40)
0  --------------------------------------O                                   (38 = 100.0%)
1  ... 

Histogram: SimpleCache.Code.SyncCloseResult recorded 43 samples, mean = 0.0 (flags = 0x40)
0  -------------------------------------------O                              (43 = 100.0%)
1  ... 

Histogram: SimpleCache.Code.SyncOpenPrefetchMode recorded 38 samples, mean = 0.0 (flags = 0x41)
0  --------------------------------------O                                   (38 = 100.0%)
1  ... 

Histogram: SimpleCache.Code.SyncOpenResult recorded 38 samples, mean = 0.0 (flags = 0x40)
0  --------------------------------------O                                   (38 = 100.0%)
1  ... 

Histogram: SimpleCache.Code.SyncWriteResult recorded 7 samples, mean = 0.0 (flags = 0x40)
0  -------O                                                                  (7 = 100.0%)
1  ... 

Histogram: SiteEngagementService.EngagementScore recorded 1 samples, mean = 5.0 (flags = 0x41)
0  ... 
5  -O                                                                        (1 = 100.0%) {0.0%}
6  ... 

Histogram: SiteEngagementService.EngagementType recorded 1 samples, mean = 0.0 (flags = 0x41)
0  -O                                                                        (1 = 100.0%)
1  ... 

Histogram: SiteEngagementService.MeanEngagement recorded 1 samples, mean = 5.0 (flags = 0x41)
0  ... 
5  -O                                                                        (1 = 100.0%) {0.0%}
6  ... 

Histogram: SiteEngagementService.MedianEngagement recorded 1 samples, mean = 5.0 (flags = 0x41)
0  ... 
5  -O                                                                        (1 = 100.0%) {0.0%}
6  ... 

Histogram: SiteEngagementService.OriginsEngaged recorded 1 samples, mean = 1.0 (flags = 0x41)
0  O                                                                         (0 = 0.0%)
1  -O                                                                        (1 = 100.0%) {0.0%}
2  ... 

Histogram: SiteIsolatedCodeCache.JS.Behaviour recorded 49 samples, mean = 1.7 (flags = 0x41)
0  --------------------O                                                     (20 = 40.8%)
1  ----O                                                                     (4 = 8.2%) {40.8%}
2  --O                                                                       (2 = 4.1%) {49.0%}
3  ------------------O                                                       (18 = 36.7%) {53.1%}
4  -----O                                                                    (5 = 10.2%) {89.8%}
5  ... 

Histogram: SiteIsolatedCodeCache.JS.FetchCodeCache recorded 20 samples, mean = 56.7 (flags = 0x41)
0    O                                                                         (0 = 0.0%)
1    --O                                                                       (2 = 10.0%) {0.0%}
2    --O                                                                       (2 = 10.0%) {10.0%}
3    O                                                                         (0 = 0.0%) {20.0%}
4    --O                                                                       (2 = 10.0%) {20.0%}
5    ----O                                                                     (4 = 20.0%) {30.0%}
6    ---O                                                                      (3 = 15.0%) {50.0%}
7    -O                                                                        (1 = 5.0%) {65.0%}
8    ... 
135  ----O                                                                     (4 = 20.0%) {70.0%}
160  ... 
226  --O                                                                       (2 = 10.0%) {90.0%}
268  ... 

Histogram: SiteIsolatedCodeCache.JS.Hit recorded 24 samples, mean = 0.8 (flags = 0x41)
0  ----O                                                                     (4 = 16.7%)
1  --------------------O                                                     (20 = 83.3%) {16.7%}
2  O                                                                         (0 = 0.0%) {100.0%}

Histogram: SiteIsolatedCodeCache.JS.PotentialMemoryBackedCodeCacheHit recorded 24 samples, mean = 0.0 (flags = 0x41)
0  ------------------------O                                                 (24 = 100.0%)
1  ... 

Histogram: SiteIsolatedCodeCache.JS.PotentialMemoryBackedCodeCacheSize2 recorded 15 samples, mean = 1569080.0 (flags = 0x41)
0        ... 
1404020  ---------------O                                                          (15 = 100.0%) {0.0%}
2016476  ... 

Histogram: SiteIsolatedCodeCache.WASM.Behaviour recorded 5 samples, mean = 1.0 (flags = 0x41)
0  O                                                                         (0 = 0.0%)
1  -----O                                                                    (5 = 100.0%) {0.0%}
2  ... 

Histogram: SiteIsolation.BrowsingInstance.MaxCountPerProcess recorded 3 samples, mean = 0.7 (flags = 0x41)
0  -O                                                                        (1 = 33.3%)
1  --O                                                                       (2 = 66.7%) {33.3%}
2  ... 

Histogram: SiteIsolation.NewProcessUsedForNavigationWhenSameSiteProcessExists recorded 1 samples, mean = 0.0 (flags = 0x41)
0  -O                                                                        (1 = 100.0%)
1  ... 

Histogram: SiteIsolation.ProcessPerSiteWithMainFrameThreshold.IsDevToolsUser recorded 1 samples, mean = 0.0 (flags = 0x41)
0  -O                                                                        (1 = 100.0%)
1  ... 

Histogram: Skia.SubmitRenderPasses recorded 17 samples, mean = 1.1 (flags = 0x41)
0  ----------O                                                               (10 = 58.8%)
1  --O                                                                       (2 = 11.8%) {58.8%}
2  -O                                                                        (1 = 5.9%) {70.6%}
3  --O                                                                       (2 = 11.8%) {76.5%}
4  --O                                                                       (2 = 11.8%) {88.2%}
5  ... 

Histogram: Sql.Statement.Affiliation.VMSteps recorded 15 samples, mean = 15.5 (flags = 0x41)
0   ... 
3   ----O                                                                     (4 = 26.7%) {0.0%}
4   O                                                                         (0 = 0.0%) {26.7%}
5   -O                                                                        (1 = 6.7%) {26.7%}
6   -O                                                                        (1 = 6.7%) {33.3%}
7   ... 
12  -----O                                                                    (5 = 33.3%) {40.0%}
14  ... 
20  -O                                                                        (1 = 6.7%) {73.3%}
24  O                                                                         (0 = 0.0%) {80.0%}
29  -O                                                                        (1 = 6.7%) {80.0%}
34  O                                                                         (0 = 0.0%) {86.7%}
40  -O                                                                        (1 = 6.7%) {86.7%}
48  -O                                                                        (1 = 6.7%) {93.3%}
57  ... 

Histogram: Sql.Statement.BrowsingTopics.VMSteps recorded 12 samples, mean = 8.0 (flags = 0x41)
0   ... 
3   ----O                                                                     (4 = 33.3%) {0.0%}
4   O                                                                         (0 = 0.0%) {33.3%}
5   -O                                                                        (1 = 8.3%) {33.3%}
6   ... 
8   --O                                                                       (2 = 16.7%) {41.7%}
10  O                                                                         (0 = 0.0%) {58.3%}
12  -----O                                                                    (5 = 41.7%) {58.3%}
14  ... 

Histogram: Sql.Statement.Cookie.VMSteps recorded 34 samples, mean = 21.6 (flags = 0x41)
0   ... 
3   ------O                                                                   (6 = 17.6%) {0.0%}
4   O                                                                         (0 = 0.0%) {17.6%}
5   --O                                                                       (2 = 5.9%) {17.6%}
6   O                                                                         (0 = 0.0%) {23.5%}
7   -O                                                                        (1 = 2.9%) {23.5%}
8   O                                                                         (0 = 0.0%) {26.5%}
10  -O                                                                        (1 = 2.9%) {26.5%}
12  ----------O                                                               (10 = 29.4%) {29.4%}
14  ... 
20  --O                                                                       (2 = 5.9%) {58.8%}
24  ----O                                                                     (4 = 11.8%) {64.7%}
29  -O                                                                        (1 = 2.9%) {76.5%}
34  --O                                                                       (2 = 5.9%) {79.4%}
40  ... 
57  -----O                                                                    (5 = 14.7%) {85.3%}
68  ... 

Histogram: Sql.Statement.DIPS.VMSteps recorded 34 samples, mean = 15.6 (flags = 0x41)
0   ... 
3   --O                                                                       (2 = 5.9%) {0.0%}
4   O                                                                         (0 = 0.0%) {5.9%}
5   -O                                                                        (1 = 2.9%) {5.9%}
6   ... 
8   -----O                                                                    (5 = 14.7%) {8.8%}
10  -O                                                                        (1 = 2.9%) {23.5%}
12  ----------O                                                               (10 = 29.4%) {26.5%}
14  --O                                                                       (2 = 5.9%) {55.9%}
17  --O                                                                       (2 = 5.9%) {61.8%}
20  -----O                                                                    (5 = 14.7%) {67.6%}
24  -----O                                                                    (5 = 14.7%) {82.4%}
29  -O                                                                        (1 = 2.9%) {97.1%}
34  ... 

Histogram: Sql.Statement.FirstPartySets.VMSteps recorded 34 samples, mean = 64.9 (flags = 0x41)
0     ... 
3     ----------O                                                               (10 = 29.4%) {0.0%}
4     O                                                                         (0 = 0.0%) {29.4%}
5     -O                                                                        (1 = 2.9%) {29.4%}
6     ... 
8     ---O                                                                      (3 = 8.8%) {32.4%}
10    -----O                                                                    (5 = 14.7%) {41.2%}
12    -----------O                                                              (11 = 32.4%) {55.9%}
14    ... 
20    -O                                                                        (1 = 2.9%) {88.2%}
24    --O                                                                       (2 = 5.9%) {91.2%}
29    ... 
1782  -O                                                                        (1 = 2.9%) {97.1%}
2117  ... 

Histogram: Sql.Statement.History.VMSteps recorded 147 samples, mean = 33.1 (flags = 0x41)
0    ... 
3    --------O                                                                 (8 = 5.4%) {0.0%}
4    O                                                                         (0 = 0.0%) {5.4%}
5    -O                                                                        (1 = 0.7%) {5.4%}
6    --O                                                                       (2 = 1.4%) {6.1%}
7    O                                                                         (0 = 0.0%) {7.5%}
8    -----O                                                                    (5 = 3.4%) {7.5%}
10   -----O                                                                    (5 = 3.4%) {10.9%}
12   ---------------------------------------O                                  (39 = 26.5%) {14.3%}
14   -O                                                                        (1 = 0.7%) {40.8%}
17   -------------------------O                                                (25 = 17.0%) {41.5%}
20   ------------------------------O                                           (30 = 20.4%) {58.5%}
24   ---------O                                                                (9 = 6.1%) {78.9%}
29   ---O                                                                      (3 = 2.0%) {85.0%}
34   -O                                                                        (1 = 0.7%) {87.1%}
40   --O                                                                       (2 = 1.4%) {87.8%}
48   --O                                                                       (2 = 1.4%) {89.1%}
57   -O                                                                        (1 = 0.7%) {90.5%}
68   -----O                                                                    (5 = 3.4%) {91.2%}
81   -O                                                                        (1 = 0.7%) {94.6%}
96   -O                                                                        (1 = 0.7%) {95.2%}
114  O                                                                         (0 = 0.0%) {95.9%}
135  ---O                                                                      (3 = 2.0%) {95.9%}
160  ... 
268  -O                                                                        (1 = 0.7%) {98.0%}
318  ... 
533  --O                                                                       (2 = 1.4%) {98.6%}
633  ... 

Histogram: Sql.Statement.OptOutBlacklist.VMSteps recorded 4 samples, mean = 10.8 (flags = 0x41)
0   ... 
5   -O                                                                        (1 = 25.0%) {0.0%}
6   O                                                                         (0 = 0.0%) {25.0%}
7   -O                                                                        (1 = 25.0%) {25.0%}
8   O                                                                         (0 = 0.0%) {50.0%}
10  -O                                                                        (1 = 25.0%) {50.0%}
12  ... 
20  -O                                                                        (1 = 25.0%) {75.0%}
24  ... 

Histogram: Sql.Statement.Passwords.VMSteps recorded 51 samples, mean = 24.6 (flags = 0x41)
0   ... 
3   ----O                                                                     (4 = 7.8%) {0.0%}
4   O                                                                         (0 = 0.0%) {7.8%}
5   --O                                                                       (2 = 3.9%) {7.8%}
6   ------O                                                                   (6 = 11.8%) {11.8%}
7   ----O                                                                     (4 = 7.8%) {23.5%}
8   ---O                                                                      (3 = 5.9%) {31.4%}
10  O                                                                         (0 = 0.0%) {37.3%}
12  ------------O                                                             (12 = 23.5%) {37.3%}
14  --O                                                                       (2 = 3.9%) {60.8%}
17  O                                                                         (0 = 0.0%) {64.7%}
20  --O                                                                       (2 = 3.9%) {64.7%}
24  ... 
34  --O                                                                       (2 = 3.9%) {68.6%}
40  ----O                                                                     (4 = 7.8%) {72.5%}
48  O                                                                         (0 = 0.0%) {80.4%}
57  ----O                                                                     (4 = 7.8%) {80.4%}
68  ------O                                                                   (6 = 11.8%) {88.2%}
81  ... 

Histogram: Sql.Statement.Predictor.VMSteps recorded 15 samples, mean = 15.9 (flags = 0x41)
0   ... 
3   --O                                                                       (2 = 13.3%) {0.0%}
4   O                                                                         (0 = 0.0%) {13.3%}
5   -O                                                                        (1 = 6.7%) {13.3%}
6   -O                                                                        (1 = 6.7%) {20.0%}
7   O                                                                         (0 = 0.0%) {26.7%}
8   -O                                                                        (1 = 6.7%) {26.7%}
10  ----O                                                                     (4 = 26.7%) {33.3%}
12  -O                                                                        (1 = 6.7%) {60.0%}
14  -O                                                                        (1 = 6.7%) {66.7%}
17  ... 
24  -O                                                                        (1 = 6.7%) {73.3%}
29  -O                                                                        (1 = 6.7%) {80.0%}
34  O                                                                         (0 = 0.0%) {86.7%}
40  -O                                                                        (1 = 6.7%) {86.7%}
48  -O                                                                        (1 = 6.7%) {93.3%}
57  ... 

Histogram: Sql.Statement.Quota.VMSteps recorded 18 samples, mean = 8.7 (flags = 0x41)
0   ... 
3   ----O                                                                     (4 = 22.2%) {0.0%}
4   O                                                                         (0 = 0.0%) {22.2%}
5   -O                                                                        (1 = 5.6%) {22.2%}
6   -O                                                                        (1 = 5.6%) {27.8%}
7   O                                                                         (0 = 0.0%) {33.3%}
8   ---O                                                                      (3 = 16.7%) {33.3%}
10  -O                                                                        (1 = 5.6%) {50.0%}
12  --------O                                                                 (8 = 44.4%) {55.6%}
14  ... 

Histogram: Sql.Statement.ReportingAndNEL.VMSteps recorded 12 samples, mean = 13.8 (flags = 0x41)
0   ... 
3   --O                                                                       (2 = 16.7%) {0.0%}
4   O                                                                         (0 = 0.0%) {16.7%}
5   -O                                                                        (1 = 8.3%) {16.7%}
6   -O                                                                        (1 = 8.3%) {25.0%}
7   ... 
12  -----O                                                                    (5 = 41.7%) {33.3%}
14  ... 
20  -O                                                                        (1 = 8.3%) {75.0%}
24  O                                                                         (0 = 0.0%) {83.3%}
29  -O                                                                        (1 = 8.3%) {83.3%}
34  -O                                                                        (1 = 8.3%) {91.7%}
40  ... 

Histogram: Sql.Statement.SharedDictionary.VMSteps recorded 20 samples, mean = 9.1 (flags = 0x41)
0   ... 
3   --------O                                                                 (8 = 40.0%) {0.0%}
4   O                                                                         (0 = 0.0%) {40.0%}
5   -O                                                                        (1 = 5.0%) {40.0%}
6   ... 
8   -O                                                                        (1 = 5.0%) {45.0%}
10  O                                                                         (0 = 0.0%) {50.0%}
12  -------O                                                                  (7 = 35.0%) {50.0%}
14  O                                                                         (0 = 0.0%) {85.0%}
17  --O                                                                       (2 = 10.0%) {85.0%}
20  -O                                                                        (1 = 5.0%) {95.0%}
24  ... 

Histogram: Sql.Statement.SharedStorage.VMSteps recorded 3 samples, mean = 7.7 (flags = 0x41)
0   ... 
5   -O                                                                        (1 = 33.3%) {0.0%}
6   ... 
8   -O                                                                        (1 = 33.3%) {33.3%}
10  -O                                                                        (1 = 33.3%) {66.7%}
12  ... 

Histogram: Sql.Statement.Thumbnail.VMSteps recorded 29 samples, mean = 10.8 (flags = 0x41)
0   ... 
3   --------O                                                                 (8 = 27.6%) {0.0%}
4   O                                                                         (0 = 0.0%) {27.6%}
5   -O                                                                        (1 = 3.4%) {27.6%}
6   ... 
8   -O                                                                        (1 = 3.4%) {31.0%}
10  O                                                                         (0 = 0.0%) {34.5%}
12  -----------O                                                              (11 = 37.9%) {34.5%}
14  -----O                                                                    (5 = 17.2%) {72.4%}
17  O                                                                         (0 = 0.0%) {89.7%}
20  ---O                                                                      (3 = 10.3%) {89.7%}
24  ... 

Histogram: Sql.Statement.TopSites.VMSteps recorded 30 samples, mean = 13.9 (flags = 0x41)
0   ... 
3   ------O                                                                   (6 = 20.0%) {0.0%}
4   O                                                                         (0 = 0.0%) {20.0%}
5   -O                                                                        (1 = 3.3%) {20.0%}
6   ... 
10  --O                                                                       (2 = 6.7%) {23.3%}
12  ------------O                                                             (12 = 40.0%) {30.0%}
14  -O                                                                        (1 = 3.3%) {70.0%}
17  O                                                                         (0 = 0.0%) {73.3%}
20  -----O                                                                    (5 = 16.7%) {73.3%}
24  O                                                                         (0 = 0.0%) {90.0%}
29  --O                                                                       (2 = 6.7%) {90.0%}
34  O                                                                         (0 = 0.0%) {96.7%}
40  -O                                                                        (1 = 3.3%) {96.7%}
48  ... 

Histogram: Sql.Statement.TrustTokens.VMSteps recorded 16 samples, mean = 14.1 (flags = 0x41)
0   ... 
3   --O                                                                       (2 = 12.5%) {0.0%}
4   O                                                                         (0 = 0.0%) {12.5%}
5   -O                                                                        (1 = 6.2%) {12.5%}
6   ---O                                                                      (3 = 18.8%) {18.8%}
7   ... 
10  -O                                                                        (1 = 6.2%) {37.5%}
12  -----O                                                                    (5 = 31.2%) {43.8%}
14  ... 
20  -O                                                                        (1 = 6.2%) {75.0%}
24  O                                                                         (0 = 0.0%) {81.2%}
29  -O                                                                        (1 = 6.2%) {81.2%}
34  --O                                                                       (2 = 12.5%) {87.5%}
40  ... 

Histogram: Sql.Statement.UKMMetrics.VMSteps recorded 30 samples, mean = 13.3 (flags = 0x41)
0   ... 
3   -----O                                                                    (5 = 16.7%) {0.0%}
4   O                                                                         (0 = 0.0%) {16.7%}
5   -O                                                                        (1 = 3.3%) {16.7%}
6   O                                                                         (0 = 0.0%) {20.0%}
7   --O                                                                       (2 = 6.7%) {20.0%}
8   -----O                                                                    (5 = 16.7%) {26.7%}
10  O                                                                         (0 = 0.0%) {43.3%}
12  -------O                                                                  (7 = 23.3%) {43.3%}
14  O                                                                         (0 = 0.0%) {66.7%}
17  --O                                                                       (2 = 6.7%) {66.7%}
20  -----O                                                                    (5 = 16.7%) {73.3%}
24  -O                                                                        (1 = 3.3%) {90.0%}
29  -O                                                                        (1 = 3.3%) {93.3%}
34  O                                                                         (0 = 0.0%) {96.7%}
40  -O                                                                        (1 = 3.3%) {96.7%}
48  ... 

Histogram: Sql.Statement.Web.VMSteps recorded 116 samples, mean = 53.1 (flags = 0x41)
0    ... 
3    --------O                                                                 (8 = 6.9%) {0.0%}
4    -O                                                                        (1 = 0.9%) {6.9%}
5    -O                                                                        (1 = 0.9%) {7.8%}
6    ------------O                                                             (12 = 10.3%) {8.6%}
7    ----------O                                                               (10 = 8.6%) {19.0%}
8    ------O                                                                   (6 = 5.2%) {27.6%}
10   ---------O                                                                (9 = 7.8%) {32.8%}
12   --------------O                                                           (14 = 12.1%) {40.5%}
14   -O                                                                        (1 = 0.9%) {52.6%}
17   ---O                                                                      (3 = 2.6%) {53.4%}
20   -O                                                                        (1 = 0.9%) {56.0%}
24   -O                                                                        (1 = 0.9%) {56.9%}
29   --O                                                                       (2 = 1.7%) {57.8%}
34   --O                                                                       (2 = 1.7%) {59.5%}
40   --O                                                                       (2 = 1.7%) {61.2%}
48   ---O                                                                      (3 = 2.6%) {62.9%}
57   ----O                                                                     (4 = 3.4%) {65.5%}
68   ----O                                                                     (4 = 3.4%) {69.0%}
81   --O                                                                       (2 = 1.7%) {72.4%}
96   -------O                                                                  (7 = 6.0%) {74.1%}
114  -----O                                                                    (5 = 4.3%) {80.2%}
135  -------O                                                                  (7 = 6.0%) {84.5%}
160  -----O                                                                    (5 = 4.3%) {90.5%}
190  ------O                                                                   (6 = 5.2%) {94.8%}
226  ... 

Histogram: Sql.vfs.SyncTime recorded 77 samples, mean = 54.8 (flags = 0x41)
0    ... 
8    -O                                                                        (1 = 1.3%) {0.0%}
10   ---O                                                                      (3 = 3.9%) {1.3%}
12   O                                                                         (0 = 0.0%) {5.2%}
14   -----O                                                                    (5 = 6.5%) {5.2%}
17   ----------O                                                               (10 = 13.0%) {11.7%}
20   -------O                                                                  (7 = 9.1%) {24.7%}
24   -----------O                                                              (11 = 14.3%) {33.8%}
29   -------------O                                                            (13 = 16.9%) {48.1%}
34   -O                                                                        (1 = 1.3%) {64.9%}
40   -------O                                                                  (7 = 9.1%) {66.2%}
48   --O                                                                       (2 = 2.6%) {75.3%}
57   ---O                                                                      (3 = 3.9%) {77.9%}
68   -O                                                                        (1 = 1.3%) {81.8%}
81   --O                                                                       (2 = 2.6%) {83.1%}
96   --O                                                                       (2 = 2.6%) {85.7%}
114  -O                                                                        (1 = 1.3%) {88.3%}
135  ---O                                                                      (3 = 3.9%) {89.6%}
160  -O                                                                        (1 = 1.3%) {93.5%}
190  O                                                                         (0 = 0.0%) {94.8%}
226  --O                                                                       (2 = 2.6%) {94.8%}
268  O                                                                         (0 = 0.0%) {97.4%}
318  -O                                                                        (1 = 1.3%) {97.4%}
378  -O                                                                        (1 = 1.3%) {98.7%}
449  ... 

Histogram: Stability.Counts2 recorded 15 samples, mean = 28.3 (flags = 0x43)
0   ... 
2   -O                                                                        (1 = 6.7%) {0.0%}
3   ... 
15  -O                                                                        (1 = 6.7%) {6.7%}
16  ... 
26  ---O                                                                      (3 = 20.0%) {13.3%}
27  ... 
33  ----------O                                                               (10 = 66.7%) {33.3%}
34  O                                                                         (0 = 0.0%) {100.0%}

Histogram: Stability.Experimental.PageLoads recorded 1 samples, mean = 17.0 (flags = 0x41)
0   ... 
17  -O                                                                        (1 = 100.0%) {0.0%}
18  O                                                                         (0 = 0.0%) {100.0%}

Histogram: Startup.AfterStartupTaskCount recorded 1 samples, mean = 2.0 (flags = 0x41)
0  ... 
2  -O                                                                        (1 = 100.0%) {0.0%}
3  ... 

Histogram: Startup.AfterStartupTaskDelayedUntilTime recorded 1 samples, mean = 63991.0 (flags = 0x41)
0      ... 
51267  -O                                                                        (1 = 100.0%) {0.0%}
69459  ... 

Histogram: Startup.BrowserMainRunnerImplInitializeLongTime recorded 1 samples, mean = 180.0 (flags = 0x41)
0    ... 
158  -O                                                                        (1 = 100.0%) {0.0%}
182  ... 

Histogram: Startup.BrowserMessageLoopFirstIdle recorded 1 samples, mean = 4522778.0 (flags = 0x41)
0        ... 
3600000  -O                                                                        (1 = 100.0%) {0.0%}

Histogram: Startup.BrowserMessageLoopStartHardFaultCount recorded 1 samples, mean = 362.0 (flags = 0x41)
0    ... 
299  -O                                                                        (1 = 100.0%) {0.0%}
367  ... 

Histogram: Startup.BrowserMessageLoopStartTime recorded 1 samples, mean = 211.0 (flags = 0x41)
0    ... 
210  -O                                                                        (1 = 100.0%) {0.0%}
242  ... 

Histogram: Startup.CreateFirstProfile recorded 1 samples, mean = 137.0 (flags = 0x41)
0    ... 
118  -O                                                                        (1 = 100.0%) {0.0%}
160  ... 

Histogram: Startup.FirstWebContents.FinishReason recorded 1 samples, mean = 6.0 (flags = 0x41)
0  ... 
6  -O                                                                        (1 = 100.0%) {0.0%}
7  ... 

Histogram: Startup.LoadTime.ApplicationStartToChromeMain recorded 1 samples, mean = 0.0 (flags = 0x41)
0  -O                                                                        (1 = 100.0%)
1  ... 

Histogram: Startup.LoadTime.ProcessCreateToApplicationStart recorded 1 samples, mean = 44176.0 (flags = 0x41)
0      ... 
37840  -O                                                                        (1 = 100.0%) {0.0%}
51267  ... 

Histogram: Startup.LoadTime.RecordedProcessCreation recorded 1 samples, mean = 1.0 (flags = 0x1)
0  O                                                                         (0 = 0.0%)
1  -O                                                                        (1 = 100.0%) {0.0%}
2  O                                                                         (0 = 0.0%) {100.0%}

Histogram: Startup.PreMainMessageLoopRunImplLongTime recorded 1 samples, mean = 147.0 (flags = 0x41)
0    ... 
137  -O                                                                        (1 = 100.0%) {0.0%}
158  ... 

Histogram: Startup.Renderer.LoadTime.ApplicationStartToRendererStartRunLoop recorded 1 samples, mean = 72.0 (flags = 0x41)
0   ... 
66  -O                                                                        (1 = 100.0%) {0.0%}
84  ... 

Histogram: Startup.Renderer.LoadTime.ChromeMainToRendererStartRunLoop recorded 1 samples, mean = 72.0 (flags = 0x41)
0   ... 
66  -O                                                                        (1 = 100.0%) {0.0%}
84  ... 

Histogram: Startup.Renderer.LoadTime.ProcessCreationToRendererStartRunLoop recorded 1 samples, mean = 4232.0 (flags = 0x41)
0     ... 
3900  -O                                                                        (1 = 100.0%) {0.0%}
4955  ... 

Histogram: Startup.Temperature recorded 1 samples, mean = 2.0 (flags = 0x41)
0  ... 
2  -O                                                                        (1 = 100.0%) {0.0%}
3  ... 

Histogram: Storage.Blob.CreateDirectoryResult recorded 1 samples, mean = 0.0 (flags = 0x41)
0  -O                                                                        (1 = 100.0%)
1  ... 

Histogram: Storage.SessionStorage.RendererAreaCacheHit recorded 2 samples, mean = 1.0 (flags = 0x41)
0  -O                                                                        (1 = 50.0%)
1  O                                                                         (0 = 0.0%) {50.0%}
2  -O                                                                        (1 = 50.0%) {50.0%}
3  O                                                                         (0 = 0.0%) {100.0%}

Histogram: Storage.SharedStorage.Database.Timing.OpenImpl recorded 1 samples, mean = 49.0 (flags = 0x41)
0   ... 
48  -O                                                                        (1 = 100.0%) {0.0%}
57  ... 

Histogram: Storage.SharedStorage.OnShutdown.NumSqlErrors recorded 1 samples, mean = 0.0 (flags = 0x41)
0  -O                                                                        (1 = 100.0%)
1  ... 

Histogram: Storage.SharedStorage.OnShutdown.RecoveryFromInitFailureAttempted recorded 1 samples, mean = 0.0 (flags = 0x41)
0  -O                                                                        (1 = 100.0%)
1  ... 

Histogram: Storage.SharedStorage.OnShutdown.RecoveryOnDiskAttempted recorded 1 samples, mean = 0.0 (flags = 0x41)
0  -O                                                                        (1 = 100.0%)
1  ... 

Histogram: Storage.SharedStorage.Worklet.NumPerPage recorded 1 samples, mean = 0.0 (flags = 0x41)
0  -O                                                                        (1 = 100.0%)
1  ... 

Histogram: Storage.SharedStorage.Worklet.SelectURL.CallsPerPage recorded 1 samples, mean = 0.0 (flags = 0x41)
0  -O                                                                        (1 = 100.0%)
1  ... 

Histogram: Style.InvalidationTime recorded 2 samples, mean = 99.0 (flags = 0x41)
0    ... 
55   -O                                                                        (1 = 50.0%) {0.0%}
76   O                                                                         (0 = 0.0%) {50.0%}
105  -O                                                                        (1 = 50.0%) {50.0%}
146  ... 

Histogram: Style.RebuildLayoutTreeTime recorded 9 samples, mean = 1598.1 (flags = 0x41)
0      ... 
4      -O                                                                        (1 = 11.1%) {0.0%}
6      ... 
29     -O                                                                        (1 = 11.1%) {11.1%}
40     O                                                                         (0 = 0.0%) {22.2%}
55     -O                                                                        (1 = 11.1%) {22.2%}
76     -O                                                                        (1 = 11.1%) {33.3%}
105    O                                                                         (0 = 0.0%) {44.4%}
146    ---O                                                                      (3 = 33.3%) {44.4%}
203    ... 
542    -O                                                                        (1 = 11.1%) {77.8%}
752    ... 
10321  -O                                                                        (1 = 11.1%) {88.9%}
14319  ... 

Histogram: Style.RecalcTime recorded 12 samples, mean = 10287.9 (flags = 0x41)
0      ... 
3      -O                                                                        (1 = 8.3%) {0.0%}
4      ... 
11     -O                                                                        (1 = 8.3%) {8.3%}
15     ... 
55     -O                                                                        (1 = 8.3%) {16.7%}
76     O                                                                         (0 = 0.0%) {25.0%}
105    --O                                                                       (2 = 16.7%) {25.0%}
146    ... 
282    -O                                                                        (1 = 8.3%) {41.7%}
391    -O                                                                        (1 = 8.3%) {50.0%}
542    ... 
10321  --O                                                                       (2 = 16.7%) {58.3%}
14319  ... 
27562  ---O                                                                      (3 = 25.0%) {75.0%}
38240  ... 

Histogram: SubresourceFilter.DocumentLoad.RulesetIsAvailable recorded 3 samples, mean = 1.0 (flags = 0x41)
0  O                                                                         (0 = 0.0%)
1  ---O                                                                      (3 = 100.0%) {0.0%}
2  O                                                                         (0 = 0.0%) {100.0%}

Histogram: SubresourceFilter.IndexRuleset.CPUDuration recorded 1 samples, mean = 23.0 (flags = 0x41)
0   ... 
20  -O                                                                        (1 = 100.0%) {0.0%}
24  ... 

Histogram: SubresourceFilter.IndexRuleset.NumUnsupportedRules recorded 1 samples, mean = 0.0 (flags = 0x41)
0  -O                                                                        (1 = 100.0%)
1  ... 

Histogram: SubresourceFilter.IndexRuleset.Verify.Status recorded 2 samples, mean = 0.0 (flags = 0x41)
0  --O                                                                       (2 = 100.0%)
1  ... 

Histogram: SubresourceFilter.IndexRuleset.Verify2.WallDuration recorded 2 samples, mean = 155.0 (flags = 0x41)
0    O                                                                         (0 = 0.0%)
1    -O                                                                        (1 = 50.0%) {0.0%}
2    ... 
268  -O                                                                        (1 = 50.0%) {50.0%}
318  ... 

Histogram: SubresourceFilter.IndexRuleset.WallDuration recorded 1 samples, mean = 80.0 (flags = 0x41)
0   ... 
68  -O                                                                        (1 = 100.0%) {0.0%}
81  ... 

Histogram: SubresourceFilter.MainFrameLoad.RulesetIsAvailableAnyActivationLevel recorded 1 samples, mean = 1.0 (flags = 0x41)
0  O                                                                         (0 = 0.0%)
1  -O                                                                        (1 = 100.0%) {0.0%}
2  O                                                                         (0 = 0.0%) {100.0%}

Histogram: SubresourceFilter.PageLoad.ActivationDecision recorded 1 samples, mean = 1.0 (flags = 0x41)
0  O                                                                         (0 = 0.0%)
1  -O                                                                        (1 = 100.0%) {0.0%}
2  ... 

Histogram: SubresourceFilter.PageLoad.ActivationList recorded 1 samples, mean = 0.0 (flags = 0x41)
0  -O                                                                        (1 = 100.0%)
1  ... 

Histogram: SubresourceFilter.PageLoad.ActivationState recorded 2 samples, mean = 0.5 (flags = 0x41)
0  -O                                                                        (1 = 50.0%)
1  -O                                                                        (1 = 50.0%) {50.0%}
2  ... 

Histogram: SubresourceFilter.PageLoad.NumSubresourceLoads.Disallowed recorded 1 samples, mean = 0.0 (flags = 0x41)
0  -O                                                                        (1 = 100.0%)
1  ... 

Histogram: SubresourceFilter.PageLoad.NumSubresourceLoads.Evaluated recorded 1 samples, mean = 116.0 (flags = 0x41)
0    ... 
107  -O                                                                        (1 = 100.0%) {0.0%}
120  ... 

Histogram: SubresourceFilter.PageLoad.NumSubresourceLoads.MatchedRules recorded 1 samples, mean = 0.0 (flags = 0x41)
0  -O                                                                        (1 = 100.0%)
1  ... 

Histogram: SubresourceFilter.PageLoad.NumSubresourceLoads.Total recorded 1 samples, mean = 116.0 (flags = 0x41)
0    ... 
107  -O                                                                        (1 = 100.0%) {0.0%}
120  ... 

Histogram: SubresourceFilter.PageLoad.SafeBrowsingDelay recorded 1 samples, mean = 0.0 (flags = 0x41)
0  -O                                                                        (1 = 100.0%)
1  ... 

Histogram: SubresourceFilter.SafeBrowsing.TotalCheckTime recorded 3 samples, mean = 0.0 (flags = 0x41)
0  ---O                                                                      (3 = 100.0%)
1  ... 

Histogram: SubresourceFilter.WriteRuleset.Result recorded 1 samples, mean = 0.0 (flags = 0x41)
0  -O                                                                        (1 = 100.0%)
1  ... 

Histogram: Sync.FeatureStatusForSyncToSigninMigration recorded 1 samples, mean = 1.0 (flags = 0x41)
0  O                                                                         (0 = 0.0%)
1  -O                                                                        (1 = 100.0%) {0.0%}
2  ... 

Histogram: Sync.InitialState2 recorded 1 samples, mean = 1.0 (flags = 0x41)
0  O                                                                         (0 = 0.0%)
1  -O                                                                        (1 = 100.0%) {0.0%}
2  ... 

Histogram: Sync.Local.Enabled2 recorded 1 samples, mean = 0.0 (flags = 0x41)
0  -O                                                                        (1 = 100.0%)
1  ... 

Histogram: Sync.ModelTypeErrorSite.APP recorded 1 samples, mean = 0.0 (flags = 0x41)
0  -O                                                                        (1 = 100.0%)
1  ... 

Histogram: Sync.ModelTypeErrorSite.APP_SETTING recorded 1 samples, mean = 0.0 (flags = 0x41)
0  -O                                                                        (1 = 100.0%)
1  ... 

Histogram: Sync.ModelTypeErrorSite.DEVICE_INFO recorded 1 samples, mean = 0.0 (flags = 0x41)
0  -O                                                                        (1 = 100.0%)
1  ... 

Histogram: Sync.ModelTypeErrorSite.DICTIONARY recorded 1 samples, mean = 0.0 (flags = 0x41)
0  -O                                                                        (1 = 100.0%)
1  ... 

Histogram: Sync.ModelTypeErrorSite.EXTENSION recorded 1 samples, mean = 0.0 (flags = 0x41)
0  -O                                                                        (1 = 100.0%)
1  ... 

Histogram: Sync.ModelTypeErrorSite.EXTENSION_SETTING recorded 1 samples, mean = 0.0 (flags = 0x41)
0  -O                                                                        (1 = 100.0%)
1  ... 

Histogram: Sync.ModelTypeErrorSite.HISTORY_DELETE_DIRECTIVE recorded 1 samples, mean = 0.0 (flags = 0x41)
0  -O                                                                        (1 = 100.0%)
1  ... 

Histogram: Sync.ModelTypeErrorSite.INCOMING_PASSWORD_SHARING_INVITATION recorded 1 samples, mean = 0.0 (flags = 0x41)
0  -O                                                                        (1 = 100.0%)
1  ... 

Histogram: Sync.ModelTypeErrorSite.MANAGED_USER_SETTING recorded 1 samples, mean = 0.0 (flags = 0x41)
0  -O                                                                        (1 = 100.0%)
1  ... 

Histogram: Sync.ModelTypeErrorSite.PREFERENCE recorded 1 samples, mean = 0.0 (flags = 0x41)
0  -O                                                                        (1 = 100.0%)
1  ... 

Histogram: Sync.ModelTypeErrorSite.PRIORITY_PREFERENCE recorded 1 samples, mean = 0.0 (flags = 0x41)
0  -O                                                                        (1 = 100.0%)
1  ... 

Histogram: Sync.ModelTypeErrorSite.READING_LIST recorded 2 samples, mean = 0.0 (flags = 0x41)
0  --O                                                                       (2 = 100.0%)
1  ... 

Histogram: Sync.ModelTypeErrorSite.SAVED_TAB_GROUP recorded 1 samples, mean = 0.0 (flags = 0x41)
0  -O                                                                        (1 = 100.0%)
1  ... 

Histogram: Sync.ModelTypeErrorSite.SEARCH_ENGINE recorded 1 samples, mean = 0.0 (flags = 0x41)
0  -O                                                                        (1 = 100.0%)
1  ... 

Histogram: Sync.ModelTypeErrorSite.SECURITY_EVENT recorded 1 samples, mean = 0.0 (flags = 0x41)
0  -O                                                                        (1 = 100.0%)
1  ... 

Histogram: Sync.ModelTypeErrorSite.SEND_TAB_TO_SELF recorded 1 samples, mean = 0.0 (flags = 0x41)
0  -O                                                                        (1 = 100.0%)
1  ... 

Histogram: Sync.ModelTypeErrorSite.THEME recorded 1 samples, mean = 0.0 (flags = 0x41)
0  -O                                                                        (1 = 100.0%)
1  ... 

Histogram: Sync.ModelTypeErrorSite.USER_CONSENT recorded 1 samples, mean = 0.0 (flags = 0x41)
0  -O                                                                        (1 = 100.0%)
1  ... 

Histogram: Sync.ModelTypeErrorSite.USER_EVENT recorded 1 samples, mean = 0.0 (flags = 0x41)
0  -O                                                                        (1 = 100.0%)
1  ... 

Histogram: Sync.ModelTypeErrorSite.WEBAUTHN_CREDENTIAL recorded 1 samples, mean = 0.0 (flags = 0x41)
0  -O                                                                        (1 = 100.0%)
1  ... 

Histogram: Sync.ModelTypeErrorSite.WEB_APP recorded 1 samples, mean = 0.0 (flags = 0x41)
0  -O                                                                        (1 = 100.0%)
1  ... 

Histogram: Sync.ModelTypeStoreBackendError.Init recorded 1 samples, mean = 5.0 (flags = 0x41)
0  ... 
5  -O                                                                        (1 = 100.0%) {0.0%}
6  O                                                                         (0 = 0.0%) {100.0%}

Histogram: Sync.ModelTypeStoreBackendInitializationSuccess recorded 1 samples, mean = 0.0 (flags = 0x41)
0  -O                                                                        (1 = 100.0%)
1  ... 

Histogram: Sync.PassphraseType2 recorded 1 samples, mean = 0.0 (flags = 0x41)
0  -O                                                                        (1 = 100.0%)
1  ... 

Histogram: Sync.Startup.AccountInfoFullyLoaded2 recorded 1 samples, mean = 0.0 (flags = 0x41)
0  -O                                                                        (1 = 100.0%)
1  ... 

Histogram: Sync.Startup.SignedInWithoutAccountInfo2 recorded 1 samples, mean = 0.0 (flags = 0x41)
0  -O                                                                        (1 = 100.0%)
1  ... 

Histogram: Sync.SyncToSigninMigrationDecision recorded 1 samples, mean = 1.0 (flags = 0x41)
0  O                                                                         (0 = 0.0%)
1  -O                                                                        (1 = 100.0%) {0.0%}
2  ... 

Histogram: Sync.TrustedVaultFileReadStatus recorded 1 samples, mean = 0.0 (flags = 0x41)
0  -O                                                                        (1 = 100.0%)
1  ... 

Histogram: Sync.TrustedVaultFileWriteSuccess recorded 1 samples, mean = 1.0 (flags = 0x41)
0  O                                                                         (0 = 0.0%)
1  -O                                                                        (1 = 100.0%) {0.0%}
2  O                                                                         (0 = 0.0%) {100.0%}

Histogram: TabGroups.CollapsedGroupCountPerLoad recorded 1 samples, mean = 0.0 (flags = 0x41)
0  -O                                                                        (1 = 100.0%)
1  ... 

Histogram: TabGroups.SavedTabGroupActiveCount recorded 1 samples, mean = 0.0 (flags = 0x41)
0  -O                                                                        (1 = 100.0%)
1  ... 

Histogram: TabGroups.SavedTabGroupCount recorded 1 samples, mean = 0.0 (flags = 0x41)
0  -O                                                                        (1 = 100.0%)
1  ... 

Histogram: TabGroups.SavedTabGroupPinnedCount recorded 1 samples, mean = 0.0 (flags = 0x41)
0  -O                                                                        (1 = 100.0%)
1  ... 

Histogram: TabGroups.SavedTabGroupSyncBridge.MigrationResult recorded 1 samples, mean = 0.0 (flags = 0x41)
0  -O                                                                        (1 = 100.0%)
1  ... 

Histogram: TabGroups.SavedTabGroupUnpinnedCount recorded 1 samples, mean = 0.0 (flags = 0x41)
0  -O                                                                        (1 = 100.0%)
1  ... 

Histogram: TabGroups.UnsavedTabGroupCount recorded 1 samples, mean = 0.0 (flags = 0x41)
0  -O                                                                        (1 = 100.0%)
1  ... 

Histogram: TabGroups.UserCustomizedGroupCountPerLoad recorded 1 samples, mean = 0.0 (flags = 0x41)
0  -O                                                                        (1 = 100.0%)
1  ... 

Histogram: TabGroups.UserGroupCountPerLoad recorded 1 samples, mean = 0.0 (flags = 0x41)
0  -O                                                                        (1 = 100.0%)
1  ... 

Histogram: TabGroups.UserPinnedTabCountPerLoad recorded 1 samples, mean = 0.0 (flags = 0x41)
0  -O                                                                        (1 = 100.0%)
1  ... 

Histogram: Tabs.NewNavigationWithSameOriginTab recorded 1 samples, mean = 0.0 (flags = 0x41)
0  -O                                                                        (1 = 100.0%)
1  ... 

Histogram: Tabs.TabCount recorded 15 samples, mean = 0.0 (flags = 0x41)
0  ---------------O                                                          (15 = 100.0%)
1  ... 

Histogram: Tabs.TabCount.PluggedIn recorded 15 samples, mean = 0.0 (flags = 0x41)
0  ---------------O                                                          (15 = 100.0%)
1  ... 

Histogram: Tabs.TabCountPerLoad recorded 1 samples, mean = 0.0 (flags = 0x41)
0  -O                                                                        (1 = 100.0%)
1  ... 

Histogram: Tabs.WindowCount recorded 15 samples, mean = 0.0 (flags = 0x41)
0  ---------------O                                                          (15 = 100.0%)
1  ... 

Histogram: Tabs.WindowCount.PluggedIn recorded 15 samples, mean = 0.0 (flags = 0x41)
0  ---------------O                                                          (15 = 100.0%)
1  ... 

Histogram: ThirdPartyModules.InputMethodEditorsCount recorded 1 samples, mean = 0.0 (flags = 0x41)
0  -O                                                                        (1 = 100.0%)
1  ... 

Histogram: ThreadPool.UnnecessaryWakeup.Browser.Background recorded 6 samples, mean = 1.0 (flags = 0x41)
0  O                                                                         (0 = 0.0%)
1  ------O                                                                   (6 = 100.0%) {0.0%}
2  O                                                                         (0 = 0.0%) {100.0%}

Histogram: ThreadPool.UnnecessaryWakeup.Browser.Foreground recorded 87 samples, mean = 1.0 (flags = 0x41)
0  O                                                                         (0 = 0.0%)
1  ------------------------------------------------------------------------O (87 = 100.0%) {0.0%}
2  O                                                                         (0 = 0.0%) {100.0%}

Histogram: ThreadPool.UnnecessaryWakeup.Renderer.Foreground recorded 89 samples, mean = 1.0 (flags = 0x41)
0  O                                                                         (0 = 0.0%)
1  ------------------------------------------------------------------------O (89 = 100.0%) {0.0%}
2  O                                                                         (0 = 0.0%) {100.0%}

Histogram: Translate.ApplicationStart.AlwaysTranslateLanguage.Count recorded 1 samples, mean = 0.0 (flags = 0x41)
0  -O                                                                        (1 = 100.0%)
1  ... 

Histogram: Translate.ApplicationStart.NeverTranslateLanguage recorded 1 samples (flags = 0x41)
-74147910-O                                                                        (1 = 100.0%)

Histogram: Translate.ApplicationStart.NeverTranslateLanguage.Count recorded 1 samples, mean = 1.0 (flags = 0x41)
0  O                                                                         (0 = 0.0%)
1  -O                                                                        (1 = 100.0%) {0.0%}
2  ... 

Histogram: Translate.ApplicationStart.NeverTranslateSite.Count recorded 1 samples, mean = 0.0 (flags = 0x41)
0  -O                                                                        (1 = 100.0%)
1  ... 

Histogram: Translate.LanguageDetection.ContentLength recorded 1 samples, mean = 1625.0 (flags = 0x41)
0     ... 
1404  -O                                                                        (1 = 100.0%) {0.0%}
1757  ... 

Histogram: Translate.LanguageDeterminedDuration recorded 1 samples, mean = 2138.0 (flags = 0x41)
0     ... 
1816  -O                                                                        (1 = 100.0%) {0.0%}
2460  ... 

Histogram: Translate.PageLoad.FinalSourceLanguage recorded 1 samples (flags = 0x41)
350748440  -O                                                                        (1 = 100.0%)

Histogram: Translate.PageLoad.FinalState recorded 1 samples, mean = 1.0 (flags = 0x41)
0  O                                                                         (0 = 0.0%)
1  -O                                                                        (1 = 100.0%) {0.0%}
2  ... 

Histogram: Translate.PageLoad.FinalTargetLanguage recorded 1 samples (flags = 0x41)
-74147910-O                                                                        (1 = 100.0%)

Histogram: Translate.PageLoad.InitialSourceLanguage recorded 1 samples (flags = 0x41)
350748440  -O                                                                        (1 = 100.0%)

Histogram: Translate.PageLoad.InitialState recorded 1 samples, mean = 1.0 (flags = 0x41)
0  O                                                                         (0 = 0.0%)
1  -O                                                                        (1 = 100.0%) {0.0%}
2  ... 

Histogram: Translate.PageLoad.InitialTargetLanguage recorded 1 samples (flags = 0x41)
-74147910-O                                                                        (1 = 100.0%)

Histogram: Translate.PageLoad.InitialTargetLanguage.Origin recorded 1 samples, mean = 1.0 (flags = 0x41)
0  O                                                                         (0 = 0.0%)
1  -O                                                                        (1 = 100.0%) {0.0%}
2  ... 

Histogram: Translate.PageLoad.IsInitialSourceLanguageInUsersContentLanguages recorded 1 samples, mean = 0.0 (flags = 0x41)
0  -O                                                                        (1 = 100.0%)
1  ... 

Histogram: Translate.PageLoad.NumReversions recorded 1 samples, mean = 0.0 (flags = 0x41)
0  -O                                                                        (1 = 100.0%)
1  ... 

Histogram: Translate.PageLoad.NumTargetLanguageChanges recorded 1 samples, mean = 0.0 (flags = 0x41)
0  -O                                                                        (1 = 100.0%)
1  ... 

Histogram: Translate.PageLoad.NumTranslations recorded 1 samples, mean = 0.0 (flags = 0x41)
0  -O                                                                        (1 = 100.0%)
1  ... 

Histogram: Translate.PageLoad.Ranker.Decision recorded 1 samples, mean = 1.0 (flags = 0x41)
0  O                                                                         (0 = 0.0%)
1  -O                                                                        (1 = 100.0%) {0.0%}
2  ... 

Histogram: Translate.PageLoad.Ranker.Version recorded 1 samples (flags = 0x41)
0  -O                                                                        (1 = 100.0%)

Histogram: Translate.PageLoad.TriggerDecision recorded 1 samples, mean = 4.0 (flags = 0x41)
0  ... 
4  -O                                                                        (1 = 100.0%) {0.0%}
5  ... 

Histogram: Translate.Ranker.Model.Status2 recorded 2 samples, mean = 6.5 (flags = 0x41)
0  ... 
6  -O                                                                        (1 = 50.0%) {0.0%}
7  -O                                                                        (1 = 50.0%) {50.0%}
8  O                                                                         (0 = 0.0%) {100.0%}

Histogram: UI.DeviceScale recorded 1 samples (flags = 0x41)
100  -O                                                                        (1 = 100.0%)

Histogram: UKM.ConsentObserver.Purge recorded 1 samples, mean = 0.0 (flags = 0x41)
0  -O                                                                        (1 = 100.0%)
1  ... 

Histogram: UKM.Entries.Dropped recorded 189 samples, mean = 1.0 (flags = 0x41)
0  O                                                                         (0 = 0.0%)
1  ------------------------------------------------------------------------O (189 = 100.0%) {0.0%}
2  ... 

Histogram: UKM.Entries.Dropped.ByEntryHash recorded 189 samples (flags = 0x41)
58315124    -O                                                                        (1 = 0.5%)
181657211   --O                                                                       (2 = 1.1%)
189164898   -O                                                                        (1 = 0.5%)
251237400   -O                                                                        (1 = 0.5%)
270025173   -O                                                                        (1 = 0.5%)
277070773   -O                                                                        (1 = 0.5%)
385121421   -O                                                                        (1 = 0.5%)
480593958   ----------O                                                               (10 = 5.3%)
532600439   ---O                                                                      (3 = 1.6%)
575234402   -O                                                                        (1 = 0.5%)
624513781   -O                                                                        (1 = 0.5%)
654949485   ---------------O                                                          (15 = 7.9%)
661477988   -O                                                                        (1 = 0.5%)
705322609   ---O                                                                      (3 = 1.6%)
805578149   -O                                                                        (1 = 0.5%)
810755299   -O                                                                        (1 = 0.5%)
828084724   -------------------------------------O                                    (37 = 19.6%)
854760832   -O                                                                        (1 = 0.5%)
888761441   -O                                                                        (1 = 0.5%)
902138984   ---------O                                                                (9 = 4.8%)
923024503   -O                                                                        (1 = 0.5%)
938382174   -O                                                                        (1 = 0.5%)
986870865   ----O                                                                     (4 = 2.1%)
1004547038  -O                                                                        (1 = 0.5%)
1035062417  -O                                                                        (1 = 0.5%)
1078164680  --O                                                                       (2 = 1.1%)
1149114043  -O                                                                        (1 = 0.5%)
1262170432  --------O                                                                 (8 = 4.2%)
1321082436  --O                                                                       (2 = 1.1%)
1350795912  -O                                                                        (1 = 0.5%)
1354891390  -O                                                                        (1 = 0.5%)
1404242571  -------------------------------------O                                    (37 = 19.6%)
1548358279  -O                                                                        (1 = 0.5%)
1576109827  -O                                                                        (1 = 0.5%)
1604233346  -------O                                                                  (7 = 3.7%)
1607081943  -O                                                                        (1 = 0.5%)
1645426679  -----O                                                                    (5 = 2.6%)
1663717192  -O                                                                        (1 = 0.5%)
1767609109  -----------O                                                              (11 = 5.8%)
1790338714  -O                                                                        (1 = 0.5%)
1832900131  ----O                                                                     (4 = 2.1%)
1866365893  -O                                                                        (1 = 0.5%)
1871083634  -O                                                                        (1 = 0.5%)
1982793904  -O                                                                        (1 = 0.5%)
2037740339  -O                                                                        (1 = 0.5%)
2066033668  -O                                                                        (1 = 0.5%)

Histogram: UKM.PersistentLogRecall.Status recorded 1 samples, mean = 1.0 (flags = 0x41)
0  O                                                                         (0 = 0.0%)
1  -O                                                                        (1 = 100.0%) {0.0%}
2  ... 

Histogram: UKM.Sources.Dropped recorded 7 samples, mean = 1.0 (flags = 0x41)
0  O                                                                         (0 = 0.0%)
1  -------O                                                                  (7 = 100.0%) {0.0%}
2  ... 

Histogram: UKM.WebDXFeatureSets.Dropped recorded 2 samples, mean = 1.0 (flags = 0x41)
0  O                                                                         (0 = 0.0%)
1  --O                                                                       (2 = 100.0%) {0.0%}
2  ... 

Histogram: UMA.ChildProcess.Ping.Periodic recorded 15 samples, mean = 1.0 (flags = 0x41)
0  -----O                                                                    (5 = 33.3%)
1  -----O                                                                    (5 = 33.3%) {33.3%}
2  -----O                                                                    (5 = 33.3%) {66.7%}
3  O                                                                         (0 = 0.0%) {100.0%}

Histogram: UMA.ChildProcess.Ping.SharedMemorySetUp recorded 43 samples, mean = 1.0 (flags = 0x41)
0  ---------------O                                                          (15 = 34.9%)
1  --------------O                                                           (14 = 32.6%) {34.9%}
2  --------------O                                                           (14 = 32.6%) {67.4%}
3  O                                                                         (0 = 0.0%) {100.0%}

Histogram: UMA.CleanExitBeaconConsistency3 recorded 1 samples, mean = 0.0 (flags = 0x41)
0  -O                                                                        (1 = 100.0%)
1  ... 

Histogram: UMA.EntropySourceType recorded 1 samples, mean = 1.0 (flags = 0x41)
0  O                                                                         (0 = 0.0%)
1  -O                                                                        (1 = 100.0%) {0.0%}
2  ... 

Histogram: UMA.LocalHistogram recorded 16 samples, mean = 1.0 (flags = 0x40)
0  O                                                                         (0 = 0.0%)
1  ----------------O                                                         (16 = 100.0%) {0.0%}
2  O                                                                         (0 = 0.0%) {100.0%}

Histogram: UMA.MachineIdState recorded 1 samples, mean = 3.0 (flags = 0x41)
0  ... 
3  -O                                                                        (1 = 100.0%) {0.0%}
4  O                                                                         (0 = 0.0%) {100.0%}

Histogram: UMA.MetricsService.Initialize.Time recorded 1 samples, mean = 80.0 (flags = 0x41)
0   ... 
65  -O                                                                        (1 = 100.0%) {0.0%}
86  ... 

Histogram: UMA.MetricsService.PendingOngoingLogOnDisable recorded 1 samples, mean = 0.0 (flags = 0x41)
0  -O                                                                        (1 = 100.0%)
1  ... 

Histogram: UMA.PersistentAllocator.BrowserMetrics.Errors recorded 0 samples (flags = 0x41)
0 ... 

Histogram: UMA.PersistentAllocator.BrowserMetrics.UsedPct recorded 0 samples (flags = 0x41)
0 ... 

Histogram: UMA.PersistentAllocator.EarlyHistograms.BrowserMetrics recorded 1 samples, mean = 1.0 (flags = 0x41)
0  O                                                                         (0 = 0.0%)
1  -O                                                                        (1 = 100.0%) {0.0%}
2  ... 

Histogram: UMA.PersistentAllocator.EarlyHistograms.GpuMetrics recorded 1 samples, mean = 24.0 (flags = 0x41)
0   ... 
24  -O                                                                        (1 = 100.0%) {0.0%}
25  ... 

Histogram: UMA.PersistentAllocator.EarlyHistograms.RendererMetrics recorded 3 samples, mean = 31.3 (flags = 0x41)
0   ... 
25  -O                                                                        (1 = 33.3%) {0.0%}
26  ... 
32  -O                                                                        (1 = 33.3%) {33.3%}
34  O                                                                         (0 = 0.0%) {66.7%}
36  -O                                                                        (1 = 33.3%) {66.7%}
38  ... 

Histogram: UMA.PersistentAllocator.EarlyHistograms.UtilityMetrics recorded 10 samples, mean = 8.3 (flags = 0x41)
0   ... 
7   --------O                                                                 (8 = 80.0%) {0.0%}
8   -O                                                                        (1 = 10.0%) {80.0%}
9   ... 
19  -O                                                                        (1 = 10.0%) {90.0%}
20  ... 

Histogram: UMA.PersistentAllocator.FieldTrialAllocator.Errors recorded 0 samples (flags = 0x41)
0 ... 

Histogram: UMA.PersistentAllocator.FieldTrialAllocator.UsedPct recorded 15 samples, mean = 0.0 (flags = 0x41)
0  ---------------O                                                          (15 = 100.0%)
1  ... 

Histogram: UMA.PersistentHistograms.InitResult recorded 1 samples, mean = 2.0 (flags = 0x41)
0  ... 
2  -O                                                                        (1 = 100.0%) {0.0%}
3  ... 

Histogram: UMA.Pseudo.PageLoad.LayoutInstability.CumulativeShiftScore recorded 1 samples, mean = 0.0 (flags = 0x41)
0  -O                                                                        (1 = 100.0%)
1  ... 

Histogram: UMA.Pseudo.PageLoad.LayoutInstability.MaxCumulativeShiftScore.SessionWindow.Gap1000ms.Max5000ms2 recorded 1 samples, mean = 0.0 (flags = 0x41)
0  -O                                                                        (1 = 100.0%)
1  ... 

Histogram: UnifiedConsent.MakeSearchesAndBrowsingBetter.OnProfileLoad recorded 1 samples, mean = 0.0 (flags = 0x41)
0  -O                                                                        (1 = 100.0%)
1  ... 

Histogram: UpdateClient.BackgroundDownloaderWin.ExistingJobUsed recorded 4 samples, mean = 0.0 (flags = 0x41)
0  ----O                                                                     (4 = 100.0%)
1  ... 

Histogram: UpdateClient.BackgroundDownloaderWin.StaleJobsCleaned recorded 1 samples, mean = 0.0 (flags = 0x41)
0  -O                                                                        (1 = 100.0%)
1  ... 

Histogram: UpdateClient.Component.CanUpdateResult recorded 4 samples, mean = 3.0 (flags = 0x41)
0  ... 
3  ----O                                                                     (4 = 100.0%) {0.0%}
4  O                                                                         (0 = 0.0%) {100.0%}

Histogram: UpdateClient.Component.UpdateCheckResult recorded 19 samples, mean = 2.8 (flags = 0x41)
0  ... 
2  ----O                                                                     (4 = 21.1%) {0.0%}
3  ---------------O                                                          (15 = 78.9%) {21.1%}
4  O                                                                         (0 = 0.0%) {100.0%}

Histogram: UpdateClient.Component.Updated recorded 4 samples, mean = 1.0 (flags = 0x41)
0  O                                                                         (0 = 0.0%)
1  ----O                                                                     (4 = 100.0%) {0.0%}
2  O                                                                         (0 = 0.0%) {100.0%}

Histogram: UpdateClient.CrxDownloader.DownloadCompleteSuccess recorded 4 samples, mean = 1.0 (flags = 0x41)
0  O                                                                         (0 = 0.0%)
1  ----O                                                                     (4 = 100.0%) {0.0%}
2  O                                                                         (0 = 0.0%) {100.0%}

Histogram: V8.CollectSourcePositions recorded 30 samples, mean = 251.7 (flags = 0x41)
0     ... 
9     -O                                                                        (1 = 3.3%) {0.0%}
12    -O                                                                        (1 = 3.3%) {3.3%}
16    -O                                                                        (1 = 3.3%) {6.7%}
21    O                                                                         (0 = 0.0%) {10.0%}
28    -----O                                                                    (5 = 16.7%) {10.0%}
37    O                                                                         (0 = 0.0%) {26.7%}
49    -O                                                                        (1 = 3.3%) {26.7%}
65    ---O                                                                      (3 = 10.0%) {30.0%}
86    -O                                                                        (1 = 3.3%) {40.0%}
113   ---O                                                                      (3 = 10.0%) {43.3%}
149   --O                                                                       (2 = 6.7%) {53.3%}
196   ---O                                                                      (3 = 10.0%) {60.0%}
258   -O                                                                        (1 = 3.3%) {70.0%}
340   --O                                                                       (2 = 6.7%) {73.3%}
448   ---O                                                                      (3 = 10.0%) {80.0%}
590   -O                                                                        (1 = 3.3%) {90.0%}
777   O                                                                         (0 = 0.0%) {93.3%}
1023  --O                                                                       (2 = 6.7%) {93.3%}
1347  ... 

Histogram: V8.CompileLazyMicroSeconds recorded 6 samples, mean = 29640.5 (flags = 0x41)
0       ... 
146     --O                                                                       (2 = 33.3%) {0.0%}
203     ... 
10321   --O                                                                       (2 = 33.3%) {33.3%}
14319   O                                                                         (0 = 0.0%) {66.7%}
19866   -O                                                                        (1 = 16.7%) {66.7%}
27562   ... 
102126  -O                                                                        (1 = 16.7%) {83.3%}
141691  ... 

Histogram: V8.CompileMicroSeconds recorded 22 samples, mean = 61.0 (flags = 0x41)
0    ... 
7    --O                                                                       (2 = 9.1%) {0.0%}
9    ---O                                                                      (3 = 13.6%) {9.1%}
12   --O                                                                       (2 = 9.1%) {22.7%}
16   -O                                                                        (1 = 4.5%) {31.8%}
21   O                                                                         (0 = 0.0%) {36.4%}
28   --O                                                                       (2 = 9.1%) {36.4%}
37   -----O                                                                    (5 = 22.7%) {45.5%}
49   ---O                                                                      (3 = 13.6%) {68.2%}
65   --O                                                                       (2 = 9.1%) {81.8%}
86   ... 
258  -O                                                                        (1 = 4.5%) {90.9%}
340  -O                                                                        (1 = 4.5%) {95.5%}
448  ... 

Histogram: V8.CompileScript.CacheBehaviour recorded 46 samples, mean = 9.1 (flags = 0x41)
0   ... 
4   ----------------O                                                         (16 = 34.8%) {0.0%}
5   ... 
8   --O                                                                       (2 = 4.3%) {34.8%}
9   ... 
12  ------------------------O                                                 (24 = 52.2%) {39.1%}
13  ----O                                                                     (4 = 8.7%) {91.3%}
14  ... 

Histogram: V8.CompileScriptMicroSeconds recorded 46 samples, mean = 130.6 (flags = 0x41)
0     ... 
9     -O                                                                        (1 = 2.2%) {0.0%}
12    ----O                                                                     (4 = 8.7%) {2.2%}
16    ------O                                                                   (6 = 13.0%) {10.9%}
21    -------O                                                                  (7 = 15.2%) {23.9%}
28    ---O                                                                      (3 = 6.5%) {39.1%}
37    ------O                                                                   (6 = 13.0%) {45.7%}
49    -O                                                                        (1 = 2.2%) {58.7%}
65    ----O                                                                     (4 = 8.7%) {60.9%}
86    --O                                                                       (2 = 4.3%) {69.6%}
113   --O                                                                       (2 = 4.3%) {73.9%}
149   ----O                                                                     (4 = 8.7%) {78.3%}
196   --O                                                                       (2 = 4.3%) {87.0%}
258   ... 
590   -O                                                                        (1 = 2.2%) {91.3%}
777   --O                                                                       (2 = 4.3%) {93.5%}
1023  -O                                                                        (1 = 2.2%) {97.8%}
1347  ... 

Histogram: V8.CompileScriptMicroSeconds.BackgroundThread recorded 24 samples, mean = 32179.9 (flags = 0x41)
0       ... 
196     -O                                                                        (1 = 4.2%) {0.0%}
258     -O                                                                        (1 = 4.2%) {4.2%}
340     O                                                                         (0 = 0.0%) {8.3%}
448     -O                                                                        (1 = 4.2%) {8.3%}
590     --O                                                                       (2 = 8.3%) {12.5%}
777     -O                                                                        (1 = 4.2%) {20.8%}
1023    O                                                                         (0 = 0.0%) {25.0%}
1347    -O                                                                        (1 = 4.2%) {25.0%}
1774    --O                                                                       (2 = 8.3%) {29.2%}
2336    ... 
4053    -----O                                                                    (5 = 20.8%) {37.5%}
5338    -O                                                                        (1 = 4.2%) {58.3%}
7031    -O                                                                        (1 = 4.2%) {62.5%}
9260    -O                                                                        (1 = 4.2%) {66.7%}
12196   -O                                                                        (1 = 4.2%) {70.8%}
16063   ... 
27864   --O                                                                       (2 = 8.3%) {75.0%}
36699   ... 
63662   -O                                                                        (1 = 4.2%) {83.3%}
83848   O                                                                         (0 = 0.0%) {87.5%}
110434  -O                                                                        (1 = 4.2%) {87.5%}
145450  -O                                                                        (1 = 4.2%) {91.7%}
191569  O                                                                         (0 = 0.0%) {95.8%}
252312  -O                                                                        (1 = 4.2%) {95.8%}
332315  ... 

Histogram: V8.CompileScriptMicroSeconds.NoCache.InlineScript recorded 16 samples, mean = 141.9 (flags = 0x41)
0    ... 
21   --O                                                                       (2 = 12.5%) {0.0%}
28   O                                                                         (0 = 0.0%) {12.5%}
37   ---O                                                                      (3 = 18.8%) {12.5%}
49   --O                                                                       (2 = 12.5%) {31.2%}
65   -O                                                                        (1 = 6.2%) {43.8%}
86   --O                                                                       (2 = 12.5%) {50.0%}
113  O                                                                         (0 = 0.0%) {62.5%}
149  ---O                                                                      (3 = 18.8%) {62.5%}
196  --O                                                                       (2 = 12.5%) {81.2%}
258  ... 
777  -O                                                                        (1 = 6.2%) {93.8%}
1023 ... 

Histogram: V8.CompileScriptMicroSeconds.NoCache.Other recorded 6 samples, mean = 375.2 (flags = 0x41)
0     ... 
65    ---O                                                                      (3 = 50.0%) {0.0%}
86    O                                                                         (0 = 0.0%) {50.0%}
113   -O                                                                        (1 = 16.7%) {50.0%}
149   ... 
590   -O                                                                        (1 = 16.7%) {66.7%}
777   O                                                                         (0 = 0.0%) {83.3%}
1023  -O                                                                        (1 = 16.7%) {83.3%}
1347  ... 

Histogram: V8.CompileScriptMicroSeconds.StreamingFinalization recorded 24 samples, mean = 68.4 (flags = 0x41)
0    ... 
9    -O                                                                        (1 = 4.2%) {0.0%}
12   ---O                                                                      (3 = 12.5%) {4.2%}
16   -----O                                                                    (5 = 20.8%) {16.7%}
21   -----O                                                                    (5 = 20.8%) {37.5%}
28   ----O                                                                     (4 = 16.7%) {58.3%}
37   --O                                                                       (2 = 8.3%) {75.0%}
49   -O                                                                        (1 = 4.2%) {83.3%}
65   ... 
113  -O                                                                        (1 = 4.2%) {87.5%}
149  -O                                                                        (1 = 4.2%) {91.7%}
196  ... 
777  -O                                                                        (1 = 4.2%) {95.8%}
1023 ... 

Histogram: V8.CompileSerializeMicroSeconds recorded 18 samples, mean = 2904.8 (flags = 0x41)
0      ... 
39     --O                                                                       (2 = 11.1%) {0.0%}
49     -O                                                                        (1 = 5.6%) {11.1%}
61     --O                                                                       (2 = 11.1%) {16.7%}
76     -O                                                                        (1 = 5.6%) {27.8%}
95     -O                                                                        (1 = 5.6%) {33.3%}
119    --O                                                                       (2 = 11.1%) {38.9%}
149    O                                                                         (0 = 0.0%) {50.0%}
186    --O                                                                       (2 = 11.1%) {50.0%}
233    -O                                                                        (1 = 5.6%) {61.1%}
292    -O                                                                        (1 = 5.6%) {66.7%}
365    --O                                                                       (2 = 11.1%) {72.2%}
457    O                                                                         (0 = 0.0%) {83.3%}
572    -O                                                                        (1 = 5.6%) {83.3%}
716    -O                                                                        (1 = 5.6%) {88.9%}
896    ... 
40733  -O                                                                        (1 = 5.6%) {94.4%}
50987  ... 

Histogram: V8.GC.Cycle.CollectionRate.Full recorded 1 samples, mean = 78.0 (flags = 0x41)
0   ... 
64  -O                                                                        (1 = 100.0%) {0.0%}
80  ... 

Histogram: V8.GC.Cycle.CollectionRate.Full.Cpp recorded 1 samples, mean = 42.0 (flags = 0x41)
0   ... 
41  -O                                                                        (1 = 100.0%) {0.0%}
51  ... 

Histogram: V8.GC.Cycle.CollectionRate.Young recorded 15 samples, mean = 39.8 (flags = 0x41)
0   ... 
17  ---O                                                                      (3 = 20.0%) {0.0%}
21  O                                                                         (0 = 0.0%) {20.0%}
26  ---O                                                                      (3 = 20.0%) {20.0%}
33  --O                                                                       (2 = 13.3%) {40.0%}
41  ----O                                                                     (4 = 26.7%) {53.3%}
51  --O                                                                       (2 = 13.3%) {80.0%}
64  O                                                                         (0 = 0.0%) {93.3%}
80  -O                                                                        (1 = 6.7%) {93.3%}
100 O                                                                         (0 = 0.0%) {100.0%}

Histogram: V8.GC.Cycle.CollectionWeight.Full recorded 1 samples, mean = 0.0 (flags = 0x41)
0  -O                                                                        (1 = 100.0%)
1  ... 

Histogram: V8.GC.Cycle.CollectionWeight.Full.Cpp recorded 1 samples, mean = 0.0 (flags = 0x41)
0  -O                                                                        (1 = 100.0%)
1  ... 

Histogram: V8.GC.Cycle.CollectionWeight.MainThread.Full recorded 1 samples, mean = 0.0 (flags = 0x41)
0  -O                                                                        (1 = 100.0%)
1  ... 

Histogram: V8.GC.Cycle.CollectionWeight.MainThread.Full.Cpp recorded 1 samples, mean = 0.0 (flags = 0x41)
0  -O                                                                        (1 = 100.0%)
1  ... 

Histogram: V8.GC.Cycle.Efficiency.Full recorded 1 samples, mean = 17.0 (flags = 0x41)
0   ... 
14  -O                                                                        (1 = 100.0%) {0.0%}
19  ... 

Histogram: V8.GC.Cycle.Efficiency.Full.Cpp recorded 1 samples, mean = 149.0 (flags = 0x41)
0    ... 
120  -O                                                                        (1 = 100.0%) {0.0%}
163  ... 

Histogram: V8.GC.Cycle.Efficiency.MainThread.Full recorded 1 samples, mean = 59.0 (flags = 0x41)
0   ... 
48  -O                                                                        (1 = 100.0%) {0.0%}
65  ... 

Histogram: V8.GC.Cycle.Efficiency.MainThread.Full.Cpp recorded 1 samples, mean = 195.0 (flags = 0x41)
0    ... 
163  -O                                                                        (1 = 100.0%) {0.0%}
222  ... 

Histogram: V8.GC.Cycle.Efficiency.MainThread.Young recorded 15 samples, mean = 464.8 (flags = 0x41)
0     ... 
26    -O                                                                        (1 = 6.7%) {0.0%}
35    O                                                                         (0 = 0.0%) {6.7%}
48    -O                                                                        (1 = 6.7%) {6.7%}
65    -O                                                                        (1 = 6.7%) {13.3%}
88    -O                                                                        (1 = 6.7%) {20.0%}
120   --O                                                                       (2 = 13.3%) {26.7%}
163   O                                                                         (0 = 0.0%) {40.0%}
222   -O                                                                        (1 = 6.7%) {40.0%}
302   --O                                                                       (2 = 13.3%) {46.7%}
411   -O                                                                        (1 = 6.7%) {60.0%}
559   -O                                                                        (1 = 6.7%) {66.7%}
760   -O                                                                        (1 = 6.7%) {73.3%}
1034  ---O                                                                      (3 = 20.0%) {80.0%}
1407  ... 

Histogram: V8.GC.Cycle.Efficiency.Young recorded 15 samples, mean = 295.5 (flags = 0x41)
0    ... 
19   -O                                                                        (1 = 6.7%) {0.0%}
26   ... 
48   --O                                                                       (2 = 13.3%) {6.7%}
65   -O                                                                        (1 = 6.7%) {20.0%}
88   -O                                                                        (1 = 6.7%) {26.7%}
120  --O                                                                       (2 = 13.3%) {33.3%}
163  O                                                                         (0 = 0.0%) {46.7%}
222  -O                                                                        (1 = 6.7%) {46.7%}
302  ---O                                                                      (3 = 20.0%) {53.3%}
411  -O                                                                        (1 = 6.7%) {73.3%}
559  ---O                                                                      (3 = 20.0%) {80.0%}
760  ... 

Histogram: V8.GC.Cycle.Full recorded 1 samples, mean = 178.0 (flags = 0x41)
0    ... 
160  -O                                                                        (1 = 100.0%) {0.0%}
190  ... 

Histogram: V8.GC.Cycle.Full.Compact recorded 1 samples, mean = 14.0 (flags = 0x41)
0   ... 
14  -O                                                                        (1 = 100.0%) {0.0%}
17  ... 

Histogram: V8.GC.Cycle.Full.Compact.Cpp recorded 1 samples, mean = 13.0 (flags = 0x41)
0   ... 
12  -O                                                                        (1 = 100.0%) {0.0%}
14  ... 

Histogram: V8.GC.Cycle.Full.Cpp recorded 1 samples, mean = 38.0 (flags = 0x41)
0   ... 
34  -O                                                                        (1 = 100.0%) {0.0%}
40  ... 

Histogram: V8.GC.Cycle.Full.Mark recorded 1 samples, mean = 107.0 (flags = 0x41)
0   ... 
96  -O                                                                        (1 = 100.0%) {0.0%}
114 ... 

Histogram: V8.GC.Cycle.Full.Mark.Cpp recorded 1 samples, mean = 14.0 (flags = 0x41)
0   ... 
14  -O                                                                        (1 = 100.0%) {0.0%}
17  ... 

Histogram: V8.GC.Cycle.Full.Sweep recorded 1 samples, mean = 40.0 (flags = 0x41)
0   ... 
40  -O                                                                        (1 = 100.0%) {0.0%}
48  ... 

Histogram: V8.GC.Cycle.Full.Sweep.Cpp recorded 1 samples, mean = 9.0 (flags = 0x41)
0  ... 
8  -O                                                                        (1 = 100.0%) {0.0%}
10 ... 

Histogram: V8.GC.Cycle.Full.Weak recorded 1 samples, mean = 4.0 (flags = 0x41)
0  ... 
4  -O                                                                        (1 = 100.0%) {0.0%}
5  ... 

Histogram: V8.GC.Cycle.Full.Weak.Cpp recorded 1 samples, mean = 0.0 (flags = 0x41)
0  -O                                                                        (1 = 100.0%)
1  ... 

Histogram: V8.GC.Cycle.MainThread.Full recorded 1 samples, mean = 53.0 (flags = 0x41)
0   ... 
48  -O                                                                        (1 = 100.0%) {0.0%}
57  ... 

Histogram: V8.GC.Cycle.MainThread.Full.Atomic recorded 1 samples, mean = 28.0 (flags = 0x41)
0   ... 
24  -O                                                                        (1 = 100.0%) {0.0%}
29  ... 

Histogram: V8.GC.Cycle.MainThread.Full.Atomic.Compact recorded 1 samples, mean = 8.0 (flags = 0x41)
0  ... 
8  -O                                                                        (1 = 100.0%) {0.0%}
10 ... 

Histogram: V8.GC.Cycle.MainThread.Full.Atomic.Compact.Cpp recorded 1 samples, mean = 13.0 (flags = 0x41)
0   ... 
12  -O                                                                        (1 = 100.0%) {0.0%}
14  ... 

Histogram: V8.GC.Cycle.MainThread.Full.Atomic.Cpp recorded 1 samples, mean = 14.0 (flags = 0x41)
0   ... 
14  -O                                                                        (1 = 100.0%) {0.0%}
17  ... 

Histogram: V8.GC.Cycle.MainThread.Full.Atomic.Mark recorded 1 samples, mean = 0.0 (flags = 0x41)
0  -O                                                                        (1 = 100.0%)
1  ... 

Histogram: V8.GC.Cycle.MainThread.Full.Atomic.Mark.Cpp recorded 1 samples, mean = 0.0 (flags = 0x41)
0  -O                                                                        (1 = 100.0%)
1  ... 

Histogram: V8.GC.Cycle.MainThread.Full.Atomic.Sweep recorded 1 samples, mean = 2.0 (flags = 0x41)
0  ... 
2  -O                                                                        (1 = 100.0%) {0.0%}
3  ... 

Histogram: V8.GC.Cycle.MainThread.Full.Atomic.Sweep.Cpp recorded 1 samples, mean = 0.0 (flags = 0x41)
0  -O                                                                        (1 = 100.0%)
1  ... 

Histogram: V8.GC.Cycle.MainThread.Full.Atomic.Weak recorded 1 samples, mean = 4.0 (flags = 0x41)
0  ... 
4  -O                                                                        (1 = 100.0%) {0.0%}
5  ... 

Histogram: V8.GC.Cycle.MainThread.Full.Atomic.Weak.Cpp recorded 1 samples, mean = 0.0 (flags = 0x41)
0  -O                                                                        (1 = 100.0%)
1  ... 

Histogram: V8.GC.Cycle.MainThread.Full.Compact recorded 1 samples, mean = 8.0 (flags = 0x41)
0  ... 
8  -O                                                                        (1 = 100.0%) {0.0%}
10 ... 

Histogram: V8.GC.Cycle.MainThread.Full.Compact.Cpp recorded 1 samples, mean = 13.0 (flags = 0x41)
0   ... 
12  -O                                                                        (1 = 100.0%) {0.0%}
14  ... 

Histogram: V8.GC.Cycle.MainThread.Full.Cpp recorded 1 samples, mean = 29.0 (flags = 0x41)
0   ... 
29  -O                                                                        (1 = 100.0%) {0.0%}
34  ... 

Histogram: V8.GC.Cycle.MainThread.Full.Incremental.Mark recorded 1 samples, mean = 25.0 (flags = 0x41)
0   ... 
24  -O                                                                        (1 = 100.0%) {0.0%}
29  ... 

Histogram: V8.GC.Cycle.MainThread.Full.Incremental.Mark.Cpp recorded 1 samples, mean = 7.0 (flags = 0x41)
0  ... 
7  -O                                                                        (1 = 100.0%) {0.0%}
8  ... 

Histogram: V8.GC.Cycle.MainThread.Full.Incremental.Mark.StartStop recorded 1 samples, mean = 41.0 (flags = 0x41)
0   ... 
40  -O                                                                        (1 = 100.0%) {0.0%}
48  ... 

Histogram: V8.GC.Cycle.MainThread.Full.Incremental.Sweep recorded 1 samples, mean = 0.0 (flags = 0x41)
0  -O                                                                        (1 = 100.0%)
1  ... 

Histogram: V8.GC.Cycle.MainThread.Full.Incremental.Sweep.Cpp recorded 1 samples, mean = 7.0 (flags = 0x41)
0  ... 
7  -O                                                                        (1 = 100.0%) {0.0%}
8  ... 

Histogram: V8.GC.Cycle.MainThread.Full.Mark recorded 1 samples, mean = 26.0 (flags = 0x41)
0   ... 
24  -O                                                                        (1 = 100.0%) {0.0%}
29  ... 

Histogram: V8.GC.Cycle.MainThread.Full.Mark.Cpp recorded 1 samples, mean = 7.0 (flags = 0x41)
0  ... 
7  -O                                                                        (1 = 100.0%) {0.0%}
8  ... 

Histogram: V8.GC.Cycle.MainThread.Full.Sweep recorded 1 samples, mean = 2.0 (flags = 0x41)
0  ... 
2  -O                                                                        (1 = 100.0%) {0.0%}
3  ... 

Histogram: V8.GC.Cycle.MainThread.Full.Sweep.Cpp recorded 1 samples, mean = 7.0 (flags = 0x41)
0  ... 
7  -O                                                                        (1 = 100.0%) {0.0%}
8  ... 

Histogram: V8.GC.Cycle.MainThread.Full.Weak recorded 1 samples, mean = 4.0 (flags = 0x41)
0  ... 
4  -O                                                                        (1 = 100.0%) {0.0%}
5  ... 

Histogram: V8.GC.Cycle.MainThread.Full.Weak.Cpp recorded 1 samples, mean = 0.0 (flags = 0x41)
0  -O                                                                        (1 = 100.0%)
1  ... 

Histogram: V8.GC.Cycle.MainThread.Young recorded 15 samples, mean = 2.3 (flags = 0x41)
0  --O                                                                       (2 = 13.3%)
1  -----O                                                                    (5 = 33.3%) {13.3%}
2  ---O                                                                      (3 = 20.0%) {46.7%}
3  --O                                                                       (2 = 13.3%) {66.7%}
4  O                                                                         (0 = 0.0%) {80.0%}
5  --O                                                                       (2 = 13.3%) {80.0%}
6  ... 
8  -O                                                                        (1 = 6.7%) {93.3%}
10 ... 

Histogram: V8.GC.Cycle.Memory.Freed.Full recorded 1 samples, mean = 4864.0 (flags = 0x41)
0     ... 
4818  -O                                                                        (1 = 100.0%) {0.0%}
6554  ... 

Histogram: V8.GC.Cycle.Memory.Freed.Full.Cpp recorded 1 samples, mean = 5888.0 (flags = 0x41)
0     ... 
4818  -O                                                                        (1 = 100.0%) {0.0%}
6554  ... 

Histogram: V8.GC.Cycle.Objects.After.Full recorded 1 samples, mean = 11914.0 (flags = 0x41)
0     ... 
8915  -O                                                                        (1 = 100.0%) {0.0%}
12127 ... 

Histogram: V8.GC.Cycle.Objects.After.Full.Cpp recorded 1 samples, mean = 4318.0 (flags = 0x41)
0     ... 
3542  -O                                                                        (1 = 100.0%) {0.0%}
4818  ... 

Histogram: V8.GC.Cycle.Objects.Before.Full recorded 1 samples, mean = 15084.0 (flags = 0x41)
0      ... 
12127  -O                                                                        (1 = 100.0%) {0.0%}
16496  ... 

Histogram: V8.GC.Cycle.Objects.Before.Full.Cpp recorded 1 samples, mean = 10048.0 (flags = 0x41)
0     ... 
8915  -O                                                                        (1 = 100.0%) {0.0%}
12127 ... 

Histogram: V8.GC.Cycle.Objects.Freed.Full recorded 1 samples, mean = 3170.0 (flags = 0x41)
0     ... 
2604  -O                                                                        (1 = 100.0%) {0.0%}
3542  ... 

Histogram: V8.GC.Cycle.Objects.Freed.Full.Cpp recorded 1 samples, mean = 5729.0 (flags = 0x41)
0     ... 
4818  -O                                                                        (1 = 100.0%) {0.0%}
6554  ... 

Histogram: V8.GC.Cycle.Reason.Full recorded 1 samples, mean = 9.0 (flags = 0x41)
0  ... 
9  -O                                                                        (1 = 100.0%) {0.0%}
10 ... 

Histogram: V8.GC.Cycle.Reason.Young recorded 15 samples, mean = 3.2 (flags = 0x41)
0   O                                                                         (0 = 0.0%)
1   ------------O                                                             (12 = 80.0%) {0.0%}
2   ... 
12  ---O                                                                      (3 = 20.0%) {80.0%}
13  ... 

Histogram: V8.GC.Cycle.Young recorded 15 samples, mean = 3.4 (flags = 0x41)
0  O                                                                         (0 = 0.0%)
1  ---O                                                                      (3 = 20.0%) {0.0%}
2  --O                                                                       (2 = 13.3%) {20.0%}
3  ----O                                                                     (4 = 26.7%) {33.3%}
4  --O                                                                       (2 = 13.3%) {60.0%}
5  --O                                                                       (2 = 13.3%) {73.3%}
6  -O                                                                        (1 = 6.7%) {86.7%}
7  O                                                                         (0 = 0.0%) {93.3%}
8  -O                                                                        (1 = 6.7%) {93.3%}
10 ... 

Histogram: V8.GC.Event.MainThread.Full.Finalize.Incremental.ReduceMemory recorded 2 samples, mean = 25.0 (flags = 0x41)
0   ... 
20  -O                                                                        (1 = 50.0%) {0.0%}
24  -O                                                                        (1 = 50.0%) {50.0%}
29  ... 

Histogram: V8.GC.Event.MainThread.Full.Finalize.Incremental.ReduceMemory.Foreground recorded 2 samples, mean = 25.0 (flags = 0x41)
0   ... 
20  -O                                                                        (1 = 50.0%) {0.0%}
24  -O                                                                        (1 = 50.0%) {50.0%}
29  ... 

Histogram: V8.GC.Event.MainThread.Full.Incremental.Mark recorded 393 samples, mean = 0.0 (flags = 0x41)
0  ------------------------------------------------------------------------O (387 = 98.5%)
1  -O                                                                        (4 = 1.0%) {98.5%}
2  ... 
4  O                                                                         (1 = 0.3%) {99.5%}
5  O                                                                         (0 = 0.0%) {99.7%}
6  O                                                                         (1 = 0.3%) {99.7%}
7  ... 

Histogram: V8.GC.Event.MainThread.Full.Incremental.Mark.Cpp recorded 377 samples, mean = 0.0 (flags = 0x41)
0  ------------------------------------------------------------------------O (373 = 98.9%)
1  -O                                                                        (3 = 0.8%) {98.9%}
2  O                                                                         (1 = 0.3%) {99.7%}
3  ... 

Histogram: V8.GC.Event.MainThread.Full.Incremental.Sweep.Cpp recorded 1538 samples, mean = 0.0 (flags = 0x41)
0  ------------------------------------------------------------------------O (1537 = 99.9%)
1  ... 
6  O                                                                         (1 = 0.1%) {99.9%}
7  ... 

Histogram: V8.GC.TimeToSafepoint recorded 19 samples, mean = 1.7 (flags = 0x41)
0   ------O                                                                   (6 = 31.6%)
1   ---------O                                                                (9 = 47.4%) {31.6%}
2   ---O                                                                      (3 = 15.8%) {78.9%}
3   ... 
15  -O                                                                        (1 = 5.3%) {94.7%}
21  ... 

Histogram: V8.GCIncrementalMarking recorded 393 samples, mean = 0.1 (flags = 0x41)
0  ------------------------------------------------------------------------O (382 = 97.2%)
1  --O                                                                       (8 = 2.0%) {97.2%}
2  O                                                                         (1 = 0.3%) {99.2%}
3  O                                                                         (0 = 0.0%) {99.5%}
4  O                                                                         (1 = 0.3%) {99.5%}
5  O                                                                         (0 = 0.0%) {99.7%}
6  O                                                                         (1 = 0.3%) {99.7%}
7  ... 

Histogram: V8.GCIncrementalMarkingReason recorded 2 samples, mean = 17.0 (flags = 0x41)
0   ... 
17  --O                                                                       (2 = 100.0%) {0.0%}
18  ... 

Histogram: V8.GCIncrementalMarkingStart recorded 2 samples, mean = 0.5 (flags = 0x41)
0  -O                                                                        (1 = 50.0%)
1  -O                                                                        (1 = 50.0%) {50.0%}
2  ... 

Histogram: V8.GCMarkCompactReason recorded 1 samples, mean = 9.0 (flags = 0x41)
0  ... 
9  -O                                                                        (1 = 100.0%) {0.0%}
10 ... 

Histogram: V8.GCScavenger.ScavengeMain recorded 15 samples, mean = 1.7 (flags = 0x41)
0  ------O                                                                   (6 = 40.0%)
1  ---O                                                                      (3 = 20.0%) {40.0%}
2  ---O                                                                      (3 = 20.0%) {60.0%}
3  O                                                                         (0 = 0.0%) {80.0%}
4  --O                                                                       (2 = 13.3%) {80.0%}
5  ... 
8  -O                                                                        (1 = 6.7%) {93.3%}
9  ... 

Histogram: V8.GCScavenger.ScavengeRoots recorded 15 samples, mean = 0.0 (flags = 0x41)
0  ---------------O                                                          (15 = 100.0%)
1  ... 

Histogram: V8.JSDispatchTableEntriesCount recorded 2 samples, mean = 0.0 (flags = 0x41)
0  --O                                                                       (2 = 100.0%)
1  ... 

Histogram: V8.LocalWindowProxy.CreateContextTime recorded 4 samples, mean = 3.8 (flags = 0x41)
0  ... 
3  --O                                                                       (2 = 50.0%) {0.0%}
4  -O                                                                        (1 = 25.0%) {50.0%}
5  -O                                                                        (1 = 25.0%) {75.0%}
6  ... 

Histogram: V8.LocalWindowProxy.InitializeTime recorded 4 samples, mean = 7.5 (flags = 0x41)
0   ... 
4   -O                                                                        (1 = 25.0%) {0.0%}
5   -O                                                                        (1 = 25.0%) {25.0%}
6   ... 
8   -O                                                                        (1 = 25.0%) {50.0%}
10  O                                                                         (0 = 0.0%) {75.0%}
12  -O                                                                        (1 = 25.0%) {75.0%}
14  ... 

Histogram: V8.MaglevOptimizeExecute recorded 122 samples, mean = 1649.4 (flags = 0x41)
0      ... 
20     -O                                                                        (1 = 0.8%) {0.0%}
25     O                                                                         (0 = 0.0%) {0.8%}
31     -O                                                                        (1 = 0.8%) {0.8%}
39     --O                                                                       (2 = 1.6%) {1.6%}
49     ... 
76     ---O                                                                      (3 = 2.5%) {3.3%}
95     ------O                                                                   (6 = 4.9%) {5.7%}
119    -----O                                                                    (5 = 4.1%) {10.7%}
149    ------O                                                                   (6 = 4.9%) {14.8%}
186    ------O                                                                   (6 = 4.9%) {19.7%}
233    --------O                                                                 (8 = 6.6%) {24.6%}
292    ------------O                                                             (12 = 9.8%) {31.1%}
365    --------O                                                                 (8 = 6.6%) {41.0%}
457    ---------O                                                                (9 = 7.4%) {47.5%}
572    -------O                                                                  (7 = 5.7%) {54.9%}
716    -------O                                                                  (7 = 5.7%) {60.7%}
896    -----O                                                                    (5 = 4.1%) {66.4%}
1122   -----O                                                                    (5 = 4.1%) {70.5%}
1404   -----O                                                                    (5 = 4.1%) {74.6%}
1757   ------O                                                                   (6 = 4.9%) {78.7%}
2199   ----O                                                                     (4 = 3.3%) {83.6%}
2753   ---O                                                                      (3 = 2.5%) {86.9%}
3446   ----O                                                                     (4 = 3.3%) {89.3%}
4313   -O                                                                        (1 = 0.8%) {92.6%}
5399   -O                                                                        (1 = 0.8%) {93.4%}
6758   O                                                                         (0 = 0.0%) {94.3%}
8459   -O                                                                        (1 = 0.8%) {94.3%}
10589  ----O                                                                     (4 = 3.3%) {95.1%}
13255  -O                                                                        (1 = 0.8%) {98.4%}
16592  O                                                                         (0 = 0.0%) {99.2%}
20769  -O                                                                        (1 = 0.8%) {99.2%}
25997  ... 

Histogram: V8.MaglevOptimizeFinalize recorded 122 samples, mean = 31.4 (flags = 0x41)
0    O                                                                         (0 = 0.0%)
1    ----------O                                                               (10 = 8.2%) {0.0%}
2    ---O                                                                      (3 = 2.5%) {8.2%}
3    ---O                                                                      (3 = 2.5%) {10.7%}
4    -O                                                                        (1 = 0.8%) {13.1%}
5    --O                                                                       (2 = 1.6%) {13.9%}
6    ----------O                                                               (10 = 8.2%) {15.6%}
8    -----------O                                                              (11 = 9.0%) {23.8%}
10   --------------O                                                           (14 = 11.5%) {32.8%}
13   ------------------O                                                       (18 = 14.8%) {44.3%}
16   --------------O                                                           (14 = 11.5%) {59.0%}
20   ----------O                                                               (10 = 8.2%) {70.5%}
25   -----O                                                                    (5 = 4.1%) {78.7%}
31   ----O                                                                     (4 = 3.3%) {82.8%}
39   -----O                                                                    (5 = 4.1%) {86.1%}
49   ----O                                                                     (4 = 3.3%) {90.2%}
61   ----O                                                                     (4 = 3.3%) {93.4%}
76   -O                                                                        (1 = 0.8%) {96.7%}
95   O                                                                         (0 = 0.0%) {97.5%}
119  -O                                                                        (1 = 0.8%) {97.5%}
149  ... 
716  --O                                                                       (2 = 1.6%) {98.4%}
896  ... 

Histogram: V8.MaglevOptimizePrepare recorded 122 samples, mean = 0.3 (flags = 0x41)
0  ------------------------------------------------------------------------O (94 = 77.0%)
1  --------------------O                                                     (26 = 21.3%) {77.0%}
2  O                                                                         (0 = 0.0%) {98.4%}
3  -O                                                                        (1 = 0.8%) {98.4%}
4  O                                                                         (0 = 0.0%) {99.2%}
5  -O                                                                        (1 = 0.8%) {99.2%}
6  ... 

Histogram: V8.MaglevOptimizeTotalTime recorded 122 samples, mean = 41912.9 (flags = 0x41)
0        ... 
149      --O                                                                       (2 = 1.6%) {0.0%}
196      ----O                                                                     (4 = 3.3%) {1.6%}
258      ----O                                                                     (4 = 3.3%) {4.9%}
340      --O                                                                       (2 = 1.6%) {8.2%}
448      -------O                                                                  (7 = 5.7%) {9.8%}
590      -------------O                                                            (13 = 10.7%) {15.6%}
777      -----O                                                                    (5 = 4.1%) {26.2%}
1023     -------------O                                                            (13 = 10.7%) {30.3%}
1347     ---------O                                                                (9 = 7.4%) {41.0%}
1774     -------O                                                                  (7 = 5.7%) {48.4%}
2336     ------O                                                                   (6 = 4.9%) {54.1%}
3077     ----O                                                                     (4 = 3.3%) {59.0%}
4053     --------O                                                                 (8 = 6.6%) {62.3%}
5338     ----------O                                                               (10 = 8.2%) {68.9%}
7031     -----O                                                                    (5 = 4.1%) {77.0%}
9260     -----O                                                                    (5 = 4.1%) {81.1%}
12196    -----O                                                                    (5 = 4.1%) {85.2%}
16063    --O                                                                       (2 = 1.6%) {89.3%}
21156    ------O                                                                   (6 = 4.9%) {91.0%}
27864    O                                                                         (0 = 0.0%) {95.9%}
36699    -O                                                                        (1 = 0.8%) {95.9%}
48336    -O                                                                        (1 = 0.8%) {96.7%}
63662    ... 
1000000  ---O                                                                      (3 = 2.5%) {97.5%}

Histogram: V8.MemoryExternalFragmentationCodeSpace recorded 17 samples, mean = 51.9 (flags = 0x41)
0   ... 
3   -O                                                                        (1 = 5.9%) {0.0%}
4   -O                                                                        (1 = 5.9%) {5.9%}
5   ... 
19  -O                                                                        (1 = 5.9%) {11.8%}
20  ... 
26  -O                                                                        (1 = 5.9%) {17.6%}
27  -O                                                                        (1 = 5.9%) {23.5%}
28  ... 
38  -O                                                                        (1 = 5.9%) {29.4%}
39  ... 
53  -O                                                                        (1 = 5.9%) {35.3%}
54  ... 
60  -O                                                                        (1 = 5.9%) {41.2%}
61  ... 
63  -O                                                                        (1 = 5.9%) {47.1%}
64  O                                                                         (0 = 0.0%) {52.9%}
65  -O                                                                        (1 = 5.9%) {52.9%}
66  ... 
68  -O                                                                        (1 = 5.9%) {58.8%}
69  O                                                                         (0 = 0.0%) {64.7%}
70  -O                                                                        (1 = 5.9%) {64.7%}
71  ... 
75  ---O                                                                      (3 = 17.6%) {70.6%}
76  ... 
78  -O                                                                        (1 = 5.9%) {88.2%}
79  ... 
84  -O                                                                        (1 = 5.9%) {94.1%}
85  ... 

Histogram: V8.MemoryExternalFragmentationLoSpace recorded 17 samples, mean = 2.1 (flags = 0x41)
0  O                                                                         (0 = 0.0%)
1  --------O                                                                 (8 = 47.1%) {0.0%}
2  O                                                                         (0 = 0.0%) {47.1%}
3  ---------O                                                                (9 = 52.9%) {47.1%}
4  ... 

Histogram: V8.MemoryExternalFragmentationOldSpace recorded 17 samples, mean = 6.1 (flags = 0x41)
0   ... 
3   --O                                                                       (2 = 11.8%) {0.0%}
4   -------O                                                                  (7 = 41.2%) {11.8%}
5   -O                                                                        (1 = 5.9%) {52.9%}
6   --O                                                                       (2 = 11.8%) {58.8%}
7   --O                                                                       (2 = 11.8%) {70.6%}
8   O                                                                         (0 = 0.0%) {82.4%}
9   -O                                                                        (1 = 5.9%) {82.4%}
10  ... 
13  -O                                                                        (1 = 5.9%) {88.2%}
14  ... 
16  -O                                                                        (1 = 5.9%) {94.1%}
17  ... 

Histogram: V8.MemoryExternalFragmentationTotal recorded 17 samples, mean = 25.7 (flags = 0x41)
0   ... 
13  -O                                                                        (1 = 5.9%) {0.0%}
14  ... 
17  -O                                                                        (1 = 5.9%) {5.9%}
18  O                                                                         (0 = 0.0%) {11.8%}
19  -O                                                                        (1 = 5.9%) {11.8%}
20  ... 
22  --O                                                                       (2 = 11.8%) {17.6%}
23  O                                                                         (0 = 0.0%) {29.4%}
24  ---O                                                                      (3 = 17.6%) {29.4%}
25  -O                                                                        (1 = 5.9%) {47.1%}
26  -O                                                                        (1 = 5.9%) {52.9%}
27  -O                                                                        (1 = 5.9%) {58.8%}
28  -O                                                                        (1 = 5.9%) {64.7%}
29  O                                                                         (0 = 0.0%) {70.6%}
30  --O                                                                       (2 = 11.8%) {70.6%}
31  O                                                                         (0 = 0.0%) {82.4%}
32  -O                                                                        (1 = 5.9%) {82.4%}
33  -O                                                                        (1 = 5.9%) {88.2%}
34  ... 
41  -O                                                                        (1 = 5.9%) {94.1%}
42  ... 

Histogram: V8.MemoryHeapSampleCodeSpaceCommitted recorded 17 samples, mean = 692.7 (flags = 0x41)
0     --------------O                                                           (14 = 82.4%)
1000  O                                                                         (0 = 0.0%) {82.4%}
1138  ---O                                                                      (3 = 17.6%) {82.4%}
1295  ... 

Histogram: V8.MemoryHeapSampleMaximumCommitted recorded 17 samples, mean = 11635.1 (flags = 0x41)
0      ... 
4153   -O                                                                        (1 = 5.9%) {0.0%}
4727   O                                                                         (0 = 0.0%) {5.9%}
5380   -O                                                                        (1 = 5.9%) {5.9%}
6124   -O                                                                        (1 = 5.9%) {11.8%}
6971   --O                                                                       (2 = 11.8%) {17.6%}
7935   O                                                                         (0 = 0.0%) {29.4%}
9032   ---O                                                                      (3 = 17.6%) {29.4%}
10281  --O                                                                       (2 = 11.8%) {47.1%}
11702  -O                                                                        (1 = 5.9%) {58.8%}
13320  -O                                                                        (1 = 5.9%) {64.7%}
15161  --O                                                                       (2 = 11.8%) {70.6%}
17257  ---O                                                                      (3 = 17.6%) {82.4%}
19642  ... 

Histogram: V8.MemoryHeapSampleTotalCommitted recorded 17 samples, mean = 10867.1 (flags = 0x41)
0      ... 
4153   -O                                                                        (1 = 5.9%) {0.0%}
4727   O                                                                         (0 = 0.0%) {5.9%}
5380   -O                                                                        (1 = 5.9%) {5.9%}
6124   --O                                                                       (2 = 11.8%) {11.8%}
6971   -O                                                                        (1 = 5.9%) {23.5%}
7935   -O                                                                        (1 = 5.9%) {29.4%}
9032   --O                                                                       (2 = 11.8%) {35.3%}
10281  --O                                                                       (2 = 11.8%) {47.1%}
11702  -O                                                                        (1 = 5.9%) {58.8%}
13320  ---O                                                                      (3 = 17.6%) {64.7%}
15161  --O                                                                       (2 = 11.8%) {82.4%}
17257  -O                                                                        (1 = 5.9%) {94.1%}
19642  ... 

Histogram: V8.MemoryHeapSampleTotalUsed recorded 17 samples, mean = 8118.3 (flags = 0x41)
0      ... 
2475   -O                                                                        (1 = 5.9%) {0.0%}
2817   O                                                                         (0 = 0.0%) {5.9%}
3206   -O                                                                        (1 = 5.9%) {5.9%}
3649   ... 
4727   --O                                                                       (2 = 11.8%) {11.8%}
5380   -O                                                                        (1 = 5.9%) {23.5%}
6124   --O                                                                       (2 = 11.8%) {29.4%}
6971   --O                                                                       (2 = 11.8%) {41.2%}
7935   --O                                                                       (2 = 11.8%) {52.9%}
9032   -O                                                                        (1 = 5.9%) {64.7%}
10281  -O                                                                        (1 = 5.9%) {70.6%}
11702  ---O                                                                      (3 = 17.6%) {76.5%}
13320  -O                                                                        (1 = 5.9%) {94.1%}
15161  ... 

Histogram: V8.ProduceCodeCacheMicroseconds recorded 18 samples, mean = 3761.9 (flags = 0x41)
0      ... 
105    --O                                                                       (2 = 11.1%) {0.0%}
146    ---O                                                                      (3 = 16.7%) {11.1%}
203    -O                                                                        (1 = 5.6%) {27.8%}
282    ---O                                                                      (3 = 16.7%) {33.3%}
391    -O                                                                        (1 = 5.6%) {50.0%}
542    ---O                                                                      (3 = 16.7%) {55.6%}
752    --O                                                                       (2 = 11.1%) {72.2%}
1043   ... 
2008   -O                                                                        (1 = 5.6%) {83.3%}
2786   O                                                                         (0 = 0.0%) {88.9%}
3865   -O                                                                        (1 = 5.6%) {88.9%}
5362   ... 
53055  -O                                                                        (1 = 5.6%) {94.4%}
73609  ... 

Histogram: V8.RegExpBacktracks recorded 258 samples, mean = 1.7 (flags = 0x41)
0    ------O                                                                   (19 = 7.4%)
1    ------------------------------------------------------------------------O (226 = 87.6%) {7.4%}
2    -O                                                                        (4 = 1.6%) {95.0%}
3    -O                                                                        (3 = 1.2%) {96.5%}
4    -O                                                                        (3 = 1.2%) {97.7%}
6    O                                                                         (1 = 0.4%) {98.8%}
9    O                                                                         (1 = 0.4%) {99.2%}
13   ... 
127  O                                                                         (1 = 0.4%) {99.6%}
185  ... 

Histogram: V8.SandboxedCodePointersCount recorded 2 samples, mean = 1027.5 (flags = 0x41)
0    ... 
977  --O                                                                       (2 = 100.0%) {0.0%}
1136 ... 

Histogram: V8.SandboxedCppHeapPointersCount recorded 2 samples, mean = 4262.0 (flags = 0x41)
0     ... 
320   -O                                                                        (1 = 50.0%) {0.0%}
380   ... 
7152  -O                                                                        (1 = 50.0%) {50.0%}
8499  ... 

Histogram: V8.SandboxedExternalPointersCount recorded 19 samples, mean = 1559.9 (flags = 0x41)
0      ------O                                                                   (6 = 31.6%)
1      O                                                                         (0 = 0.0%) {31.6%}
2      -O                                                                        (1 = 5.3%) {31.6%}
3      ... 
6      -O                                                                        (1 = 5.3%) {36.8%}
7      ... 
14     -O                                                                        (1 = 5.3%) {42.1%}
17     ... 
24     -O                                                                        (1 = 5.3%) {47.4%}
29     -O                                                                        (1 = 5.3%) {52.6%}
34     ... 
48     -O                                                                        (1 = 5.3%) {57.9%}
57     --O                                                                       (2 = 10.5%) {63.2%}
68     ... 
638    -O                                                                        (1 = 5.3%) {73.7%}
758    O                                                                         (0 = 0.0%) {78.9%}
901    -O                                                                        (1 = 5.3%) {78.9%}
1071   ... 
1513   -O                                                                        (1 = 5.3%) {84.2%}
1798   ... 
12002  --O                                                                       (2 = 10.5%) {89.5%}
14263  ... 

Histogram: V8.SandboxedTrustedPointersCount recorded 2 samples, mean = 3752.0 (flags = 0x41)
0     ... 
3267  --O                                                                       (2 = 100.0%) {0.0%}
3799  ... 

Histogram: V8.SnapshotDeserializeContextMicroSeconds recorded 6 samples, mean = 1249.3 (flags = 0x41)
0     ... 
448   -O                                                                        (1 = 16.7%) {0.0%}
590   O                                                                         (0 = 0.0%) {16.7%}
777   -O                                                                        (1 = 16.7%) {16.7%}
1023  -O                                                                        (1 = 16.7%) {33.3%}
1347  --O                                                                       (2 = 33.3%) {50.0%}
1774  -O                                                                        (1 = 16.7%) {83.3%}
2336  ... 

Histogram: V8.TurboFan1KTicks recorded 11 samples, mean = 30.6 (flags = 0x41)
0    O                                                                         (0 = 0.0%)
1    ---O                                                                      (3 = 27.3%) {0.0%}
2    -O                                                                        (1 = 9.1%) {27.3%}
3    ... 
5    -O                                                                        (1 = 9.1%) {36.4%}
6    -O                                                                        (1 = 9.1%) {45.5%}
7    ... 
14   -O                                                                        (1 = 9.1%) {54.5%}
15   -O                                                                        (1 = 9.1%) {63.6%}
16   ... 
45   -O                                                                        (1 = 9.1%) {72.7%}
47   ... 
69   -O                                                                        (1 = 9.1%) {81.8%}
72   ... 
172  -O                                                                        (1 = 9.1%) {90.9%}
180  ... 

Histogram: V8.TurboFanOptimizeConcurrentTotalTime recorded 8 samples, mean = 9586.8 (flags = 0x41)
0      ... 
3865   ---O                                                                      (3 = 37.5%) {0.0%}
5362   -O                                                                        (1 = 12.5%) {37.5%}
7439   -O                                                                        (1 = 12.5%) {50.0%}
10321  -O                                                                        (1 = 12.5%) {62.5%}
14319  -O                                                                        (1 = 12.5%) {75.0%}
19866  -O                                                                        (1 = 12.5%) {87.5%}
27562  ... 

Histogram: V8.TurboFanOptimizeExecute recorded 8 samples, mean = 6470.0 (flags = 0x41)
0      ... 
258    -O                                                                        (1 = 12.5%) {0.0%}
340    O                                                                         (0 = 0.0%) {12.5%}
448    -O                                                                        (1 = 12.5%) {12.5%}
590    -O                                                                        (1 = 12.5%) {25.0%}
777    ... 
5338   -O                                                                        (1 = 12.5%) {37.5%}
7031   --O                                                                       (2 = 25.0%) {50.0%}
9260   -O                                                                        (1 = 12.5%) {75.0%}
12196  O                                                                         (0 = 0.0%) {87.5%}
16063  -O                                                                        (1 = 12.5%) {87.5%}
21156  ... 

Histogram: V8.TurboFanOptimizeFinalize recorded 8 samples, mean = 154.0 (flags = 0x41)
0    ... 
16   --O                                                                       (2 = 25.0%) {0.0%}
21   -O                                                                        (1 = 12.5%) {25.0%}
28   O                                                                         (0 = 0.0%) {37.5%}
37   --O                                                                       (2 = 25.0%) {37.5%}
49   ... 
86   -O                                                                        (1 = 12.5%) {62.5%}
113  ... 
340  -O                                                                        (1 = 12.5%) {75.0%}
448  -O                                                                        (1 = 12.5%) {87.5%}
590  ... 

Histogram: V8.TurboFanOptimizeForOnStackReplacementExecute recorded 3 samples, mean = 133509.3 (flags = 0x41)
0       ... 
12196   -O                                                                        (1 = 33.3%) {0.0%}
16063   ... 
48336   -O                                                                        (1 = 33.3%) {33.3%}
63662   ... 
332315  -O                                                                        (1 = 33.3%) {66.7%}
437686  ... 

Histogram: V8.TurboFanOptimizeForOnStackReplacementFinalize recorded 3 samples, mean = 465.7 (flags = 0x41)
0    ... 
86   -O                                                                        (1 = 33.3%) {0.0%}
113  ... 
448  -O                                                                        (1 = 33.3%) {33.3%}
590  O                                                                         (0 = 0.0%) {66.7%}
777  -O                                                                        (1 = 33.3%) {66.7%}
1023 ... 

Histogram: V8.TurboFanOptimizeForOnStackReplacementPrepare recorded 3 samples, mean = 27.7 (flags = 0x41)
0   ... 
16  -O                                                                        (1 = 33.3%) {0.0%}
21  -O                                                                        (1 = 33.3%) {33.3%}
28  O                                                                         (0 = 0.0%) {66.7%}
37  -O                                                                        (1 = 33.3%) {66.7%}
49  ... 

Histogram: V8.TurboFanOptimizeForOnStackReplacementTotalTime recorded 3 samples, mean = 155443.3 (flags = 0x41)
0       ... 
14319   -O                                                                        (1 = 33.3%) {0.0%}
19866   ... 
38240   -O                                                                        (1 = 33.3%) {33.3%}
53055   ... 
378403  -O                                                                        (1 = 33.3%) {66.7%}
525000  ... 

Histogram: V8.TurboFanOptimizePrepare recorded 8 samples, mean = 47.0 (flags = 0x41)
0    ... 
12   --O                                                                       (2 = 25.0%) {0.0%}
16   -O                                                                        (1 = 12.5%) {25.0%}
21   --O                                                                       (2 = 25.0%) {37.5%}
28   O                                                                         (0 = 0.0%) {62.5%}
37   --O                                                                       (2 = 25.0%) {62.5%}
49   ... 
196  -O                                                                        (1 = 12.5%) {87.5%}
258  ... 

Histogram: V8.TurboFanOptimizeTotalBackground recorded 8 samples, mean = 6470.0 (flags = 0x41)
0      ... 
282    -O                                                                        (1 = 12.5%) {0.0%}
391    -O                                                                        (1 = 12.5%) {12.5%}
542    -O                                                                        (1 = 12.5%) {25.0%}
752    ... 
5362   ---O                                                                      (3 = 37.5%) {37.5%}
7439   -O                                                                        (1 = 12.5%) {75.0%}
10321  ... 
19866  -O                                                                        (1 = 12.5%) {87.5%}
27562  ... 

Histogram: V8.TurboFanOptimizeTotalForeground recorded 8 samples, mean = 201.0 (flags = 0x41)
0    ... 
29   -O                                                                        (1 = 12.5%) {0.0%}
40   -O                                                                        (1 = 12.5%) {12.5%}
55   --O                                                                       (2 = 25.0%) {25.0%}
76   O                                                                         (0 = 0.0%) {50.0%}
105  -O                                                                        (1 = 12.5%) {50.0%}
146  O                                                                         (0 = 0.0%) {62.5%}
203  -O                                                                        (1 = 12.5%) {62.5%}
282  O                                                                         (0 = 0.0%) {75.0%}
391  -O                                                                        (1 = 12.5%) {75.0%}
542  -O                                                                        (1 = 12.5%) {87.5%}
752  ... 

Histogram: V8.TurboFanOptimizeTotalTime recorded 8 samples, mean = 9586.8 (flags = 0x41)
0      ... 
3865   ---O                                                                      (3 = 37.5%) {0.0%}
5362   -O                                                                        (1 = 12.5%) {37.5%}
7439   -O                                                                        (1 = 12.5%) {50.0%}
10321  -O                                                                        (1 = 12.5%) {62.5%}
14319  -O                                                                        (1 = 12.5%) {75.0%}
19866  -O                                                                        (1 = 12.5%) {87.5%}
27562  ... 

Histogram: Variations.ExtendedSafeMode.BeaconFileStateAtStartup recorded 1 samples, mean = 0.0 (flags = 0x41)
0  -O                                                                        (1 = 100.0%)
1  ... 

Histogram: Variations.ExtendedSafeMode.BeaconFileWrite recorded 2 samples, mean = 1.0 (flags = 0x41)
0  O                                                                         (0 = 0.0%)
1  --O                                                                       (2 = 100.0%) {0.0%}
2  O                                                                         (0 = 0.0%) {100.0%}

Histogram: Variations.ForcedFieldTrialsAtStartupForInternalsPage recorded 1 samples, mean = 0.0 (flags = 0x41)
0  -O                                                                        (1 = 100.0%)
1  ... 

Histogram: Variations.Headers.ExperimentCount recorded 92 samples, mean = 1.0 (flags = 0x41)
0  O                                                                         (0 = 0.0%)
1  ------------------------------------------------------------------------O (92 = 100.0%) {0.0%}
2  ... 

Histogram: Variations.Headers.HasLowEntropySourceValue recorded 92 samples, mean = 1.0 (flags = 0x41)
0  O                                                                         (0 = 0.0%)
1  ------------------------------------------------------------------------O (92 = 100.0%) {0.0%}
2  O                                                                         (0 = 0.0%) {100.0%}

Histogram: Variations.Headers.RequestContextCategory recorded 48 samples, mean = 3.8 (flags = 0x41)
0  --O                                                                       (2 = 4.2%)
1  ... 
4  ----------------------------------------------O                           (46 = 95.8%) {4.2%}
5  ... 

Histogram: Variations.Headers.URLValidationResult.Append recorded 48 samples, mean = 2.0 (flags = 0x41)
0  ... 
2  -----------------------------------------------O                          (47 = 97.9%) {0.0%}
3  -O                                                                        (1 = 2.1%) {97.9%}
4  ... 

Histogram: Variations.Headers.URLValidationResult.Remove recorded 2 samples, mean = 2.0 (flags = 0x41)
0  ... 
2  --O                                                                       (2 = 100.0%) {0.0%}
3  ... 

Histogram: Variations.Limits.VariationKeySize.Default recorded 23 samples, mean = 0.0 (flags = 0x41)
0  -----------------------O                                                  (23 = 100.0%)
1  ... 

Histogram: Variations.LoadPermanentConsistencyCountryResult recorded 1 samples, mean = 0.0 (flags = 0x41)
0  -O                                                                        (1 = 100.0%)
1  ... 

Histogram: Variations.PolicyRestriction recorded 1 samples, mean = 0.0 (flags = 0x41)
0  -O                                                                        (1 = 100.0%)
1  ... 

Histogram: Variations.SafeMode.Streak.Crashes recorded 1 samples (flags = 0x41)
0  -O                                                                        (1 = 100.0%)

Histogram: Variations.SafeMode.Streak.FetchFailures recorded 1 samples (flags = 0x41)
0  -O                                                                        (1 = 100.0%)

Histogram: Variations.SeedLoadResult recorded 1 samples, mean = 1.0 (flags = 0x41)
0  O                                                                         (0 = 0.0%)
1  -O                                                                        (1 = 100.0%) {0.0%}
2  ... 

Histogram: Variations.SeedUsage recorded 1 samples, mean = 2.0 (flags = 0x41)
0  ... 
2  -O                                                                        (1 = 100.0%) {0.0%}
3  ... 

Histogram: Variations.UserChannel recorded 1 samples (flags = 0x41)
-1 -O                                                                        (1 = 100.0%)

Histogram: Views.Browser.NumColorProvidersInitializedDuringOnNativeThemeUpdated recorded 3 samples, mean = 0.0 (flags = 0x41)
0  ---O                                                                      (3 = 100.0%)
1  ... 

Histogram: Views.Browser.TimeSpentInitializingColorProvider recorded 3 samples, mean = 0.3 (flags = 0x41)
0  --O                                                                       (2 = 66.7%)
1  -O                                                                        (1 = 33.3%) {66.7%}
2  ... 

Histogram: Views.Browser.TimeSpentProcessingOnNativeThemeUpdatedEvent recorded 3 samples, mean = 0.0 (flags = 0x41)
0  ---O                                                                      (3 = 100.0%)
1  ... 

Histogram: Views.ColorProviderCacheSize recorded 3 samples, mean = 2.0 (flags = 0x41)
0  O                                                                         (0 = 0.0%)
1  -O                                                                        (1 = 33.3%) {0.0%}
2  -O                                                                        (1 = 33.3%) {33.3%}
3  -O                                                                        (1 = 33.3%) {66.7%}
4  ... 

Histogram: Viz.FrameSink.GpuBusyDuration recorded 1 samples, mean = 13248.0 (flags = 0x41)
0      ... 
12051  -O                                                                        (1 = 100.0%) {0.0%}
13960  ... 

Histogram: Viz.FrameSinkVideoCapturer.CaptureDuration recorded 4 samples, mean = 11.0 (flags = 0x41)
0   O                                                                         (0 = 0.0%)
1   -O                                                                        (1 = 25.0%) {0.0%}
2   ... 
7   -O                                                                        (1 = 25.0%) {25.0%}
8   -O                                                                        (1 = 25.0%) {50.0%}
9   ... 
26  -O                                                                        (1 = 25.0%) {75.0%}
29  ... 

Histogram: Viz.FrameSinkVideoCapturer.CaptureSucceeded recorded 4 samples, mean = 1.0 (flags = 0x41)
0  O                                                                         (0 = 0.0%)
1  ----O                                                                     (4 = 100.0%) {0.0%}
2  O                                                                         (0 = 0.0%) {100.0%}

Histogram: Viz.FrameSinkVideoCapturer.FrameResurrected recorded 4 samples, mean = 0.0 (flags = 0x41)
0  ----O                                                                     (4 = 100.0%)
1  ... 

Histogram: Viz.FrameSinkVideoCapturer.RGBA.CaptureDuration recorded 4 samples, mean = 11.0 (flags = 0x41)
0   O                                                                         (0 = 0.0%)
1   -O                                                                        (1 = 25.0%) {0.0%}
2   ... 
7   -O                                                                        (1 = 25.0%) {25.0%}
8   -O                                                                        (1 = 25.0%) {50.0%}
9   ... 
26  -O                                                                        (1 = 25.0%) {75.0%}
29  ... 

Histogram: Viz.FrameSinkVideoCapturer.RGBA.CaptureSucceeded recorded 4 samples, mean = 1.0 (flags = 0x41)
0  O                                                                         (0 = 0.0%)
1  ----O                                                                     (4 = 100.0%) {0.0%}
2  O                                                                         (0 = 0.0%) {100.0%}

Histogram: Viz.FrameSinkVideoCapturer.ReserveFrameDuration recorded 4 samples, mean = 3.8 (flags = 0x41)
0   ---O                                                                      (3 = 75.0%)
1   ... 
15  -O                                                                        (1 = 25.0%) {75.0%}
16  ... 

Histogram: Viz.FrameSinkVideoCapturer.TotalDuration recorded 4 samples, mean = 11.0 (flags = 0x41)
0   O                                                                         (0 = 0.0%)
1   -O                                                                        (1 = 25.0%) {0.0%}
2   ... 
7   -O                                                                        (1 = 25.0%) {25.0%}
8   -O                                                                        (1 = 25.0%) {50.0%}
9   ... 
26  -O                                                                        (1 = 25.0%) {75.0%}
29  ... 

Histogram: WebAuthentication.Windows.KeyCredentialManagerSupported recorded 1 samples, mean = 1.0 (flags = 0x41)
0  O                                                                         (0 = 0.0%)
1  -O                                                                        (1 = 100.0%) {0.0%}
2  ... 

Histogram: WebContentsObserver.DOMContentLoaded recorded 3 samples, mean = 0.0 (flags = 0x41)
0  ---O                                                                      (3 = 100.0%)
1  ... 

Histogram: WebContentsObserver.DidChangeVisibleSecurityState recorded 2 samples, mean = 0.0 (flags = 0x41)
0  --O                                                                       (2 = 100.0%)
1  ... 

Histogram: WebContentsObserver.DidFinishLoad recorded 3 samples, mean = 0.0 (flags = 0x41)
0  ---O                                                                      (3 = 100.0%)
1  ... 

Histogram: WebContentsObserver.DidFinishNavigation recorded 5 samples, mean = 0.4 (flags = 0x41)
0  ----O                                                                     (4 = 80.0%)
1  O                                                                         (0 = 0.0%) {80.0%}
2  -O                                                                        (1 = 20.0%) {80.0%}
3  ... 

Histogram: WebContentsObserver.DidFirstVisuallyNonEmptyPaint recorded 1 samples, mean = 0.0 (flags = 0x41)
0  -O                                                                        (1 = 100.0%)
1  ... 

Histogram: WebContentsObserver.DidRedirectNavigation recorded 1 samples, mean = 0.0 (flags = 0x41)
0  -O                                                                        (1 = 100.0%)
1  ... 

Histogram: WebContentsObserver.DidStartLoading recorded 1 samples, mean = 0.0 (flags = 0x41)
0  -O                                                                        (1 = 100.0%)
1  ... 

Histogram: WebContentsObserver.DidStartNavigation recorded 5 samples, mean = 0.0 (flags = 0x41)
0  -----O                                                                    (5 = 100.0%)
1  ... 

Histogram: WebContentsObserver.DidStartNavigation.MainFrame recorded 3 samples, mean = 0.0 (flags = 0x41)
0  ---O                                                                      (3 = 100.0%)
1  ... 

Histogram: WebContentsObserver.DidStartNavigation.Subframe recorded 2 samples, mean = 0.0 (flags = 0x41)
0  --O                                                                       (2 = 100.0%)
1  ... 

Histogram: WebContentsObserver.DidStopLoading recorded 1 samples, mean = 0.0 (flags = 0x41)
0  -O                                                                        (1 = 100.0%)
1  ... 

Histogram: WebContentsObserver.DidUpdateNavigationHandleTiming recorded 5 samples, mean = 0.0 (flags = 0x41)
0  -----O                                                                    (5 = 100.0%)
1  ... 

Histogram: WebContentsObserver.LoadProgressChanged recorded 11 samples, mean = 0.0 (flags = 0x41)
0  -----------O                                                              (11 = 100.0%)
1  ... 

Histogram: WebContentsObserver.NavigationEntryChanged recorded 3 samples, mean = 0.0 (flags = 0x41)
0  ---O                                                                      (3 = 100.0%)
1  ... 

Histogram: WebContentsObserver.NavigationEntryCommitted recorded 2 samples, mean = 0.0 (flags = 0x41)
0  --O                                                                       (2 = 100.0%)
1  ... 

Histogram: WebContentsObserver.PrimaryMainDocumentElementAvailable recorded 1 samples, mean = 0.0 (flags = 0x41)
0  -O                                                                        (1 = 100.0%)
1  ... 

Histogram: WebContentsObserver.RenderFrameCreated recorded 4 samples, mean = 0.0 (flags = 0x41)
0  ----O                                                                     (4 = 100.0%)
1  ... 

Histogram: WebContentsObserver.RenderFrameDeleted recorded 4 samples, mean = 0.2 (flags = 0x41)
0  ---O                                                                      (3 = 75.0%)
1  -O                                                                        (1 = 25.0%) {75.0%}
2  ... 

Histogram: WebContentsObserver.RenderViewReady recorded 2 samples, mean = 0.0 (flags = 0x41)
0  --O                                                                       (2 = 100.0%)
1  ... 

Histogram: WebContentsObserver.TitleWasSet recorded 1 samples, mean = 0.0 (flags = 0x41)
0  -O                                                                        (1 = 100.0%)
1  ... 

Histogram: WebCore.Scripts.Async.StartedStreaming recorded 24 samples, mean = 1.0 (flags = 0x41)
0  O                                                                         (0 = 0.0%)
1  ------------------------O                                                 (24 = 100.0%) {0.0%}
2  O                                                                         (0 = 0.0%) {100.0%}

Histogram: WebCore.Scripts.Other.NotStreamingReason recorded 17 samples, mean = 11.0 (flags = 0x41)
0   ... 
11  -----------------O                                                        (17 = 100.0%) {0.0%}
12  ... 

Histogram: WebCore.Scripts.Other.StartedStreaming recorded 17 samples, mean = 0.0 (flags = 0x41)
0  -----------------O                                                        (17 = 100.0%)
1  ... 

Histogram: WebCore.Scripts.V8CodeCacheMetadata.Get recorded 45 samples, mean = 0.8 (flags = 0x41)
0  ---------O                                                                (9 = 20.0%)
1  ------------------------------------O                                     (36 = 80.0%) {20.0%}
2  ... 

Histogram: WebCore.Scripts.V8CodeCacheMetadata.Set recorded 21 samples, mean = 2.6 (flags = 0x41)
0  ---O                                                                      (3 = 14.3%)
1  ... 
3  ------------------O                                                       (18 = 85.7%) {14.3%}
4  O                                                                         (0 = 0.0%) {100.0%}

Histogram: WebCore.Scripts.V8CompileHintsStatus recorded 42 samples, mean = 10.4 (flags = 0x41)
0   ... 
10  ------------------------O                                                 (24 = 57.1%) {0.0%}
11  ------------------O                                                       (18 = 42.9%) {57.1%}
12  ... 

Histogram: WebCore.Scripts.V8CrowdsourcedCompileHints.ModelQuality recorded 1 samples, mean = 0.0 (flags = 0x41)
0  -O                                                                        (1 = 100.0%)
1  ... 

Histogram: WebDatabase.InitResult recorded 2 samples, mean = 0.0 (flags = 0x41)
0  --O                                                                       (2 = 100.0%)
1  ... 

Histogram: WebFont.CacheHit recorded 5 samples, mean = 1.4 (flags = 0x41)
0  O                                                                         (0 = 0.0%)
1  ----O                                                                     (4 = 80.0%) {0.0%}
2  O                                                                         (0 = 0.0%) {80.0%}
3  -O                                                                        (1 = 20.0%) {80.0%}
4  O                                                                         (0 = 0.0%) {100.0%}

Histogram: WebFont.Clients.RenderBlockingFonts.ExpiredFonts recorded 1 samples, mean = 1.0 (flags = 0x41)
0  O                                                                         (0 = 0.0%)
1  -O                                                                        (1 = 100.0%) {0.0%}
2  O                                                                         (0 = 0.0%) {100.0%}

Histogram: WebFont.HadBlankText recorded 1 samples, mean = 0.0 (flags = 0x41)
0  -O                                                                        (1 = 100.0%)
1  ... 

Histogram: WebFont.LocalFontUsed recorded 1 samples, mean = 1.0 (flags = 0x41)
0  O                                                                         (0 = 0.0%)
1  -O                                                                        (1 = 100.0%) {0.0%}
2  O                                                                         (0 = 0.0%) {100.0%}

Histogram: Windows.AcLayersLoaded recorded 1 samples, mean = 0.0 (flags = 0x41)
0  -O                                                                        (1 = 100.0%)
1  ... 

Histogram: Windows.CetAvailable recorded 1 samples, mean = 0.0 (flags = 0x41)
0  -O                                                                        (1 = 100.0%)
1  ... 

Histogram: Windows.DisplayIdFromDeviceId recorded 7 samples, mean = 3.0 (flags = 0x41)
0  ... 
3  -------O                                                                  (7 = 100.0%) {0.0%}
4  O                                                                         (0 = 0.0%) {100.0%}

Histogram: Windows.DisplayIdFromDeviceKey recorded 7 samples, mean = 3.0 (flags = 0x41)
0  ... 
3  -------O                                                                  (7 = 100.0%) {0.0%}
4  O                                                                         (0 = 0.0%) {100.0%}

Histogram: Windows.Enclave.SGX.Available recorded 1 samples, mean = 1.0 (flags = 0x41)
0  O                                                                         (0 = 0.0%)
1  -O                                                                        (1 = 100.0%) {0.0%}
2  O                                                                         (0 = 0.0%) {100.0%}

Histogram: Windows.Enclave.SGX2.Available recorded 1 samples, mean = 1.0 (flags = 0x41)
0  O                                                                         (0 = 0.0%)
1  -O                                                                        (1 = 100.0%) {0.0%}
2  O                                                                         (0 = 0.0%) {100.0%}

Histogram: Windows.Enclave.VBS.Available recorded 1 samples, mean = 0.0 (flags = 0x41)
0  -O                                                                        (1 = 100.0%)
1  ... 

Histogram: Windows.Enclave.VBSBasic.Available recorded 1 samples, mean = 0.0 (flags = 0x41)
0  -O                                                                        (1 = 100.0%)
1  ... 

Histogram: Windows.HasHighResolutionTimeTicks recorded 1 samples, mean = 1.0 (flags = 0x41)
0  O                                                                         (0 = 0.0%)
1  -O                                                                        (1 = 100.0%) {0.0%}
2  O                                                                         (0 = 0.0%) {100.0%}

Histogram: Windows.HasThreadTicks recorded 1 samples, mean = 1.0 (flags = 0x41)
0  O                                                                         (0 = 0.0%)
1  -O                                                                        (1 = 100.0%) {0.0%}
2  O                                                                         (0 = 0.0%) {100.0%}

Histogram: Windows.HighResolutionTimerUsage recorded 42 samples, mean = 0.0 (flags = 0x41)
0  ------------------------------------------O                               (42 = 100.0%)
1  ... 

Histogram: Windows.HypervPresent recorded 1 samples, mean = 0.0 (flags = 0x41)
0  -O                                                                        (1 = 100.0%)
1  ... 

Histogram: Windows.LegacyDisplayIdAlgorithm recorded 19 samples, mean = 0.0 (flags = 0x41)
0  -------------------O                                                      (19 = 100.0%)
1  ... 

Histogram: Windows.ParallelDllLoadingEnabled recorded 1 samples, mean = 1.0 (flags = 0x41)
0  O                                                                         (0 = 0.0%)
1  -O                                                                        (1 = 100.0%) {0.0%}
2  O                                                                         (0 = 0.0%) {100.0%}

Histogram: Windows.PatchLevel recorded 1 samples (flags = 0x41)
1717050823  -O                                                                        (1 = 100.0%)

Histogram: Windows.PatchLevelKernel32 recorded 1 samples (flags = 0x41)
1710497223  -O                                                                        (1 = 100.0%)

Histogram: Windows.ProcessorFamily recorded 1 samples (flags = 0x41)
206  -O                                                                        (1 = 100.0%)

Histogram: Windows.ProcessorVirtualizationFirmwareEnabled recorded 1 samples, mean = 1.0 (flags = 0x41)
0  O                                                                         (0 = 0.0%)
1  -O                                                                        (1 = 100.0%) {0.0%}
2  O                                                                         (0 = 0.0%) {100.0%}


